# Blender v3.0.1 OBJ File: 'WoodToy.blend'
# www.blender.org
mtllib WoodToy_Pack.mtl
o Cube_Cube.001
v -11.611180 1.873243 -7.246524
v -11.487865 1.857007 -7.369839
v -11.594660 1.865125 -7.308181
v -11.549523 1.859182 -7.353317
v -11.611180 1.672035 -7.045318
v -11.487865 1.548721 -7.061553
v -11.594660 1.610378 -7.053435
v -11.549523 1.565242 -7.059378
v -11.611180 1.766696 -7.217975
v -11.487865 1.702864 -7.328536
v -11.594660 1.734780 -7.273255
v -11.549523 1.711416 -7.313724
v -11.611180 1.700584 -7.151863
v -11.487865 1.590023 -7.215695
v -11.594660 1.645304 -7.183780
v -11.549523 1.604836 -7.207144
v -11.611180 3.891698 -7.045318
v -11.487865 4.015012 -7.061553
v -11.594660 3.953355 -7.053435
v -11.549523 3.998491 -7.059378
v -11.611180 3.690490 -7.246524
v -11.487865 3.706726 -7.369839
v -11.594660 3.698608 -7.308181
v -11.549523 3.704551 -7.353317
v -11.611180 3.863149 -7.151863
v -11.487865 3.973710 -7.215695
v -11.594660 3.918429 -7.183780
v -11.549523 3.958898 -7.207144
v -11.611180 3.797037 -7.217975
v -11.487865 3.860869 -7.328536
v -11.594660 3.828953 -7.273255
v -11.549523 3.852317 -7.313724
v -8.388819 1.672035 -7.045318
v -8.512134 1.548721 -7.061553
v -8.405340 1.610378 -7.053435
v -8.450477 1.565242 -7.059378
v -8.388819 1.873243 -7.246524
v -8.512134 1.857007 -7.369839
v -8.405340 1.865125 -7.308181
v -8.450477 1.859182 -7.353317
v -8.388819 1.700584 -7.151863
v -8.512134 1.590023 -7.215695
v -8.405340 1.645304 -7.183780
v -8.450477 1.604836 -7.207144
v -8.388819 1.766696 -7.217975
v -8.512134 1.702864 -7.328536
v -8.405340 1.734780 -7.273255
v -8.450477 1.711416 -7.313724
v -8.388819 3.690490 -7.246524
v -8.512134 3.706726 -7.369839
v -8.405340 3.698608 -7.308181
v -8.450477 3.704551 -7.353317
v -8.388819 3.891698 -7.045318
v -8.512134 4.015012 -7.061553
v -8.405340 3.953355 -7.053435
v -8.450477 3.998491 -7.059378
v -8.388819 3.797037 -7.217975
v -8.512134 3.860869 -7.328536
v -8.405340 3.828953 -7.273255
v -8.450477 3.852317 -7.313724
v -8.388819 3.863149 -7.151863
v -8.512134 3.973710 -7.215695
v -8.405340 3.918429 -7.183780
v -8.450477 3.958898 -7.207144
v -11.611181 1.672035 -0.058147
v -11.487866 1.548721 -0.041913
v -11.594660 1.610378 -0.050030
v -11.549523 1.565242 -0.044088
v -11.611181 1.873243 0.143059
v -11.487866 1.857007 0.266374
v -11.594660 1.865125 0.204716
v -11.549523 1.859182 0.249852
v -11.611181 1.700584 0.048398
v -11.487866 1.590023 0.112231
v -11.594660 1.645304 0.080315
v -11.549523 1.604836 0.103679
v -11.611181 1.766696 0.114510
v -11.487866 1.702864 0.225071
v -11.594660 1.734780 0.169791
v -11.549523 1.711416 0.210259
v -11.611181 3.690490 0.143059
v -11.487866 3.706726 0.266374
v -11.594660 3.698608 0.204716
v -11.549523 3.704551 0.249852
v -11.611181 3.891698 -0.058147
v -11.487866 4.015012 -0.041913
v -11.594660 3.953355 -0.050030
v -11.549523 3.998491 -0.044088
v -11.611181 3.797037 0.114510
v -11.487866 3.860869 0.225071
v -11.594660 3.828953 0.169791
v -11.549523 3.852317 0.210259
v -11.611181 3.863149 0.048398
v -11.487866 3.973710 0.112231
v -11.594660 3.918429 0.080315
v -11.549523 3.958898 0.103679
v -8.388820 1.873243 0.143059
v -8.512135 1.857007 0.266374
v -8.405340 1.865125 0.204716
v -8.450477 1.859182 0.249852
v -8.388820 1.672035 -0.058147
v -8.512135 1.548721 -0.041913
v -8.405340 1.610378 -0.050030
v -8.450477 1.565242 -0.044088
v -8.388820 1.766696 0.114510
v -8.512135 1.702864 0.225071
v -8.405340 1.734780 0.169791
v -8.450477 1.711416 0.210259
v -8.388820 1.700584 0.048398
v -8.512135 1.590023 0.112231
v -8.405340 1.645304 0.080315
v -8.450477 1.604836 0.103679
v -8.388820 3.891698 -0.058147
v -8.512135 4.015012 -0.041913
v -8.405340 3.953355 -0.050030
v -8.450477 3.998491 -0.044088
v -8.388820 3.690490 0.143059
v -8.512135 3.706726 0.266374
v -8.405340 3.698608 0.204716
v -8.450477 3.704551 0.249852
v -8.388820 3.863149 0.048398
v -8.512135 3.973710 0.112231
v -8.405340 3.918429 0.080315
v -8.450477 3.958898 0.103679
v -8.388820 3.797037 0.114510
v -8.512135 3.860869 0.225071
v -8.405340 3.828953 0.169791
v -8.450477 3.852317 0.210259
vt 0.179333 0.378309
vt 0.179333 0.007361
vt 0.336583 0.007361
vt 0.336583 0.378309
vt 0.164611 0.543519
vt 0.007361 0.543519
vt 0.007361 0.535086
vt 0.164611 0.535087
vt 0.164611 0.015794
vt 0.007361 0.015794
vt 0.007361 0.007361
vt 0.164611 0.007361
vt 0.689700 0.714900
vt 0.688165 0.721996
vt 0.684256 0.726327
vt 0.677856 0.728431
vt 0.569137 0.734368
vt 0.562609 0.732851
vt 0.558383 0.728902
vt 0.556366 0.722157
vt 0.556441 0.423477
vt 0.557976 0.416381
vt 0.561885 0.412050
vt 0.568285 0.409946
vt 0.677004 0.404009
vt 0.683531 0.405526
vt 0.687758 0.409475
vt 0.689775 0.416220
vt 0.164611 0.551952
vt 0.007361 0.551952
vt 0.179333 0.386742
vt 0.336583 0.386742
vt 0.336583 0.395175
vt 0.179333 0.395174
vt 0.164611 0.032660
vt 0.007361 0.032660
vt 0.007361 0.024227
vt 0.164611 0.024227
vt 0.336583 0.403607
vt 0.336583 0.501355
vt 0.179333 0.501355
vt 0.179333 0.403608
vt 0.007361 0.403607
vt 0.164611 0.403607
vt 0.499258 0.714900
vt 0.497723 0.721997
vt 0.493814 0.726328
vt 0.487414 0.728432
vt 0.378695 0.734369
vt 0.372167 0.732852
vt 0.367941 0.728903
vt 0.365924 0.722158
vt 0.365999 0.423478
vt 0.367534 0.416382
vt 0.371443 0.412050
vt 0.377843 0.409947
vt 0.486562 0.404010
vt 0.493089 0.405527
vt 0.497316 0.409476
vt 0.499333 0.416221
vt 0.007361 0.526654
vt 0.164611 0.526653
vt 0.007361 0.420473
vt 0.164611 0.420473
vt 0.164611 0.428906
vt 0.007361 0.428906
vt 0.007361 0.412041
vt 0.164611 0.412040
vt 0.503934 0.715313
vt 0.501495 0.724083
vt 0.508781 0.716014
vt 0.505242 0.726351
vt 0.513952 0.717028
vt 0.509067 0.728867
vt 0.691327 0.407143
vt 0.694372 0.415617
vt 0.694860 0.404564
vt 0.699218 0.414699
vt 0.698637 0.401557
vt 0.704394 0.413427
vt 0.495996 0.729692
vt 0.498225 0.733110
vt 0.500610 0.736827
vt 0.685441 0.401949
vt 0.687322 0.398258
vt 0.689219 0.394374
vt 0.488205 0.732336
vt 0.489077 0.736310
vt 0.490021 0.740397
vt 0.677405 0.400073
vt 0.677865 0.396046
vt 0.678381 0.391844
vt 0.551765 0.423065
vt 0.554204 0.414295
vt 0.546918 0.422364
vt 0.550457 0.412027
vt 0.541747 0.421350
vt 0.546632 0.409511
vt 0.364372 0.731235
vt 0.361327 0.722761
vt 0.360839 0.733814
vt 0.356481 0.723679
vt 0.357062 0.736821
vt 0.351305 0.724951
vt 0.559703 0.408686
vt 0.557474 0.405268
vt 0.555088 0.401551
vt 0.370258 0.736429
vt 0.368376 0.740120
vt 0.366480 0.744003
vt 0.567494 0.406042
vt 0.566622 0.402068
vt 0.565678 0.397981
vt 0.378294 0.738305
vt 0.377834 0.742332
vt 0.377318 0.746534
vt 0.694376 0.715312
vt 0.691937 0.724082
vt 0.699223 0.716013
vt 0.695684 0.726350
vt 0.704394 0.717027
vt 0.699509 0.728866
vt 0.500885 0.407144
vt 0.503930 0.415618
vt 0.504418 0.404565
vt 0.508776 0.414700
vt 0.508195 0.401558
vt 0.513952 0.413428
vt 0.686438 0.729691
vt 0.688667 0.733109
vt 0.691052 0.736827
vt 0.494999 0.401950
vt 0.496881 0.398259
vt 0.498777 0.394376
vt 0.678647 0.732335
vt 0.679519 0.736309
vt 0.680463 0.740396
vt 0.486963 0.400074
vt 0.487423 0.396047
vt 0.487939 0.391845
vt 0.361323 0.423066
vt 0.363762 0.414295
vt 0.356476 0.422364
vt 0.360015 0.412028
vt 0.351305 0.421351
vt 0.356190 0.409512
vt 0.554814 0.731234
vt 0.551769 0.722760
vt 0.551281 0.733813
vt 0.546923 0.723678
vt 0.547504 0.736820
vt 0.541747 0.724950
vt 0.369261 0.408686
vt 0.367032 0.405269
vt 0.364647 0.401551
vt 0.560700 0.736428
vt 0.558818 0.740119
vt 0.556922 0.744002
vt 0.377052 0.406042
vt 0.376180 0.402069
vt 0.375236 0.397982
vt 0.568736 0.738304
vt 0.568276 0.742331
vt 0.567760 0.746532
vn 0.1302 -0.9830 -0.1294
vn 0.1302 -0.9830 0.1294
vn -0.1302 -0.9830 0.1294
vn -0.1302 -0.9830 -0.1294
vn -0.1320 -0.8584 0.4956
vn 0.1320 -0.8584 0.4956
vn 0.1320 -0.4956 0.8584
vn -0.1320 -0.4956 0.8584
vn -0.1320 0.4956 -0.8584
vn 0.1320 0.4956 -0.8584
vn 0.1302 0.1294 -0.9830
vn -0.1302 0.1294 -0.9830
vn -0.9901 -0.1388 0.0183
vn -0.9891 -0.1272 0.0734
vn -0.9891 -0.0734 0.1272
vn -0.9901 -0.0183 0.1388
vn -0.9901 0.0183 0.1388
vn -0.9891 0.0734 0.1272
vn -0.9891 0.1272 0.0734
vn -0.9901 0.1388 0.0183
vn -0.9901 0.1388 -0.0183
vn -0.9891 0.1272 -0.0734
vn -0.9891 0.0734 -0.1272
vn -0.9901 0.0183 -0.1388
vn -0.9901 -0.0183 -0.1388
vn -0.9891 -0.0734 -0.1272
vn -0.9891 -0.1272 -0.0734
vn -0.9901 -0.1388 -0.0183
vn 0.1320 -0.8584 -0.4956
vn -0.1320 -0.8584 -0.4956
vn -0.1320 -0.4956 -0.8584
vn 0.1320 -0.4956 -0.8584
vn -0.1302 0.9830 -0.1294
vn 0.1302 0.9830 -0.1294
vn 0.1320 0.8584 -0.4956
vn -0.1320 0.8584 -0.4956
vn -0.1302 -0.1294 -0.9830
vn 0.1302 -0.1294 -0.9830
vn 0.1302 0.9830 0.1294
vn -0.1302 0.9830 0.1294
vn 0.9901 -0.1388 -0.0183
vn 0.9891 -0.1272 -0.0734
vn 0.9891 -0.0734 -0.1272
vn 0.9901 -0.0183 -0.1388
vn 0.9901 0.0183 -0.1388
vn 0.9891 0.0734 -0.1272
vn 0.9891 0.1272 -0.0734
vn 0.9901 0.1388 -0.0183
vn 0.9901 0.1388 0.0183
vn 0.9891 0.1272 0.0734
vn 0.9891 0.0734 0.1272
vn 0.9901 0.0183 0.1388
vn 0.9901 -0.0183 0.1388
vn 0.9891 -0.0734 0.1272
vn 0.9891 -0.1272 0.0734
vn 0.9901 -0.1388 0.0183
vn 0.1302 -0.1294 0.9830
vn -0.1302 -0.1294 0.9830
vn 0.1320 0.4956 0.8584
vn -0.1320 0.4956 0.8584
vn -0.1302 0.1294 0.9830
vn 0.1302 0.1294 0.9830
vn 0.1320 0.8584 0.4956
vn -0.1320 0.8584 0.4956
vn 0.8584 -0.5086 -0.0670
vn 0.8544 -0.4500 -0.2598
vn 0.4936 -0.8622 -0.1135
vn 0.4931 -0.7534 -0.4350
vn -0.8544 -0.4500 -0.2598
vn -0.8584 -0.5086 -0.0670
vn -0.4931 -0.7534 -0.4350
vn -0.4936 -0.8622 -0.1135
vn 0.8544 -0.2598 -0.4500
vn 0.4931 -0.4350 -0.7534
vn -0.8544 -0.2598 -0.4500
vn -0.4931 -0.4350 -0.7534
vn 0.8584 -0.0670 -0.5086
vn 0.4936 -0.1135 -0.8622
vn -0.8584 -0.0670 -0.5086
vn -0.4936 -0.1135 -0.8622
vn -0.8584 0.5086 -0.0670
vn -0.8544 0.4500 -0.2598
vn -0.4936 0.8622 -0.1135
vn -0.4931 0.7534 -0.4350
vn 0.8544 0.4500 -0.2598
vn 0.8584 0.5086 -0.0670
vn 0.4931 0.7534 -0.4350
vn 0.4936 0.8622 -0.1135
vn -0.8544 0.2598 -0.4500
vn -0.4931 0.4350 -0.7534
vn 0.8544 0.2598 -0.4500
vn 0.4931 0.4350 -0.7534
vn -0.8584 0.0670 -0.5086
vn -0.4936 0.1135 -0.8622
vn 0.8584 0.0670 -0.5086
vn 0.4936 0.1135 -0.8622
vn -0.8584 -0.5086 0.0670
vn -0.8544 -0.4500 0.2598
vn -0.4936 -0.8622 0.1135
vn -0.4931 -0.7534 0.4350
vn 0.8544 -0.4500 0.2598
vn 0.8584 -0.5086 0.0670
vn 0.4931 -0.7534 0.4350
vn 0.4936 -0.8622 0.1135
vn -0.8544 -0.2598 0.4500
vn -0.4931 -0.4350 0.7534
vn 0.8544 -0.2598 0.4500
vn 0.4931 -0.4350 0.7534
vn -0.8584 -0.0670 0.5086
vn -0.4936 -0.1135 0.8622
vn 0.8584 -0.0670 0.5086
vn 0.4936 -0.1135 0.8622
vn 0.8584 0.5086 0.0670
vn 0.8544 0.4500 0.2598
vn 0.4936 0.8622 0.1135
vn 0.4931 0.7534 0.4350
vn -0.8544 0.4500 0.2598
vn -0.8584 0.5086 0.0670
vn -0.4931 0.7534 0.4350
vn -0.4936 0.8622 0.1135
vn 0.8544 0.2598 0.4500
vn 0.4931 0.4350 0.7534
vn -0.8544 0.2598 0.4500
vn -0.4931 0.4350 0.7534
vn 0.8584 0.0670 0.5086
vn 0.4936 0.1135 0.8622
vn -0.8584 0.0670 0.5086
vn -0.4936 0.1135 0.8622
usemtl WoodToy1
s 1
f 34/1/1 102/2/2 66/3/3 6/4/4
f 74/5/5 110/6/6 106/7/7 78/8/8
f 30/9/9 58/10/10 50/11/11 22/12/12
f 65/13/13 73/14/14 77/15/15 69/16/16 81/17/17 89/18/18 93/19/19 85/20/20 17/21/21 25/22/22 29/23/23 21/24/24 1/25/25 9/26/26 13/27/27 5/28/28
f 66/29/3 102/30/2 110/6/6 74/5/5
f 42/31/29 14/32/30 10/33/31 46/34/32
f 18/35/33 54/36/34 62/37/35 26/38/36
f 2/39/37 22/40/12 50/41/11 38/42/38
f 114/43/39 54/36/34 18/35/33 86/44/40
f 33/45/41 41/46/42 45/47/43 37/48/44 49/49/45 57/50/46 61/51/47 53/52/48 113/53/49 121/54/50 125/55/51 117/56/52 97/57/53 105/58/54 109/59/55 101/60/56
f 26/38/36 62/37/35 58/10/10 30/9/9
f 78/8/8 106/7/7 98/61/57 70/62/58
f 126/63/59 90/64/60 82/65/61 118/66/62
f 98/61/57 118/66/62 82/65/61 70/62/58
f 122/67/63 94/68/64 90/64/60 126/63/59
f 114/43/39 86/44/40 94/68/64 122/67/63
f 34/1/1 6/4/4 14/32/30 42/31/29
f 41/46/42 33/45/41 35/69/65 43/70/66
f 43/70/66 35/69/65 36/71/67 44/72/68
f 44/72/68 36/71/67 34/73/1 42/74/29
f 5/28/28 13/27/27 15/75/69 7/76/70
f 7/76/70 15/75/69 16/77/71 8/78/72
f 8/78/72 16/77/71 14/79/30 6/80/4
f 45/47/43 41/46/42 43/70/66 47/81/73
f 47/81/73 43/70/66 44/72/68 48/82/74
f 48/82/74 44/72/68 42/74/29 46/83/32
f 13/27/27 9/26/26 11/84/75 15/75/69
f 15/75/69 11/84/75 12/85/76 16/77/71
f 16/77/71 12/85/76 10/86/31 14/79/30
f 37/48/44 45/47/43 47/81/73 39/87/77
f 39/87/77 47/81/73 48/82/74 40/88/78
f 40/88/78 48/82/74 46/83/32 38/89/38
f 9/26/26 1/25/25 3/90/79 11/84/75
f 11/84/75 3/90/79 4/91/80 12/85/76
f 12/85/76 4/91/80 2/92/37 10/86/31
f 25/22/22 17/21/21 19/93/81 27/94/82
f 27/94/82 19/93/81 20/95/83 28/96/84
f 28/96/84 20/95/83 18/97/33 26/98/36
f 53/52/48 61/51/47 63/99/85 55/100/86
f 55/100/86 63/99/85 64/101/87 56/102/88
f 56/102/88 64/101/87 62/103/35 54/104/34
f 29/23/23 25/22/22 27/94/82 31/105/89
f 31/105/89 27/94/82 28/96/84 32/106/90
f 32/106/90 28/96/84 26/98/36 30/107/9
f 61/51/47 57/50/46 59/108/91 63/99/85
f 63/99/85 59/108/91 60/109/92 64/101/87
f 64/101/87 60/109/92 58/110/10 62/103/35
f 21/24/24 29/23/23 31/105/89 23/111/93
f 23/111/93 31/105/89 32/106/90 24/112/94
f 24/112/94 32/106/90 30/107/9 22/113/12
f 57/50/46 49/49/45 51/114/95 59/108/91
f 59/108/91 51/114/95 52/115/96 60/109/92
f 60/109/92 52/115/96 50/116/11 58/110/10
f 73/14/14 65/13/13 67/117/97 75/118/98
f 75/118/98 67/117/97 68/119/99 76/120/100
f 76/120/100 68/119/99 66/121/3 74/122/5
f 101/60/56 109/59/55 111/123/101 103/124/102
f 103/124/102 111/123/101 112/125/103 104/126/104
f 104/126/104 112/125/103 110/127/6 102/128/2
f 77/15/15 73/14/14 75/118/98 79/129/105
f 79/129/105 75/118/98 76/120/100 80/130/106
f 80/130/106 76/120/100 74/122/5 78/131/8
f 109/59/55 105/58/54 107/132/107 111/123/101
f 111/123/101 107/132/107 108/133/108 112/125/103
f 112/125/103 108/133/108 106/134/7 110/127/6
f 69/16/16 77/15/15 79/129/105 71/135/109
f 71/135/109 79/129/105 80/130/106 72/136/110
f 72/136/110 80/130/106 78/131/8 70/137/58
f 105/58/54 97/57/53 99/138/111 107/132/107
f 107/132/107 99/138/111 100/139/112 108/133/108
f 108/133/108 100/139/112 98/140/57 106/134/7
f 121/54/50 113/53/49 115/141/113 123/142/114
f 123/142/114 115/141/113 116/143/115 124/144/116
f 124/144/116 116/143/115 114/145/39 122/146/63
f 85/20/20 93/19/19 95/147/117 87/148/118
f 87/148/118 95/147/117 96/149/119 88/150/120
f 88/150/120 96/149/119 94/151/64 86/152/40
f 125/55/51 121/54/50 123/142/114 127/153/121
f 127/153/121 123/142/114 124/144/116 128/154/122
f 128/154/122 124/144/116 122/146/63 126/155/59
f 93/19/19 89/18/18 91/156/123 95/147/117
f 95/147/117 91/156/123 92/157/124 96/149/119
f 96/149/119 92/157/124 90/158/60 94/151/64
f 117/56/52 125/55/51 127/153/121 119/159/125
f 119/159/125 127/153/121 128/154/122 120/160/126
f 120/160/126 128/154/122 126/155/59 118/161/62
f 89/18/18 81/17/17 83/162/127 91/156/123
f 91/156/123 83/162/127 84/163/128 92/157/124
f 92/157/124 84/163/128 82/164/61 90/158/60
f 33/45/41 101/60/56 103/124/102 35/69/65
f 35/69/65 103/124/102 104/126/104 36/71/67
f 36/71/67 104/126/104 102/128/2 34/73/1
f 65/13/13 5/28/28 7/76/70 67/117/97
f 67/117/97 7/76/70 8/78/72 68/119/99
f 68/119/99 8/78/72 6/80/4 66/121/3
f 1/25/25 21/24/24 23/111/93 3/90/79
f 3/90/79 23/111/93 24/112/94 4/91/80
f 4/91/80 24/112/94 22/113/12 2/92/37
f 49/49/45 37/48/44 39/87/77 51/114/95
f 51/114/95 39/87/77 40/88/78 52/115/96
f 52/115/96 40/88/78 38/89/38 50/116/11
f 70/137/58 82/164/61 84/163/128 72/136/110
f 72/136/110 84/163/128 83/162/127 71/135/109
f 71/135/109 83/162/127 81/17/17 69/16/16
f 86/152/40 18/97/33 20/95/83 88/150/120
f 88/150/120 20/95/83 19/93/81 87/148/118
f 87/148/118 19/93/81 17/21/21 85/20/20
f 113/53/49 53/52/48 55/100/86 115/141/113
f 115/141/113 55/100/86 56/102/88 116/143/115
f 116/143/115 56/102/88 54/104/34 114/145/39
f 118/161/62 98/140/57 100/139/112 120/160/126
f 120/160/126 100/139/112 99/138/111 119/159/125
f 119/159/125 99/138/111 97/57/53 117/56/52
f 46/34/32 10/33/31 2/39/37 38/42/38
o Cube.001_Cube.002
v -11.399219 0.721590 -7.223808
v -11.275904 0.705355 -7.347123
v -11.382697 0.713472 -7.285466
v -11.337562 0.707530 -7.330602
v -11.399219 0.520383 -7.022602
v -11.275904 0.397069 -7.038836
v -11.382697 0.458726 -7.030719
v -11.337562 0.413590 -7.036662
v -11.399219 0.615044 -7.195260
v -11.275904 0.551212 -7.305820
v -11.382697 0.583128 -7.250540
v -11.337562 0.559764 -7.291008
v -11.399219 0.548932 -7.129148
v -11.275904 0.438371 -7.192980
v -11.382697 0.493652 -7.161064
v -11.337562 0.453184 -7.184428
v -11.399219 1.401682 -7.022602
v -11.275904 1.524997 -7.038836
v -11.382697 1.463340 -7.030719
v -11.337562 1.508476 -7.036662
v -11.399219 1.200476 -7.223808
v -11.275904 1.216711 -7.347123
v -11.382697 1.208593 -7.285466
v -11.337562 1.214536 -7.330602
v -11.399219 1.373134 -7.129148
v -11.275904 1.483695 -7.192980
v -11.382697 1.428414 -7.161064
v -11.337562 1.468882 -7.184428
v -11.399219 1.307022 -7.195260
v -11.275904 1.370854 -7.305820
v -11.382697 1.338938 -7.250540
v -11.337562 1.362302 -7.291008
v -8.600781 0.520383 -7.022602
v -8.724096 0.397069 -7.038836
v -8.617303 0.458726 -7.030719
v -8.662438 0.413590 -7.036662
v -8.600781 0.721589 -7.223808
v -8.724096 0.705355 -7.347123
v -8.617303 0.713472 -7.285466
v -8.662438 0.707530 -7.330602
v -8.600781 0.548932 -7.129148
v -8.724096 0.438371 -7.192980
v -8.617303 0.493652 -7.161064
v -8.662438 0.453184 -7.184428
v -8.600781 0.615044 -7.195260
v -8.724096 0.551212 -7.305820
v -8.617303 0.583128 -7.250540
v -8.662438 0.559764 -7.291008
v -8.600781 1.200476 -7.223808
v -8.724096 1.216711 -7.347123
v -8.617303 1.208593 -7.285466
v -8.662438 1.214536 -7.330602
v -8.600781 1.401682 -7.022602
v -8.724096 1.524997 -7.038836
v -8.617303 1.463340 -7.030719
v -8.662438 1.508476 -7.036662
v -8.600781 1.307022 -7.195260
v -8.724096 1.370854 -7.305820
v -8.617303 1.338938 -7.250540
v -8.662438 1.362302 -7.291008
v -8.600781 1.373134 -7.129148
v -8.724096 1.483695 -7.192980
v -8.617303 1.428414 -7.161064
v -8.662438 1.468882 -7.184428
v -11.399219 0.520383 -5.145728
v -11.275904 0.397069 -5.129494
v -11.382697 0.458726 -5.137611
v -11.337562 0.413590 -5.131669
v -11.399219 0.721589 -4.944522
v -11.275904 0.705355 -4.821207
v -11.382697 0.713472 -4.882864
v -11.337562 0.707530 -4.837728
v -11.399219 0.548932 -5.039183
v -11.275904 0.438371 -4.975350
v -11.382697 0.493652 -5.007267
v -11.337562 0.453184 -4.983902
v -11.399219 0.615044 -4.973071
v -11.275904 0.551212 -4.862510
v -11.382697 0.583128 -4.917790
v -11.337562 0.559764 -4.877322
v -11.399219 1.200476 -4.944522
v -11.275904 1.216711 -4.821207
v -11.382697 1.208593 -4.882864
v -11.337562 1.214536 -4.837728
v -11.399219 1.401682 -5.145728
v -11.275904 1.524997 -5.129494
v -11.382697 1.463340 -5.137611
v -11.337562 1.508476 -5.131669
v -11.399219 1.307022 -4.973071
v -11.275904 1.370854 -4.862510
v -11.382697 1.338938 -4.917790
v -11.337562 1.362302 -4.877322
v -11.399219 1.373134 -5.039183
v -11.275904 1.483695 -4.975350
v -11.382697 1.428414 -5.007267
v -11.337562 1.468882 -4.983902
v -8.600781 0.721590 -4.944522
v -8.724096 0.705355 -4.821207
v -8.617303 0.713472 -4.882864
v -8.662438 0.707530 -4.837728
v -8.600781 0.520383 -5.145728
v -8.724096 0.397069 -5.129494
v -8.617303 0.458726 -5.137611
v -8.662438 0.413590 -5.131669
v -8.600781 0.615044 -4.973071
v -8.724096 0.551212 -4.862510
v -8.617303 0.583128 -4.917790
v -8.662438 0.559764 -4.877322
v -8.600781 0.548932 -5.039183
v -8.724096 0.438371 -4.975350
v -8.617303 0.493652 -5.007267
v -8.662438 0.453184 -4.983902
v -8.600781 1.401682 -5.145728
v -8.724096 1.524997 -5.129494
v -8.617303 1.463340 -5.137611
v -8.662438 1.508476 -5.131669
v -8.600781 1.200476 -4.944522
v -8.724096 1.216711 -4.821207
v -8.617303 1.208593 -4.882864
v -8.662438 1.214536 -4.837728
v -8.600781 1.373134 -5.039183
v -8.724096 1.483695 -4.975350
v -8.617303 1.428414 -5.007266
v -8.662438 1.468882 -4.983902
v -8.600781 1.307022 -4.973071
v -8.724096 1.370854 -4.862510
v -8.617303 1.338938 -4.917790
v -8.662438 1.362302 -4.877322
vt 0.732189 0.181761
vt 0.732189 0.083190
vt 0.863927 0.083190
vt 0.863927 0.181761
vt 0.863927 0.074952
vt 0.732189 0.074952
vt 0.732189 0.066713
vt 0.863927 0.066714
vt 0.863927 0.241114
vt 0.732189 0.241114
vt 0.732189 0.232875
vt 0.863927 0.232875
vt 0.061888 0.828183
vt 0.060453 0.833445
vt 0.057251 0.836677
vt 0.052022 0.838114
vt 0.027418 0.838064
vt 0.022167 0.836588
vt 0.018952 0.833353
vt 0.017548 0.828086
vt 0.017525 0.730242
vt 0.018961 0.724980
vt 0.022162 0.721748
vt 0.027391 0.720311
vt 0.051996 0.720361
vt 0.057246 0.721837
vt 0.060462 0.725072
vt 0.061865 0.730339
vt 0.732189 0.190000
vt 0.863927 0.190000
vt 0.863927 0.198238
vt 0.732189 0.198238
vt 0.863927 0.257591
vt 0.732189 0.257591
vt 0.732189 0.249352
vt 0.863927 0.249352
vt 0.863927 0.206476
vt 0.732189 0.206476
vt 0.732189 0.356162
vt 0.863927 0.356161
vt 0.920226 0.877698
vt 0.918790 0.882959
vt 0.915589 0.886191
vt 0.910360 0.887628
vt 0.885756 0.887579
vt 0.880505 0.886103
vt 0.877289 0.882868
vt 0.875886 0.877601
vt 0.875863 0.779756
vt 0.877299 0.774495
vt 0.880500 0.771263
vt 0.885729 0.769826
vt 0.910333 0.769875
vt 0.915584 0.771352
vt 0.918800 0.774587
vt 0.920203 0.779854
vt 0.732189 0.058475
vt 0.863927 0.058475
vt 0.732189 0.023837
vt 0.863927 0.023838
vt 0.863927 0.032076
vt 0.732189 0.032076
vt 0.732189 0.015599
vt 0.863927 0.015599
vt 0.732189 0.007361
vt 0.863927 0.007361
vt 0.923496 0.878170
vt 0.921587 0.884613
vt 0.926852 0.878740
vt 0.924408 0.886328
vt 0.930390 0.879415
vt 0.927350 0.888146
vt 0.063216 0.723441
vt 0.065155 0.729870
vt 0.065993 0.721698
vt 0.068530 0.729286
vt 0.069015 0.719761
vt 0.072052 0.728602
vt 0.917233 0.888925
vt 0.918987 0.891685
vt 0.920942 0.894692
vt 0.058921 0.719047
vt 0.060657 0.716228
vt 0.062504 0.713286
vt 0.910840 0.890884
vt 0.911428 0.894239
vt 0.912110 0.897789
vt 0.052480 0.717111
vt 0.053054 0.713753
vt 0.053736 0.710160
vt 0.014255 0.729770
vt 0.016164 0.723327
vt 0.010899 0.729200
vt 0.013343 0.721612
vt 0.007361 0.728524
vt 0.010401 0.719793
vt 0.874535 0.884499
vt 0.872596 0.878070
vt 0.871758 0.886242
vt 0.869221 0.878654
vt 0.868737 0.888179
vt 0.865699 0.879337
vt 0.020518 0.719015
vt 0.018764 0.716255
vt 0.016809 0.713248
vt 0.878830 0.888893
vt 0.877094 0.891712
vt 0.875247 0.894654
vt 0.026911 0.717055
vt 0.026323 0.713700
vt 0.025641 0.710151
vt 0.885271 0.890829
vt 0.884697 0.894186
vt 0.884016 0.897779
vt 0.065158 0.828655
vt 0.063249 0.835099
vt 0.068514 0.829225
vt 0.066070 0.836813
vt 0.072052 0.829901
vt 0.069012 0.838632
vt 0.921554 0.772955
vt 0.923493 0.779385
vt 0.924331 0.771213
vt 0.926868 0.778801
vt 0.927352 0.769275
vt 0.930390 0.778117
vt 0.058895 0.839410
vt 0.060650 0.842170
vt 0.062604 0.845177
vt 0.917259 0.768562
vt 0.918995 0.765743
vt 0.920842 0.762800
vt 0.052502 0.841370
vt 0.053090 0.844725
vt 0.053773 0.848274
vt 0.910818 0.766626
vt 0.911391 0.763268
vt 0.912073 0.759675
vt 0.872593 0.779284
vt 0.874502 0.772841
vt 0.869237 0.778715
vt 0.871681 0.771127
vt 0.865699 0.778039
vt 0.868739 0.769308
vt 0.016198 0.834984
vt 0.014258 0.828555
vt 0.013421 0.836727
vt 0.010883 0.829139
vt 0.010399 0.838664
vt 0.007361 0.829823
vt 0.878856 0.768530
vt 0.877102 0.765769
vt 0.875147 0.762763
vt 0.020493 0.839378
vt 0.018757 0.842197
vt 0.016909 0.845140
vt 0.885249 0.766570
vt 0.884661 0.763215
vt 0.883979 0.759666
vt 0.026934 0.841314
vt 0.026360 0.844672
vt 0.025678 0.848265
vn 0.1302 -0.9830 -0.1294
vn 0.1302 -0.9830 0.1294
vn -0.1302 -0.9830 0.1294
vn -0.1302 -0.9830 -0.1294
vn -0.1320 -0.8584 0.4956
vn 0.1320 -0.8584 0.4956
vn 0.1320 -0.4956 0.8584
vn -0.1320 -0.4956 0.8584
vn -0.1320 0.4956 -0.8584
vn 0.1320 0.4956 -0.8584
vn 0.1302 0.1294 -0.9830
vn -0.1302 0.1294 -0.9830
vn -0.9901 -0.1388 0.0183
vn -0.9891 -0.1272 0.0734
vn -0.9891 -0.0734 0.1272
vn -0.9901 -0.0183 0.1388
vn -0.9901 0.0183 0.1388
vn -0.9891 0.0734 0.1272
vn -0.9891 0.1272 0.0734
vn -0.9901 0.1388 0.0183
vn -0.9901 0.1388 -0.0183
vn -0.9891 0.1272 -0.0734
vn -0.9891 0.0734 -0.1272
vn -0.9901 0.0183 -0.1388
vn -0.9901 -0.0183 -0.1388
vn -0.9891 -0.0734 -0.1272
vn -0.9891 -0.1272 -0.0734
vn -0.9901 -0.1388 -0.0183
vn 0.1320 -0.8584 -0.4956
vn -0.1320 -0.8584 -0.4956
vn -0.1320 -0.4956 -0.8584
vn 0.1320 -0.4956 -0.8584
vn -0.1302 0.9830 -0.1294
vn 0.1302 0.9830 -0.1294
vn 0.1320 0.8584 -0.4956
vn -0.1320 0.8584 -0.4956
vn -0.1302 -0.1294 -0.9830
vn 0.1302 -0.1294 -0.9830
vn 0.1302 0.9830 0.1294
vn -0.1302 0.9830 0.1294
vn 0.9901 -0.1388 -0.0183
vn 0.9891 -0.1272 -0.0734
vn 0.9891 -0.0734 -0.1272
vn 0.9901 -0.0183 -0.1388
vn 0.9901 0.0183 -0.1388
vn 0.9891 0.0734 -0.1272
vn 0.9891 0.1272 -0.0734
vn 0.9901 0.1388 -0.0183
vn 0.9901 0.1388 0.0183
vn 0.9891 0.1272 0.0734
vn 0.9891 0.0734 0.1272
vn 0.9901 0.0183 0.1388
vn 0.9901 -0.0183 0.1388
vn 0.9891 -0.0734 0.1272
vn 0.9891 -0.1272 0.0734
vn 0.9901 -0.1388 0.0183
vn 0.1302 -0.1294 0.9830
vn -0.1302 -0.1294 0.9830
vn 0.1320 0.4956 0.8584
vn -0.1320 0.4956 0.8584
vn -0.1302 0.1294 0.9830
vn 0.1302 0.1294 0.9830
vn 0.1320 0.8584 0.4956
vn -0.1320 0.8584 0.4956
vn 0.8584 -0.5086 -0.0670
vn 0.8544 -0.4500 -0.2598
vn 0.4936 -0.8622 -0.1135
vn 0.4931 -0.7534 -0.4350
vn -0.8544 -0.4500 -0.2598
vn -0.8584 -0.5086 -0.0670
vn -0.4931 -0.7534 -0.4350
vn -0.4936 -0.8622 -0.1135
vn 0.8544 -0.2598 -0.4500
vn 0.4931 -0.4350 -0.7534
vn -0.8544 -0.2598 -0.4500
vn -0.4931 -0.4350 -0.7534
vn 0.8584 -0.0670 -0.5086
vn 0.4936 -0.1135 -0.8622
vn -0.8584 -0.0670 -0.5086
vn -0.4936 -0.1135 -0.8622
vn -0.8584 0.5086 -0.0670
vn -0.8544 0.4500 -0.2598
vn -0.4936 0.8622 -0.1135
vn -0.4931 0.7534 -0.4350
vn 0.8544 0.4500 -0.2598
vn 0.8584 0.5086 -0.0670
vn 0.4931 0.7534 -0.4350
vn 0.4936 0.8622 -0.1135
vn -0.8544 0.2598 -0.4500
vn -0.4931 0.4350 -0.7534
vn 0.8544 0.2598 -0.4500
vn 0.4931 0.4350 -0.7534
vn -0.8584 0.0670 -0.5086
vn -0.4936 0.1135 -0.8622
vn 0.8584 0.0670 -0.5086
vn 0.4936 0.1135 -0.8622
vn -0.8584 -0.5086 0.0670
vn -0.8544 -0.4500 0.2598
vn -0.4936 -0.8622 0.1135
vn -0.4931 -0.7534 0.4350
vn 0.8544 -0.4500 0.2598
vn 0.8584 -0.5086 0.0670
vn 0.4931 -0.7534 0.4350
vn 0.4936 -0.8622 0.1135
vn -0.8544 -0.2598 0.4500
vn -0.4931 -0.4350 0.7534
vn 0.8544 -0.2598 0.4500
vn 0.4931 -0.4350 0.7534
vn -0.8584 -0.0670 0.5086
vn -0.4936 -0.1135 0.8622
vn 0.8584 -0.0670 0.5086
vn 0.4936 -0.1135 0.8622
vn 0.8584 0.5086 0.0670
vn 0.8544 0.4500 0.2598
vn 0.4936 0.8622 0.1135
vn 0.4931 0.7534 0.4350
vn -0.8544 0.4500 0.2598
vn -0.8584 0.5086 0.0670
vn -0.4931 0.7534 0.4350
vn -0.4936 0.8622 0.1135
vn 0.8544 0.2598 0.4500
vn 0.4931 0.4350 0.7534
vn -0.8544 0.2598 0.4500
vn -0.4931 0.4350 0.7534
vn 0.8584 0.0670 0.5086
vn 0.4936 0.1135 0.8622
vn -0.8584 0.0670 0.5086
vn -0.4936 0.1135 0.8622
usemtl WoodToy1
s 1
f 162/165/129 230/166/130 194/167/131 134/168/132
f 202/169/133 238/170/134 234/171/135 206/172/136
f 158/173/137 186/174/138 178/175/139 150/176/140
f 193/177/141 201/178/142 205/179/143 197/180/144 209/181/145 217/182/146 221/183/147 213/184/148 145/185/149 153/186/150 157/187/151 149/188/152 129/189/153 137/190/154 141/191/155 133/192/156
f 194/167/131 230/166/130 238/170/134 202/169/133
f 170/193/157 142/194/158 138/195/159 174/196/160
f 146/197/161 182/198/162 190/199/163 154/200/164
f 130/201/165 150/176/140 178/175/139 166/202/166
f 242/203/167 182/198/162 146/197/161 214/204/168
f 161/205/169 169/206/170 173/207/171 165/208/172 177/209/173 185/210/174 189/211/175 181/212/176 241/213/177 249/214/178 253/215/179 245/216/180 225/217/181 233/218/182 237/219/183 229/220/184
f 154/200/164 190/199/163 186/174/138 158/173/137
f 206/172/136 234/171/135 226/221/185 198/222/186
f 254/223/187 218/224/188 210/225/189 246/226/190
f 226/221/185 246/226/190 210/225/189 198/222/186
f 250/227/191 222/228/192 218/224/188 254/223/187
f 242/229/167 214/230/168 222/228/192 250/227/191
f 162/165/129 134/168/132 142/194/158 170/193/157
f 169/206/170 161/205/169 163/231/193 171/232/194
f 171/232/194 163/231/193 164/233/195 172/234/196
f 172/234/196 164/233/195 162/235/129 170/236/157
f 133/192/156 141/191/155 143/237/197 135/238/198
f 135/238/198 143/237/197 144/239/199 136/240/200
f 136/240/200 144/239/199 142/241/158 134/242/132
f 173/207/171 169/206/170 171/232/194 175/243/201
f 175/243/201 171/232/194 172/234/196 176/244/202
f 176/244/202 172/234/196 170/236/157 174/245/160
f 141/191/155 137/190/154 139/246/203 143/237/197
f 143/237/197 139/246/203 140/247/204 144/239/199
f 144/239/199 140/247/204 138/248/159 142/241/158
f 165/208/172 173/207/171 175/243/201 167/249/205
f 167/249/205 175/243/201 176/244/202 168/250/206
f 168/250/206 176/244/202 174/245/160 166/251/166
f 137/190/154 129/189/153 131/252/207 139/246/203
f 139/246/203 131/252/207 132/253/208 140/247/204
f 140/247/204 132/253/208 130/254/165 138/248/159
f 153/186/150 145/185/149 147/255/209 155/256/210
f 155/256/210 147/255/209 148/257/211 156/258/212
f 156/258/212 148/257/211 146/259/161 154/260/164
f 181/212/176 189/211/175 191/261/213 183/262/214
f 183/262/214 191/261/213 192/263/215 184/264/216
f 184/264/216 192/263/215 190/265/163 182/266/162
f 157/187/151 153/186/150 155/256/210 159/267/217
f 159/267/217 155/256/210 156/258/212 160/268/218
f 160/268/218 156/258/212 154/260/164 158/269/137
f 189/211/175 185/210/174 187/270/219 191/261/213
f 191/261/213 187/270/219 188/271/220 192/263/215
f 192/263/215 188/271/220 186/272/138 190/265/163
f 149/188/152 157/187/151 159/267/217 151/273/221
f 151/273/221 159/267/217 160/268/218 152/274/222
f 152/274/222 160/268/218 158/269/137 150/275/140
f 185/210/174 177/209/173 179/276/223 187/270/219
f 187/270/219 179/276/223 180/277/224 188/271/220
f 188/271/220 180/277/224 178/278/139 186/272/138
f 201/178/142 193/177/141 195/279/225 203/280/226
f 203/280/226 195/279/225 196/281/227 204/282/228
f 204/282/228 196/281/227 194/283/131 202/284/133
f 229/220/184 237/219/183 239/285/229 231/286/230
f 231/286/230 239/285/229 240/287/231 232/288/232
f 232/288/232 240/287/231 238/289/134 230/290/130
f 205/179/143 201/178/142 203/280/226 207/291/233
f 207/291/233 203/280/226 204/282/228 208/292/234
f 208/292/234 204/282/228 202/284/133 206/293/136
f 237/219/183 233/218/182 235/294/235 239/285/229
f 239/285/229 235/294/235 236/295/236 240/287/231
f 240/287/231 236/295/236 234/296/135 238/289/134
f 197/180/144 205/179/143 207/291/233 199/297/237
f 199/297/237 207/291/233 208/292/234 200/298/238
f 200/298/238 208/292/234 206/293/136 198/299/186
f 233/218/182 225/217/181 227/300/239 235/294/235
f 235/294/235 227/300/239 228/301/240 236/295/236
f 236/295/236 228/301/240 226/302/185 234/296/135
f 249/214/178 241/213/177 243/303/241 251/304/242
f 251/304/242 243/303/241 244/305/243 252/306/244
f 252/306/244 244/305/243 242/307/167 250/308/191
f 213/184/148 221/183/147 223/309/245 215/310/246
f 215/310/246 223/309/245 224/311/247 216/312/248
f 216/312/248 224/311/247 222/313/192 214/314/168
f 253/215/179 249/214/178 251/304/242 255/315/249
f 255/315/249 251/304/242 252/306/244 256/316/250
f 256/316/250 252/306/244 250/308/191 254/317/187
f 221/183/147 217/182/146 219/318/251 223/309/245
f 223/309/245 219/318/251 220/319/252 224/311/247
f 224/311/247 220/319/252 218/320/188 222/313/192
f 245/216/180 253/215/179 255/315/249 247/321/253
f 247/321/253 255/315/249 256/316/250 248/322/254
f 248/322/254 256/316/250 254/317/187 246/323/190
f 217/182/146 209/181/145 211/324/255 219/318/251
f 219/318/251 211/324/255 212/325/256 220/319/252
f 220/319/252 212/325/256 210/326/189 218/320/188
f 161/205/169 229/220/184 231/286/230 163/231/193
f 163/231/193 231/286/230 232/288/232 164/233/195
f 164/233/195 232/288/232 230/290/130 162/235/129
f 193/177/141 133/192/156 135/238/198 195/279/225
f 195/279/225 135/238/198 136/240/200 196/281/227
f 196/281/227 136/240/200 134/242/132 194/283/131
f 129/189/153 149/188/152 151/273/221 131/252/207
f 131/252/207 151/273/221 152/274/222 132/253/208
f 132/253/208 152/274/222 150/275/140 130/254/165
f 177/209/173 165/208/172 167/249/205 179/276/223
f 179/276/223 167/249/205 168/250/206 180/277/224
f 180/277/224 168/250/206 166/251/166 178/278/139
f 198/299/186 210/326/189 212/325/256 200/298/238
f 200/298/238 212/325/256 211/324/255 199/297/237
f 199/297/237 211/324/255 209/181/145 197/180/144
f 214/314/168 146/259/161 148/257/211 216/312/248
f 216/312/248 148/257/211 147/255/209 215/310/246
f 215/310/246 147/255/209 145/185/149 213/184/148
f 241/213/177 181/212/176 183/262/214 243/303/241
f 243/303/241 183/262/214 184/264/216 244/305/243
f 244/305/243 184/264/216 182/266/162 242/307/167
f 246/323/190 226/302/185 228/301/240 248/322/254
f 248/322/254 228/301/240 227/300/239 247/321/253
f 247/321/253 227/300/239 225/217/181 245/216/180
f 174/196/160 138/195/159 130/201/165 166/202/166
o Cube.002_Cube.003
v -8.724096 0.397069 0.369523
v -8.600781 0.520383 0.369523
v -8.662439 0.413590 0.369523
v -8.617303 0.458726 0.369523
v -8.600781 0.520383 3.230647
v -8.724096 0.397069 3.230647
v -8.617303 0.458726 3.230647
v -8.662439 0.413590 3.230647
v -8.600781 2.371767 3.039171
v -8.724096 2.474495 3.111263
v -8.617303 2.413982 3.083713
v -8.662439 2.445673 3.110185
v -8.724096 2.142663 3.583301
v -8.600781 2.021626 3.558848
v -8.662439 2.126448 3.580024
v -8.617303 2.082144 3.571074
v -8.600781 2.221540 3.127593
v -8.724096 2.308579 3.218202
v -8.617303 2.265059 3.172897
v -8.662439 2.296918 3.206063
v -8.600781 2.072217 3.340007
v -8.724096 2.187120 3.390980
v -8.617303 2.129669 3.365493
v -8.662439 2.171726 3.384151
v -8.724096 2.040294 4.361301
v -8.600781 1.919319 4.336336
v -8.662439 2.024086 4.357956
v -8.617303 1.979806 4.348818
v -8.600781 1.497223 4.764823
v -8.724096 1.513457 4.888138
v -8.617303 1.505340 4.826481
v -8.662439 1.511282 4.871618
v -8.724096 1.969711 4.624720
v -8.600781 1.859151 4.560887
v -8.662439 1.954899 4.616168
v -8.617303 1.914431 4.592803
v -8.600781 1.713043 4.706995
v -8.724096 1.776875 4.817555
v -8.617303 1.744959 4.762275
v -8.662439 1.768324 4.802743
v -8.600781 0.520383 -1.950744
v -8.724096 0.397069 -1.966979
v -8.617303 0.458726 -1.958861
v -8.662438 0.413590 -1.964803
v -8.600781 0.721590 -2.151950
v -8.724096 0.705355 -2.275265
v -8.617303 0.713472 -2.213608
v -8.662438 0.707530 -2.258744
v -8.600781 0.548932 -2.057289
v -8.724096 0.438371 -2.121122
v -8.617303 0.493652 -2.089206
v -8.662438 0.453184 -2.112570
v -8.600781 0.615044 -2.123401
v -8.724096 0.551212 -2.233963
v -8.617303 0.583128 -2.178682
v -8.662438 0.559764 -2.219150
v -8.724096 0.705355 4.888138
v -8.600781 0.721589 4.764823
v -8.662439 0.707530 4.871618
v -8.617303 0.713472 4.826481
v -8.724096 0.397069 4.579852
v -8.600781 0.520383 4.563617
v -8.662439 0.413590 4.577676
v -8.617303 0.458726 4.571734
v -8.600781 0.615045 4.736275
v -8.724096 0.551212 4.846836
v -8.617303 0.583128 4.791555
v -8.662439 0.559764 4.832024
v -8.600781 0.548932 4.670162
v -8.724096 0.438371 4.733994
v -8.617303 0.493652 4.702078
v -8.662439 0.453184 4.725443
v -8.600781 1.356592 -2.151950
v -8.724096 1.372827 -2.275265
v -8.617303 1.364709 -2.213608
v -8.662438 1.370652 -2.258744
v -8.724096 1.524997 -2.123095
v -8.600781 1.401733 -2.106673
v -8.662438 1.508483 -2.120895
v -8.617303 1.463365 -2.114884
v -8.600781 1.385080 -2.144317
v -8.724096 1.448912 -2.254878
v -8.617303 1.416996 -2.199597
v -8.662438 1.440360 -2.240066
v -8.600781 1.394049 -2.135347
v -8.724096 1.504610 -2.199180
v -8.617303 1.449330 -2.167264
v -8.662438 1.489798 -2.190628
v -8.724096 1.524997 0.217352
v -8.600781 1.401735 0.233982
v -8.662438 1.508483 0.219580
v -8.617303 1.463366 0.225667
v -8.724096 1.677167 0.369523
v -8.600781 1.716366 0.504314
v -8.662439 1.682419 0.387581
v -8.617303 1.696767 0.436918
v -8.724096 1.545384 0.293438
v -8.600781 1.434752 0.357199
v -8.662438 1.530562 0.301980
v -8.617303 1.490068 0.325318
v -8.600781 1.532816 0.455263
v -8.724096 1.601082 0.349136
v -8.617303 1.566949 0.402199
v -8.662439 1.591936 0.363354
v -8.600781 3.322901 0.504546
v -8.724096 3.403487 0.369523
v -8.617303 3.363194 0.437034
v -8.662439 3.392691 0.387612
v -8.724096 3.616672 0.582707
v -8.600781 3.530309 0.734294
v -8.662439 3.605101 0.603017
v -8.617303 3.573490 0.658501
v -8.724096 3.510079 0.398084
v -8.600781 3.429744 0.534979
v -8.662439 3.499316 0.416424
v -8.617303 3.469912 0.466531
v -8.724096 3.588110 0.476115
v -8.600781 3.506501 0.617578
v -8.662439 3.577177 0.495068
v -8.617303 3.547305 0.546847
v -8.600781 3.521582 2.451904
v -8.724096 3.616672 2.487155
v -8.617303 3.569127 2.469530
v -8.662439 3.603932 2.482432
v -8.600781 3.311633 2.726462
v -8.724096 3.416074 2.772509
v -8.617303 3.363854 2.749485
v -8.662439 3.402082 2.766340
v -8.724096 3.589797 2.603416
v -8.600781 3.488755 2.566061
v -8.662439 3.576260 2.598412
v -8.617303 3.539276 2.584739
v -8.724096 3.516373 2.707863
v -8.600781 3.412019 2.666534
v -8.662439 3.502392 2.702326
v -8.617303 3.464196 2.687198
v -8.726529 2.569291 2.499550
v -8.600781 2.569291 2.611465
v -8.663655 2.569291 2.508439
v -8.617629 2.569291 2.546386
v -8.600781 2.569291 1.248975
v -8.724553 2.569291 1.385762
v -8.617364 2.569291 1.317830
v -8.662667 2.569291 1.367560
v -8.600781 2.285310 1.600260
v -8.725151 2.408624 1.616495
v -8.617444 2.346967 1.608378
v -8.662967 2.392103 1.614320
v -8.600781 2.460158 1.306114
v -8.724699 2.523990 1.416674
v -8.617383 2.492074 1.361394
v -8.662741 2.515439 1.401862
v -8.600781 2.328975 1.437297
v -8.724894 2.439536 1.501129
v -8.617410 2.384256 1.469213
v -8.662838 2.424724 1.492577
v -8.600781 2.285310 2.277069
v -8.725494 2.408624 2.268817
v -8.617490 2.346967 2.272943
v -8.663137 2.392103 2.269923
v -8.600781 2.304665 2.421049
v -8.725946 2.424822 2.384183
v -8.617550 2.364491 2.402617
v -8.663364 2.408471 2.389122
v -8.600781 2.376109 2.567988
v -8.726529 2.469086 2.468637
v -8.617629 2.422781 2.522830
v -8.663655 2.455381 2.480738
v -8.600781 3.131205 1.552488
v -8.724257 3.027696 1.616495
v -8.617324 3.082725 1.574102
v -8.662519 3.039512 1.595755
v -8.724443 2.855222 1.385762
v -8.600781 2.855222 1.248975
v -8.662613 2.855222 1.367493
v -8.617350 2.855222 1.317579
v -8.724302 2.996783 1.501129
v -8.600781 3.086389 1.382395
v -8.662541 3.007880 1.481893
v -8.617330 3.038198 1.429340
v -8.724362 2.912329 1.416674
v -8.600781 2.993638 1.287156
v -8.662572 2.923223 1.398112
v -8.617338 2.952984 1.347397
v -8.600781 2.855222 2.611465
v -8.724143 2.855222 2.499550
v -8.617309 2.855222 2.538799
v -8.662462 2.855222 2.506435
v -8.724227 3.027696 2.268817
v -8.600781 3.131205 2.305291
v -8.662504 3.040878 2.273704
v -8.617320 3.082725 2.287054
v -8.724195 2.912329 2.468637
v -8.600781 3.010419 2.554126
v -8.662488 2.927243 2.474544
v -8.617315 2.960145 2.498523
v -8.724206 2.996783 2.384183
v -8.600781 3.101232 2.439642
v -8.662494 3.010966 2.389427
v -8.617317 3.049714 2.403752
v -10.001221 2.569291 2.499550
v -10.000000 2.855222 2.499550
v -10.000000 2.569291 1.385762
v -10.000000 2.523990 1.416674
v -10.000000 2.855222 1.385762
v -10.000000 2.439536 1.501129
v -10.000000 2.408624 1.616495
v -10.000696 2.408624 2.268817
v -10.000923 2.423708 2.384070
v -10.001220 2.470007 2.469280
v -10.000000 3.027696 1.616495
v -10.000000 2.996783 1.501129
v -10.000000 3.027696 2.268817
v -10.000000 2.912329 1.416674
v -10.000000 2.912329 2.468637
v -10.000000 2.996783 2.384183
v -8.600781 0.520383 1.323231
v -8.600781 0.520383 2.276939
v -8.617303 0.458726 2.276939
v -8.617303 0.458726 1.323231
v -8.662439 0.413590 2.276939
v -8.662439 0.413590 1.323231
v -8.724096 0.397069 2.276939
v -8.724096 0.397069 1.323231
v -8.600781 1.665471 2.277023
v -8.600781 1.492133 4.405738
v -8.600781 1.700630 3.488672
v -8.600781 1.647339 1.500122
v -8.600781 1.450514 1.469228
v -8.600781 1.461962 2.277009
v -8.600781 1.478447 3.440098
v -8.600781 1.709614 4.370405
v -8.600781 0.721590 2.276954
v -8.600781 0.721590 1.354813
v -8.600781 0.721590 4.530927
v -8.600781 0.721589 3.274634
v -8.600781 0.721590 -1.986342
v -8.600781 0.721590 0.338580
v -11.275904 0.397069 0.369523
v -11.399219 0.520383 0.369523
v -11.337562 0.413590 0.369523
v -11.382698 0.458726 0.369523
v -11.399219 0.520383 3.230647
v -11.275905 0.397069 3.230647
v -11.382698 0.458726 3.230647
v -11.337562 0.413590 3.230647
v -11.399219 2.371767 3.039171
v -11.275905 2.474495 3.111263
v -11.382698 2.413982 3.083713
v -11.337562 2.445673 3.110185
v -11.275905 2.142663 3.583301
v -11.399219 2.021626 3.558848
v -11.337562 2.126448 3.580024
v -11.382698 2.082144 3.571074
v -11.399219 2.221540 3.127593
v -11.275905 2.308579 3.218202
v -11.382698 2.265059 3.172897
v -11.337562 2.296918 3.206063
v -11.399219 2.072217 3.340007
v -11.275905 2.187120 3.390980
v -11.382698 2.129669 3.365493
v -11.337562 2.171726 3.384151
v -11.275905 2.040294 4.361301
v -11.399219 1.919319 4.336336
v -11.337562 2.024086 4.357956
v -11.382698 1.979806 4.348818
v -11.399219 1.497223 4.764823
v -11.275905 1.513457 4.888138
v -11.382698 1.505340 4.826481
v -11.337562 1.511282 4.871618
v -11.275905 1.969711 4.624720
v -11.399219 1.859151 4.560887
v -11.337562 1.954899 4.616168
v -11.382698 1.914431 4.592803
v -11.399219 1.713043 4.706995
v -11.275905 1.776875 4.817555
v -11.382698 1.744959 4.762275
v -11.337562 1.768324 4.802743
v -11.399219 0.520383 -1.950744
v -11.275904 0.397069 -1.966979
v -11.382697 0.458726 -1.958861
v -11.337562 0.413590 -1.964804
v -11.399219 0.721590 -2.151950
v -11.275904 0.705355 -2.275265
v -11.382697 0.713472 -2.213608
v -11.337562 0.707530 -2.258744
v -11.399219 0.548932 -2.057290
v -11.275904 0.438371 -2.121122
v -11.382697 0.493652 -2.089206
v -11.337562 0.453184 -2.112570
v -11.399219 0.615044 -2.123402
v -11.275904 0.551212 -2.233963
v -11.382697 0.583128 -2.178682
v -11.337562 0.559764 -2.219150
v -11.275905 0.705355 4.888138
v -11.399219 0.721589 4.764823
v -11.337562 0.707530 4.871618
v -11.382698 0.713472 4.826481
v -11.275905 0.397069 4.579852
v -11.399219 0.520383 4.563617
v -11.337562 0.413590 4.577676
v -11.382698 0.458726 4.571734
v -11.399219 0.615045 4.736275
v -11.275905 0.551212 4.846836
v -11.382698 0.583128 4.791555
v -11.337562 0.559764 4.832024
v -11.399219 0.548932 4.670162
v -11.275905 0.438371 4.733994
v -11.382698 0.493652 4.702078
v -11.337562 0.453184 4.725443
v -11.399219 1.356592 -2.151950
v -11.275904 1.372827 -2.275265
v -11.382697 1.364709 -2.213608
v -11.337562 1.370652 -2.258744
v -11.275904 1.524997 -2.123095
v -11.399219 1.401733 -2.106673
v -11.337562 1.508483 -2.120895
v -11.382697 1.463365 -2.114884
v -11.399219 1.385080 -2.144317
v -11.275904 1.448912 -2.254878
v -11.382697 1.416996 -2.199598
v -11.337562 1.440360 -2.240066
v -11.399219 1.394049 -2.135348
v -11.275904 1.504610 -2.199180
v -11.382697 1.449330 -2.167264
v -11.337562 1.489798 -2.190628
v -11.275904 1.524997 0.217352
v -11.399219 1.401735 0.233982
v -11.337562 1.508483 0.219580
v -11.382697 1.463366 0.225667
v -11.275904 1.677167 0.369523
v -11.399219 1.716366 0.504314
v -11.337562 1.682419 0.387581
v -11.382698 1.696767 0.436918
v -11.275904 1.545384 0.293438
v -11.399219 1.434752 0.357199
v -11.337562 1.530562 0.301980
v -11.382697 1.490068 0.325318
v -11.399219 1.532816 0.455262
v -11.275904 1.601082 0.349136
v -11.382698 1.566949 0.402199
v -11.337562 1.591936 0.363354
v -11.399219 3.322901 0.504545
v -11.275904 3.403487 0.369523
v -11.382698 3.363194 0.437034
v -11.337562 3.392691 0.387612
v -11.275904 3.616672 0.582707
v -11.399219 3.530309 0.734294
v -11.337562 3.605101 0.603017
v -11.382698 3.573490 0.658501
v -11.275904 3.510079 0.398084
v -11.399219 3.429744 0.534978
v -11.337562 3.499316 0.416424
v -11.382698 3.469912 0.466531
v -11.275904 3.588110 0.476115
v -11.399219 3.506501 0.617578
v -11.337562 3.577177 0.495068
v -11.382698 3.547305 0.546847
v -11.399219 3.521582 2.451904
v -11.275904 3.616672 2.487155
v -11.382698 3.569127 2.469530
v -11.337562 3.603932 2.482432
v -11.399219 3.311633 2.726462
v -11.275904 3.416074 2.772509
v -11.382698 3.363854 2.749485
v -11.337562 3.402082 2.766340
v -11.275904 3.589797 2.603416
v -11.399219 3.488755 2.566061
v -11.337562 3.576260 2.598412
v -11.382698 3.539276 2.584739
v -11.275904 3.516373 2.707863
v -11.399219 3.412019 2.666534
v -11.337562 3.502392 2.702326
v -11.382698 3.464196 2.687198
v -11.273471 2.569291 2.499550
v -11.399219 2.569291 2.611465
v -11.336345 2.569291 2.508439
v -11.382372 2.569291 2.546386
v -11.399219 2.569291 1.248975
v -11.275447 2.569291 1.385762
v -11.382636 2.569291 1.317830
v -11.337333 2.569291 1.367560
v -11.399219 2.285310 1.600260
v -11.274849 2.408624 1.616495
v -11.382556 2.346967 1.608378
v -11.337034 2.392103 1.614320
v -11.399219 2.460158 1.306114
v -11.275301 2.523990 1.416674
v -11.382617 2.492074 1.361394
v -11.337260 2.515439 1.401862
v -11.399219 2.328975 1.437297
v -11.275106 2.439536 1.501129
v -11.382590 2.384256 1.469213
v -11.337163 2.424724 1.492577
v -11.399219 2.285310 2.277069
v -11.274507 2.408624 2.268817
v -11.382510 2.346967 2.272943
v -11.336863 2.392103 2.269923
v -11.399219 2.304665 2.421049
v -11.274054 2.424822 2.384183
v -11.382450 2.364491 2.402617
v -11.336637 2.408471 2.389122
v -11.399219 2.376109 2.567988
v -11.273471 2.469086 2.468637
v -11.382372 2.422781 2.522830
v -11.336345 2.455381 2.480738
v -11.399219 3.131205 1.552488
v -11.275743 3.027696 1.616495
v -11.382676 3.082725 1.574102
v -11.337481 3.039512 1.595755
v -11.275557 2.855222 1.385762
v -11.399219 2.855222 1.248975
v -11.337387 2.855222 1.367493
v -11.382651 2.855222 1.317579
v -11.275699 2.996783 1.501129
v -11.399219 3.086389 1.382395
v -11.337459 3.007880 1.481893
v -11.382670 3.038198 1.429340
v -11.275639 2.912329 1.416674
v -11.399219 2.993638 1.287156
v -11.337428 2.923223 1.398112
v -11.382662 2.952984 1.347397
v -11.399219 2.855222 2.611465
v -11.275857 2.855222 2.499550
v -11.382691 2.855222 2.538799
v -11.337538 2.855222 2.506435
v -11.275773 3.027696 2.268817
v -11.399219 3.131205 2.305291
v -11.337496 3.040878 2.273704
v -11.382680 3.082725 2.287054
v -11.275805 2.912329 2.468637
v -11.399219 3.010419 2.554126
v -11.337512 2.927243 2.474544
v -11.382685 2.960145 2.498523
v -11.275794 2.996783 2.384183
v -11.399219 3.101232 2.439642
v -11.337506 3.010966 2.389427
v -11.382683 3.049714 2.403752
v -9.998779 2.569291 2.499550
v -9.999304 2.408624 2.268817
v -9.999078 2.423708 2.384070
v -9.998781 2.470007 2.469280
v -11.399219 0.520383 1.323231
v -11.399219 0.520383 2.276939
v -11.382698 0.458726 2.276939
v -11.382698 0.458726 1.323231
v -11.337562 0.413590 2.276939
v -11.337562 0.413590 1.323231
v -11.275904 0.397069 2.276939
v -11.275904 0.397069 1.323231
v -11.399219 1.665471 2.277023
v -11.399219 1.492133 4.405738
v -11.399219 1.700630 3.488672
v -11.399219 1.647339 1.500122
v -11.399219 1.450514 1.469228
v -11.399219 1.461962 2.277009
v -11.399219 1.478447 3.440098
v -11.399219 1.709614 4.370405
v -11.399219 0.721590 2.276954
v -11.399219 0.721590 1.354813
v -11.399219 0.721590 4.530927
v -11.399219 0.721589 3.274634
v -11.399219 0.721590 -1.986342
v -11.399219 0.721590 0.338580
vt 0.865699 0.482991
vt 0.865699 0.469425
vt 0.992639 0.469425
vt 0.992639 0.482991
vt 0.513952 0.761255
vt 0.513952 0.888196
vt 0.446836 0.888196
vt 0.446836 0.761255
vt 0.399393 0.888196
vt 0.399393 0.761255
vt 0.992639 0.545412
vt 0.865699 0.545412
vt 0.865699 0.535592
vt 0.992639 0.535592
vt 0.992639 0.555918
vt 0.865699 0.555918
vt 0.513831 0.021296
vt 0.516604 0.024415
vt 0.517762 0.029267
vt 0.508367 0.030331
vt 0.509174 0.019597
vt 0.992639 0.633739
vt 0.865699 0.633739
vt 0.865699 0.627803
vt 0.992639 0.627803
vt 0.420921 0.098651
vt 0.429015 0.093819
vt 0.420554 0.123809
vt 0.410653 0.121151
vt 0.865699 0.496557
vt 0.992639 0.496557
vt 0.447658 0.231629
vt 0.423241 0.171045
vt 0.454977 0.178760
vt 0.457338 0.235290
vt 0.180340 0.888196
vt 0.172401 0.888196
vt 0.172401 0.761255
vt 0.180339 0.761255
vt 0.992639 0.415659
vt 0.865699 0.415659
vt 0.865699 0.407721
vt 0.992639 0.407721
vt 0.164463 0.761255
vt 0.164463 0.888196
vt 0.131259 0.888196
vt 0.131259 0.761255
vt 0.865699 0.399782
vt 0.992639 0.399782
vt 0.123422 0.761255
vt 0.123422 0.888196
vt 0.119504 0.888196
vt 0.119504 0.761255
vt 0.477050 0.367391
vt 0.476609 0.366997
vt 0.476166 0.365677
vt 0.507860 0.358291
vt 0.508382 0.366132
vt 0.478390 0.367671
vt 0.179333 0.613708
vt 0.179333 0.609789
vt 0.306273 0.609789
vt 0.306273 0.613708
vt 0.393271 0.186234
vt 0.367993 0.219032
vt 0.363221 0.217056
vt 0.386708 0.183730
vt 0.179333 0.601952
vt 0.179333 0.516076
vt 0.306273 0.516076
vt 0.306273 0.601953
vt 0.382509 0.178707
vt 0.360124 0.212958
vt 0.359446 0.207542
vt 0.380784 0.170355
vt 0.366419 0.123577
vt 0.384382 0.129886
vt 0.382472 0.136261
vt 0.364722 0.128692
vt 0.992639 0.565737
vt 0.865699 0.565737
vt 0.396728 0.121341
vt 0.374588 0.116247
vt 0.369953 0.119091
vt 0.389006 0.124294
vt 0.865699 0.744945
vt 0.865699 0.739455
vt 0.992639 0.739455
vt 0.992639 0.744944
vt 0.179333 0.605871
vt 0.306273 0.605871
vt 0.037288 0.631058
vt 0.036629 0.694652
vt 0.022465 0.694534
vt 0.022979 0.631059
vt 0.082271 0.631114
vt 0.082914 0.695430
vt 0.051233 0.694781
vt 0.052003 0.631057
vt 0.112115 0.631053
vt 0.113048 0.695246
vt 0.098861 0.695358
vt 0.099256 0.631126
vt 0.992639 0.621452
vt 0.865699 0.621452
vt 0.865699 0.615516
vt 0.992639 0.615516
vt 0.441111 0.071706
vt 0.437200 0.082662
vt 0.434187 0.081044
vt 0.438042 0.070662
vt 0.431201 0.079413
vt 0.434982 0.069610
vt 0.428361 0.077840
vt 0.431904 0.068560
vt 0.442761 0.030557
vt 0.445764 0.031761
vt 0.448688 0.032908
vt 0.451580 0.034002
vt 0.473417 0.016542
vt 0.463432 0.018435
vt 0.462208 0.015737
vt 0.473250 0.013553
vt 0.460931 0.013018
vt 0.473048 0.010499
vt 0.459569 0.010173
vt 0.472810 0.007361
vt 0.513234 0.364438
vt 0.514925 0.366958
vt 0.509017 0.369140
vt 0.516702 0.369482
vt 0.509741 0.372237
vt 0.518670 0.372210
vt 0.510561 0.375488
vt 0.511437 0.010661
vt 0.510585 0.013768
vt 0.509840 0.016716
vt 0.519184 0.023038
vt 0.520757 0.028924
vt 0.521756 0.021572
vt 0.523815 0.028481
vt 0.524521 0.019937
vt 0.527025 0.027938
vt 0.474113 0.368700
vt 0.473178 0.366373
vt 0.471735 0.370526
vt 0.470166 0.367311
vt 0.469093 0.372706
vt 0.466894 0.368543
vt 0.454728 0.249873
vt 0.457915 0.248999
vt 0.461185 0.248192
vt 0.464473 0.247509
vt 0.453424 0.246387
vt 0.456168 0.244665
vt 0.459284 0.242782
vt 0.462441 0.240933
vt 0.362022 0.228015
vt 0.356734 0.225194
vt 0.358797 0.222673
vt 0.363571 0.224971
vt 0.360943 0.219998
vt 0.365624 0.222051
vt 0.352948 0.220603
vt 0.355645 0.218586
vt 0.357912 0.216007
vt 0.356841 0.126002
vt 0.358756 0.120164
vt 0.361525 0.121485
vt 0.359856 0.126822
vt 0.364051 0.122605
vt 0.362462 0.127743
vt 0.362500 0.114718
vt 0.365015 0.116693
vt 0.367493 0.118072
vt 0.450865 0.243736
vt 0.452926 0.241026
vt 0.455144 0.238151
vt 0.514238 0.141691
vt 0.516211 0.093729
vt 0.519371 0.093834
vt 0.517466 0.141809
vt 0.522549 0.093934
vt 0.520694 0.141926
vt 0.525743 0.094028
vt 0.523920 0.142040
vt 0.413661 0.091768
vt 0.421935 0.086251
vt 0.424222 0.088693
vt 0.416368 0.094035
vt 0.426592 0.091244
vt 0.418597 0.096315
vt 0.448983 0.018386
vt 0.451365 0.020345
vt 0.453721 0.022265
vt 0.456077 0.024150
vt 0.521998 0.239084
vt 0.527025 0.357469
vt 0.523679 0.356941
vt 0.518721 0.239141
vt 0.520485 0.356511
vt 0.515450 0.239198
vt 0.517361 0.356175
vt 0.512186 0.239256
vt 0.524455 0.365812
vt 0.521614 0.364207
vt 0.518880 0.362692
vt 0.516157 0.361226
vt 0.518993 0.013908
vt 0.517207 0.016431
vt 0.515503 0.018865
vt 0.476961 0.377124
vt 0.472616 0.375634
vt 0.474234 0.372747
vt 0.477634 0.373746
vt 0.475669 0.370081
vt 0.478096 0.370666
vt 0.448205 0.235378
vt 0.448281 0.238921
vt 0.447587 0.242057
vt 0.357100 0.210881
vt 0.354401 0.213453
vt 0.351305 0.214789
vt 0.372021 0.115087
vt 0.369607 0.113333
vt 0.367523 0.110814
vt 0.397994 0.130309
vt 0.395550 0.131399
vt 0.393691 0.129199
vt 0.397206 0.127619
vt 0.391565 0.127149
vt 0.396835 0.124971
vt 0.391904 0.134597
vt 0.389571 0.133147
vt 0.386920 0.131808
vt 0.390215 0.139169
vt 0.387438 0.138327
vt 0.384758 0.137309
vt 0.412840 0.185291
vt 0.406978 0.187587
vt 0.407272 0.184081
vt 0.411433 0.182257
vt 0.407192 0.180822
vt 0.410015 0.179400
vt 0.406702 0.177981
vt 0.408576 0.176866
vt 0.420169 0.179144
vt 0.417403 0.177187
vt 0.414710 0.175275
vt 0.412278 0.173489
vt 0.420148 0.170321
vt 0.417128 0.169547
vt 0.414163 0.168728
vt 0.424307 0.131447
vt 0.425319 0.138677
vt 0.422240 0.138863
vt 0.421210 0.132438
vt 0.419228 0.139098
vt 0.418225 0.133450
vt 0.416185 0.139326
vt 0.415456 0.134486
vt 0.417962 0.126227
vt 0.415649 0.129078
vt 0.413722 0.131212
vt 0.410534 0.124425
vt 0.410282 0.127172
vt 0.409811 0.130106
vt 0.383181 0.169418
vt 0.385099 0.176523
vt 0.386015 0.168351
vt 0.387434 0.173731
vt 0.388779 0.167169
vt 0.389793 0.171989
vt 0.389017 0.180889
vt 0.391103 0.178018
vt 0.392836 0.175733
vt 0.393640 0.182857
vt 0.394163 0.179755
vt 0.394972 0.177173
vt 0.865699 0.733965
vt 0.992639 0.733965
vt 0.865699 0.728476
vt 0.992639 0.728476
vt 0.127341 0.888196
vt 0.127341 0.761255
vt 0.306273 0.730134
vt 0.179333 0.730134
vt 0.865699 0.391844
vt 0.992639 0.391844
vt 0.992639 0.455858
vt 0.865699 0.455859
vt 0.188278 0.888196
vt 0.188278 0.761255
vt 0.351951 0.761255
vt 0.351951 0.888196
vt 0.304508 0.888196
vt 0.304508 0.761255
vt 0.039360 0.694673
vt 0.040026 0.631057
vt 0.046009 0.631057
vt 0.045296 0.694726
vt 0.013304 0.694469
vt 0.013803 0.631059
vt 0.019746 0.631059
vt 0.019237 0.694513
vt 0.115389 0.631053
vt 0.116294 0.695197
vt 0.160792 0.694660
vt 0.128263 0.695032
vt 0.127420 0.631053
vt 0.160180 0.631053
vt 0.121412 0.631053
vt 0.122279 0.695113
vt 0.088780 0.695405
vt 0.088492 0.631101
vt 0.093575 0.631116
vt 0.093577 0.695369
vt 0.007372 0.694424
vt 0.007868 0.631060
vt 0.519096 0.190365
vt 0.522346 0.190430
vt 0.515840 0.190299
vt 0.512578 0.190231
vt 0.504047 0.141308
vt 0.506271 0.091135
vt 0.461741 0.033826
vt 0.472179 0.033273
vt 0.468237 0.080392
vt 0.457149 0.077028
vt 0.502299 0.188370
vt 0.501742 0.241047
vt 0.465061 0.180944
vt 0.456089 0.139335
vt 0.466437 0.139791
vt 0.704274 0.363187
vt 0.699616 0.364887
vt 0.698809 0.354153
vt 0.708204 0.355216
vt 0.707046 0.360069
vt 0.611363 0.285832
vt 0.601095 0.263332
vt 0.610996 0.260674
vt 0.619457 0.290664
vt 0.638100 0.152853
vt 0.647781 0.149192
vt 0.645419 0.205723
vt 0.613683 0.213438
vt 0.667494 0.017093
vt 0.668834 0.016813
vt 0.698825 0.018352
vt 0.698303 0.026194
vt 0.666610 0.018808
vt 0.667053 0.017487
vt 0.583714 0.198249
vt 0.577150 0.200753
vt 0.553663 0.167427
vt 0.558435 0.165450
vt 0.572951 0.205776
vt 0.571227 0.214128
vt 0.549889 0.176940
vt 0.550566 0.171525
vt 0.556861 0.260906
vt 0.555165 0.255791
vt 0.572915 0.248222
vt 0.574825 0.254597
vt 0.587170 0.263142
vt 0.565031 0.268236
vt 0.579448 0.260189
vt 0.560395 0.265391
vt 0.022454 0.567581
vt 0.036619 0.567461
vt 0.082271 0.630988
vt 0.051224 0.567329
vt 0.082907 0.566674
vt 0.099256 0.630969
vt 0.098857 0.566744
vt 0.113045 0.566856
vt 0.631553 0.312777
vt 0.628484 0.313821
vt 0.624629 0.303439
vt 0.627642 0.301821
vt 0.625424 0.314873
vt 0.621643 0.305070
vt 0.622346 0.315923
vt 0.618803 0.306643
vt 0.636206 0.352722
vt 0.633203 0.353926
vt 0.639130 0.351575
vt 0.642022 0.350481
vt 0.663859 0.367942
vt 0.663692 0.370930
vt 0.652650 0.368746
vt 0.653874 0.366048
vt 0.663490 0.373984
vt 0.651373 0.371465
vt 0.663252 0.377123
vt 0.650011 0.374310
vt 0.699460 0.015344
vt 0.705367 0.017526
vt 0.703676 0.020046
vt 0.700184 0.012248
vt 0.707144 0.015003
vt 0.701004 0.008997
vt 0.709112 0.012275
vt 0.701027 0.370716
vt 0.701879 0.373823
vt 0.700282 0.367767
vt 0.711199 0.355560
vt 0.709626 0.361446
vt 0.714257 0.356003
vt 0.712198 0.362912
vt 0.717468 0.356546
vt 0.714963 0.364547
vt 0.663621 0.018111
vt 0.664556 0.015784
vt 0.660610 0.017174
vt 0.662179 0.013959
vt 0.657338 0.015942
vt 0.659537 0.011778
vt 0.648358 0.135484
vt 0.645171 0.134609
vt 0.651628 0.136290
vt 0.654916 0.136973
vt 0.646611 0.139818
vt 0.643867 0.138096
vt 0.649727 0.141701
vt 0.652884 0.143549
vt 0.552464 0.156468
vt 0.554013 0.159511
vt 0.549239 0.161810
vt 0.547176 0.159289
vt 0.556066 0.162431
vt 0.551386 0.164485
vt 0.546087 0.165897
vt 0.543390 0.163880
vt 0.548354 0.168476
vt 0.547283 0.258481
vt 0.550298 0.257661
vt 0.551968 0.262998
vt 0.549198 0.264319
vt 0.552905 0.256740
vt 0.554494 0.261878
vt 0.555458 0.267790
vt 0.552942 0.269765
vt 0.557936 0.266411
vt 0.643369 0.143457
vt 0.641308 0.140746
vt 0.645586 0.146331
vt 0.704680 0.242793
vt 0.707909 0.242674
vt 0.709814 0.290649
vt 0.706654 0.290754
vt 0.711136 0.242558
vt 0.712991 0.290550
vt 0.714363 0.242443
vt 0.716185 0.290455
vt 0.604103 0.292715
vt 0.606811 0.290448
vt 0.614665 0.295790
vt 0.612377 0.298232
vt 0.609039 0.288168
vt 0.617035 0.293239
vt 0.641807 0.364138
vt 0.639425 0.366097
vt 0.644162 0.362218
vt 0.646518 0.360333
vt 0.712442 0.145399
vt 0.709164 0.145342
vt 0.714122 0.027543
vt 0.717468 0.027015
vt 0.705893 0.145285
vt 0.710927 0.027973
vt 0.702629 0.145227
vt 0.707803 0.028309
vt 0.712056 0.020278
vt 0.714897 0.018672
vt 0.709322 0.021793
vt 0.706599 0.023258
vt 0.707649 0.368053
vt 0.709436 0.370576
vt 0.705945 0.365618
vt 0.667405 0.007361
vt 0.668078 0.010738
vt 0.664677 0.011737
vt 0.663060 0.008850
vt 0.668539 0.013819
vt 0.666113 0.014404
vt 0.638648 0.149104
vt 0.638724 0.145562
vt 0.638030 0.142425
vt 0.547542 0.173602
vt 0.544843 0.171030
vt 0.541747 0.169693
vt 0.562464 0.269396
vt 0.560050 0.271149
vt 0.557965 0.273669
vt 0.588436 0.254174
vt 0.587648 0.256864
vt 0.584134 0.255284
vt 0.585993 0.253084
vt 0.587277 0.259512
vt 0.582007 0.257334
vt 0.580013 0.251336
vt 0.582346 0.249886
vt 0.577363 0.252675
vt 0.577880 0.246155
vt 0.580658 0.245314
vt 0.575200 0.247174
vt 0.603282 0.199192
vt 0.601875 0.202226
vt 0.597715 0.200402
vt 0.597420 0.196896
vt 0.600457 0.205083
vt 0.597635 0.203661
vt 0.599019 0.207617
vt 0.597144 0.206502
vt 0.610611 0.205339
vt 0.607846 0.207296
vt 0.605152 0.209208
vt 0.602720 0.210994
vt 0.610590 0.214162
vt 0.607571 0.214935
vt 0.604605 0.215755
vt 0.614749 0.253036
vt 0.611652 0.252045
vt 0.612682 0.245620
vt 0.615761 0.245806
vt 0.608667 0.251033
vt 0.609670 0.245385
vt 0.605899 0.249997
vt 0.606627 0.245157
vt 0.608405 0.258256
vt 0.606092 0.255405
vt 0.604165 0.253271
vt 0.600976 0.260058
vt 0.600724 0.257311
vt 0.600254 0.254377
vt 0.575541 0.207960
vt 0.573623 0.215065
vt 0.577877 0.210752
vt 0.576457 0.216132
vt 0.580235 0.212494
vt 0.579222 0.217314
vt 0.579459 0.203593
vt 0.581545 0.206465
vt 0.583279 0.208750
vt 0.584083 0.201626
vt 0.584606 0.204728
vt 0.585414 0.207310
vt 0.039350 0.567440
vt 0.045287 0.567385
vt 0.013293 0.567649
vt 0.019226 0.567604
vt 0.116292 0.566905
vt 0.160792 0.567442
vt 0.128261 0.567070
vt 0.122277 0.566989
vt 0.088772 0.566698
vt 0.093574 0.566734
vt 0.093575 0.630985
vt 0.088492 0.630999
vt 0.007361 0.567694
vt 0.712789 0.194053
vt 0.709539 0.194118
vt 0.706282 0.194184
vt 0.703021 0.194253
vt 0.696713 0.293349
vt 0.694490 0.243175
vt 0.652183 0.350657
vt 0.647591 0.307455
vt 0.658679 0.304091
vt 0.662620 0.351211
vt 0.692742 0.196113
vt 0.692185 0.143436
vt 0.655503 0.203539
vt 0.646532 0.245148
vt 0.656880 0.244693
vn -0.1320 0.8584 0.4956
vn -0.1320 0.4956 0.8584
vn 0.1320 0.4956 0.8584
vn 0.1320 0.8584 0.4956
vn 0.1302 -0.9830 0.1294
vn -0.1302 -0.9830 0.1294
vn -0.1305 -0.9914 0.0000
vn 0.1305 -0.9914 0.0000
vn 0.1351 0.9047 0.4040
vn -0.1351 0.9047 0.4040
vn -0.1312 0.9755 0.1764
vn 0.1312 0.9755 0.1764
vn 0.1350 0.6864 0.7146
vn -0.1350 0.6864 0.7146
vn 0.9891 -0.0734 0.1272
vn 0.9891 -0.1272 0.0734
vn 0.9901 -0.1388 0.0183
vn 1.0000 0.0000 0.0000
vn 0.9901 -0.0183 0.1388
vn 0.1040 0.9879 0.1153
vn -0.1040 0.9879 0.1153
vn -0.1126 0.9071 0.4056
vn 0.1126 0.9071 0.4056
vn 0.9907 0.0584 0.1228
vn 0.9937 0.0759 0.0818
vn 0.9962 0.0564 -0.0670
vn 0.9929 0.0107 -0.1183
vn -0.1300 0.9724 0.1934
vn 0.1300 0.9724 0.1934
vn 0.9935 0.0114 -0.1132
vn 0.9928 0.1188 0.0156
vn 0.9943 0.0539 -0.0921
vn -0.1320 -0.8584 -0.4956
vn -0.1320 -0.4956 -0.8584
vn 0.1320 -0.4956 -0.8584
vn 0.1320 -0.8584 -0.4956
vn 0.1302 -0.1294 0.9830
vn -0.1302 -0.1294 0.9830
vn -0.1320 -0.4956 0.8584
vn 0.1320 -0.4956 0.8584
vn 0.1302 -0.1294 -0.9830
vn -0.1302 -0.1294 -0.9830
vn -0.1302 0.1294 -0.9830
vn 0.1302 0.1294 -0.9830
vn -0.1320 -0.8584 0.4956
vn 0.1320 -0.8584 0.4956
vn 0.1320 0.8584 -0.4956
vn -0.1320 0.8584 -0.4956
vn -0.1302 0.9830 -0.1294
vn 0.1302 0.9830 -0.1294
vn 0.9891 0.0734 -0.1272
vn 0.9891 0.1272 -0.0734
vn 0.9901 0.1389 -0.0183
vn 0.9901 -0.0183 -0.1388
vn 0.9901 0.0183 -0.1388
vn -0.1330 0.9826 -0.1293
vn -0.1380 0.8577 -0.4952
vn 0.1380 0.8577 -0.4952
vn 0.1330 0.9826 -0.1293
vn 0.9941 -0.0138 0.1069
vn 0.9923 0.0121 -0.1230
vn 0.9928 0.0619 -0.1022
vn 0.9954 -0.0492 0.0820
vn -0.1368 0.1342 -0.9814
vn -0.1506 0.1341 -0.9794
vn 0.1506 0.1341 -0.9794
vn 0.1368 0.1342 -0.9814
vn 0.9946 -0.0881 0.0547
vn 0.9892 0.1367 -0.0526
vn 0.9842 0.1768 -0.0066
vn 0.9904 -0.1365 0.0215
vn 0.9860 0.1488 0.0746
vn 0.9940 -0.0964 -0.0505
vn 0.9899 -0.1402 -0.0192
vn 0.9841 0.1763 0.0197
vn 0.1040 0.4280 0.8978
vn -0.1040 0.4280 0.8978
vn 0.9946 -0.0170 -0.1021
vn 0.9838 0.0689 0.1654
vn 0.9835 0.1132 0.1408
vn 0.9955 -0.0558 -0.0765
vn -0.1616 0.4942 -0.8542
vn 0.1616 0.4942 -0.8542
vn -0.1362 0.4943 -0.8585
vn 0.1362 0.4943 -0.8585
vn 0.0000 0.2949 0.9555
vn 0.1441 0.2952 0.9445
vn 0.1528 -0.2378 0.9592
vn 0.0000 -0.2455 0.9694
vn -0.0002 0.9977 -0.0674
vn 0.1308 0.9891 -0.0673
vn 0.1319 0.9828 0.1295
vn 0.0000 0.9914 0.1305
vn 0.0000 -0.2452 -0.9695
vn 0.0705 -0.2370 -0.9689
vn 0.0796 0.1397 -0.9870
vn -0.0001 0.1484 -0.9889
vn 0.1075 0.6920 0.7138
vn -0.1075 0.6920 0.7138
vn -0.0932 0.4453 0.8905
vn 0.0932 0.4453 0.8905
vn 0.9919 0.1244 0.0226
vn 0.9936 0.1028 0.0459
vn 0.8830 0.4285 0.1913
vn 0.8697 0.4857 0.0880
vn 0.5206 0.7795 0.3481
vn 0.5038 0.8500 0.1537
vn 0.4959 0.8516 0.1694
vn 0.8617 0.4977 0.0989
vn 0.9908 0.1331 0.0264
vn 0.9901 0.0183 0.1388
vn 0.9891 0.0734 0.1272
vn 0.8544 0.2598 0.4500
vn 0.8584 0.0670 0.5086
vn 0.4931 0.4350 0.7534
vn 0.4936 0.1135 0.8622
vn 0.1302 0.1294 0.9830
vn 0.9891 -0.0734 -0.1272
vn 0.8544 -0.2598 -0.4500
vn 0.8584 -0.0670 -0.5086
vn 0.4931 -0.4350 -0.7534
vn 0.4936 -0.1135 -0.8622
vn 0.4936 -0.1135 0.8622
vn 0.8584 -0.0670 0.5086
vn 0.8544 -0.4500 0.2598
vn 0.8584 -0.5086 0.0670
vn 0.4931 -0.7534 0.4350
vn 0.4936 -0.8622 0.1135
vn 0.8544 0.4500 -0.2598
vn 0.8583 0.5087 -0.0669
vn 0.4931 0.7534 -0.4350
vn 0.4935 0.8623 -0.1135
vn 0.5124 0.8514 -0.1120
vn 0.8769 0.4766 -0.0627
vn 0.9929 0.1178 -0.0155
vn 0.5314 0.7336 -0.4236
vn 0.8904 0.3942 -0.2276
vn 0.9944 0.0913 -0.0527
vn 0.5618 0.4161 -0.7150
vn 0.5435 0.1126 -0.8318
vn 0.8936 0.2281 -0.3865
vn 0.8848 0.0548 -0.4627
vn 0.1472 0.8511 -0.5039
vn 0.5283 0.7372 -0.4211
vn 0.8673 0.4479 -0.2170
vn 0.4430 0.8164 0.3703
vn 0.4207 0.9006 0.1087
vn 0.8226 0.5143 0.2424
vn 0.8072 0.5860 0.0700
vn 0.4284 0.6261 0.6515
vn 0.8086 0.3934 0.4374
vn 0.5268 0.4233 -0.7371
vn 0.8882 0.2296 -0.3979
vn 0.9914 -0.1305 0.0000
vn 0.8660 -0.5000 0.0000
vn 0.5000 -0.8660 0.0000
vn 0.5128 0.5914 0.6222
vn 0.4438 0.3962 0.8038
vn 0.8803 0.3239 0.3466
vn 0.8402 0.2335 0.4894
vn 0.4931 0.7534 0.4350
vn 0.8544 0.4500 0.2598
vn 0.9891 0.1272 0.0734
vn 0.1302 -0.9830 -0.1294
vn 0.4936 -0.8622 -0.1135
vn 0.8584 -0.5086 -0.0670
vn 0.9901 -0.1388 -0.0183
vn 0.4931 -0.7534 -0.4350
vn 0.8544 -0.4500 -0.2598
vn 0.9891 -0.1272 -0.0734
vn 0.4931 -0.4350 0.7534
vn 0.8544 -0.2598 0.4500
vn 0.1320 0.4956 -0.8584
vn 0.4931 0.4350 -0.7534
vn 0.4936 0.1135 -0.8622
vn 0.8544 0.2598 -0.4500
vn 0.8584 0.0670 -0.5086
vn 0.8828 0.0588 -0.4661
vn 0.5212 0.1172 -0.8453
vn 0.8171 0.5743 -0.0508
vn 0.4487 0.8857 -0.1186
vn 0.1139 0.9836 -0.1396
vn 0.7920 0.2595 0.5527
vn 0.3945 0.4102 0.8222
vn 0.0932 -0.5812 -0.8084
vn 0.4299 -0.5099 -0.7451
vn 0.3945 -0.2023 -0.8963
vn 0.8692 -0.2845 -0.4043
vn 0.8543 -0.1007 -0.5099
vn 0.1205 -0.8591 -0.4973
vn 0.4914 -0.7541 -0.4356
vn 0.8768 -0.4259 -0.2233
vn 0.1091 -0.9860 -0.1262
vn 0.4786 -0.8709 -0.1115
vn 0.8566 -0.5116 -0.0662
vn 0.9916 0.0762 0.1046
vn 0.9928 0.0255 0.1169
vn 0.8975 0.1119 0.4265
vn 0.8761 0.2925 0.3832
vn 0.5468 0.2400 0.8021
vn 0.5063 0.5389 0.6732
vn 0.1301 0.6304 0.7653
vn 0.9919 0.1103 0.0637
vn 0.8893 0.3960 0.2288
vn 0.5291 0.7347 0.4246
vn 0.1371 0.8578 0.4954
vn 0.8753 0.4794 0.0632
vn 0.5095 0.8531 0.1126
vn 0.9930 0.1126 -0.0339
vn 0.9920 0.1258 -0.0084
vn 0.8693 0.4931 -0.0330
vn 0.8790 0.4562 -0.1385
vn 0.5029 0.8624 -0.0586
vn 0.5189 0.8162 -0.2540
vn 0.1358 0.9435 -0.3021
vn 0.9104 0.2442 -0.3340
vn 0.5473 0.5181 -0.6573
vn 0.1266 0.6218 -0.7728
vn 0.8535 0.0450 -0.5191
vn 0.4263 0.1001 -0.8990
vn 0.8631 -0.4997 0.0730
vn 0.9044 -0.3624 0.2252
vn 0.4947 -0.8604 0.1224
vn 0.5692 -0.7160 0.4041
vn 0.1137 -0.9864 0.1187
vn 0.1532 -0.8622 0.4829
vn 0.9118 -0.2124 0.3514
vn 0.5851 -0.4534 0.6723
vn 0.1605 -0.5830 0.7964
vn 0.8973 -0.0691 0.4359
vn 0.5629 -0.1686 0.8091
vn -0.1472 0.8511 -0.5039
vn -0.1139 0.9836 -0.1396
vn -0.1320 0.4956 -0.8584
vn -0.1302 0.1294 0.9830
vn -0.1302 -0.9830 -0.1294
vn 0.0000 0.6381 0.7699
vn 0.0000 0.8660 0.5000
vn 0.0000 -0.8660 0.5000
vn 0.0000 -0.5978 0.8016
vn 0.0000 -0.5978 -0.8016
vn 0.0000 -0.9914 -0.1305
vn 0.0000 -0.9914 0.1305
vn 0.0000 -0.8660 -0.5000
vn -0.0003 0.9514 -0.3077
vn -0.0002 0.6353 -0.7722
vn -0.9891 -0.0734 0.1272
vn -0.9901 -0.0183 0.1388
vn -1.0000 0.0000 0.0000
vn -0.9901 -0.1388 0.0183
vn -0.9891 -0.1272 0.0734
vn -0.9907 0.0584 0.1228
vn -0.9929 0.0107 -0.1183
vn -0.9962 0.0564 -0.0670
vn -0.9937 0.0759 0.0818
vn -0.9935 0.0114 -0.1132
vn -0.9943 0.0539 -0.0921
vn -0.9928 0.1188 0.0156
vn -0.9891 0.0734 -0.1272
vn -0.9901 0.0183 -0.1388
vn -0.9901 -0.0183 -0.1388
vn -0.9901 0.1389 -0.0183
vn -0.9891 0.1272 -0.0734
vn -0.9941 -0.0138 0.1069
vn -0.9954 -0.0492 0.0820
vn -0.9928 0.0619 -0.1022
vn -0.9923 0.0121 -0.1230
vn -0.9946 -0.0881 0.0547
vn -0.9904 -0.1365 0.0215
vn -0.9842 0.1768 -0.0066
vn -0.9892 0.1367 -0.0526
vn -0.9860 0.1488 0.0746
vn -0.9841 0.1763 0.0197
vn -0.9899 -0.1402 -0.0192
vn -0.9940 -0.0964 -0.0505
vn -0.9946 -0.0170 -0.1021
vn -0.9838 0.0689 0.1654
vn -0.9955 -0.0558 -0.0765
vn -0.9835 0.1132 0.1408
vn -0.1528 -0.2378 0.9592
vn -0.1441 0.2952 0.9445
vn 0.0002 0.9977 -0.0674
vn -0.1319 0.9828 0.1295
vn -0.1308 0.9891 -0.0673
vn 0.0001 0.1484 -0.9889
vn -0.0796 0.1397 -0.9870
vn -0.0705 -0.2370 -0.9689
vn -0.9920 0.1244 0.0226
vn -0.8697 0.4857 0.0880
vn -0.8831 0.4285 0.1913
vn -0.9936 0.1028 0.0459
vn -0.5038 0.8500 0.1537
vn -0.5206 0.7795 0.3481
vn -0.4959 0.8517 0.1694
vn -0.8617 0.4977 0.0989
vn -0.9908 0.1330 0.0264
vn -0.9901 0.0183 0.1388
vn -0.8584 0.0670 0.5086
vn -0.8544 0.2598 0.4500
vn -0.9891 0.0734 0.1272
vn -0.4936 0.1135 0.8622
vn -0.4931 0.4350 0.7534
vn -0.8584 -0.0670 -0.5086
vn -0.8544 -0.2598 -0.4500
vn -0.9891 -0.0734 -0.1272
vn -0.4936 -0.1135 -0.8622
vn -0.4931 -0.4350 -0.7534
vn -0.4936 -0.1135 0.8622
vn -0.8584 -0.0670 0.5086
vn -0.8584 -0.5086 0.0670
vn -0.8544 -0.4500 0.2598
vn -0.4936 -0.8622 0.1135
vn -0.4931 -0.7534 0.4350
vn -0.8583 0.5087 -0.0669
vn -0.8544 0.4500 -0.2598
vn -0.4935 0.8622 -0.1135
vn -0.4931 0.7534 -0.4350
vn -0.5124 0.8514 -0.1120
vn -0.8769 0.4766 -0.0627
vn -0.9929 0.1178 -0.0155
vn -0.5314 0.7336 -0.4236
vn -0.8904 0.3942 -0.2276
vn -0.9944 0.0913 -0.0527
vn -0.5435 0.1126 -0.8318
vn -0.5618 0.4161 -0.7150
vn -0.8848 0.0548 -0.4627
vn -0.8936 0.2281 -0.3865
vn -0.5283 0.7372 -0.4211
vn -0.8673 0.4479 -0.2170
vn -0.4207 0.9006 0.1087
vn -0.4430 0.8164 0.3703
vn -0.8072 0.5860 0.0700
vn -0.8226 0.5143 0.2424
vn -0.4284 0.6261 0.6515
vn -0.8086 0.3934 0.4374
vn -0.5268 0.4233 -0.7371
vn -0.8882 0.2296 -0.3979
vn -0.9914 -0.1305 0.0000
vn -0.8660 -0.5000 0.0000
vn -0.5000 -0.8660 0.0000
vn -0.4438 0.3962 0.8038
vn -0.5128 0.5914 0.6222
vn -0.8402 0.2335 0.4894
vn -0.8803 0.3239 0.3466
vn -0.4931 0.7534 0.4350
vn -0.8544 0.4500 0.2598
vn -0.9891 0.1272 0.0734
vn -0.4936 -0.8622 -0.1135
vn -0.8584 -0.5086 -0.0670
vn -0.9901 -0.1388 -0.0183
vn -0.4931 -0.7534 -0.4350
vn -0.8544 -0.4500 -0.2598
vn -0.9891 -0.1272 -0.0734
vn -0.4931 -0.4350 0.7534
vn -0.8544 -0.2598 0.4500
vn -0.4936 0.1135 -0.8622
vn -0.4931 0.4350 -0.7534
vn -0.8584 0.0670 -0.5086
vn -0.8544 0.2598 -0.4500
vn -0.8828 0.0588 -0.4660
vn -0.5212 0.1172 -0.8453
vn -0.8171 0.5743 -0.0508
vn -0.4487 0.8857 -0.1186
vn -0.7920 0.2595 0.5527
vn -0.3945 0.4102 0.8222
vn -0.3945 -0.2023 -0.8963
vn -0.4299 -0.5099 -0.7451
vn -0.0932 -0.5812 -0.8084
vn -0.8543 -0.1007 -0.5099
vn -0.8692 -0.2845 -0.4043
vn -0.4914 -0.7541 -0.4356
vn -0.1205 -0.8591 -0.4973
vn -0.8768 -0.4259 -0.2233
vn -0.4786 -0.8709 -0.1115
vn -0.1091 -0.9860 -0.1262
vn -0.8566 -0.5116 -0.0662
vn -0.9916 0.0762 0.1046
vn -0.8761 0.2925 0.3832
vn -0.8975 0.1119 0.4265
vn -0.9928 0.0255 0.1169
vn -0.5063 0.5389 0.6732
vn -0.5468 0.2400 0.8021
vn -0.1301 0.6304 0.7653
vn -0.9919 0.1103 0.0637
vn -0.8893 0.3960 0.2288
vn -0.5291 0.7347 0.4246
vn -0.1371 0.8578 0.4954
vn -0.8753 0.4794 0.0632
vn -0.5095 0.8531 0.1126
vn -0.9930 0.1126 -0.0339
vn -0.8790 0.4562 -0.1385
vn -0.8693 0.4931 -0.0330
vn -0.9920 0.1258 -0.0084
vn -0.5189 0.8162 -0.2540
vn -0.5029 0.8624 -0.0586
vn -0.1358 0.9435 -0.3021
vn -0.9104 0.2442 -0.3340
vn -0.5473 0.5181 -0.6573
vn -0.1266 0.6218 -0.7728
vn -0.8535 0.0450 -0.5191
vn -0.4263 0.1001 -0.8990
vn -0.9044 -0.3624 0.2252
vn -0.8631 -0.4997 0.0730
vn -0.5692 -0.7160 0.4041
vn -0.4947 -0.8604 0.1224
vn -0.1532 -0.8622 0.4829
vn -0.1137 -0.9864 0.1187
vn -0.9118 -0.2124 0.3514
vn -0.5851 -0.4534 0.6723
vn -0.1605 -0.5830 0.7964
vn -0.8973 -0.0691 0.4359
vn -0.5629 -0.1686 0.8091
vn 0.0002 0.6353 -0.7722
vn 0.0003 0.9514 -0.3077
usemtl WoodToy1
s 1
f 527/327/257 532/328/258 294/329/259 289/330/260
f 317/331/261 555/332/262 500/333/263 262/334/264
f 262/334/264 500/333/263 705/335/263 479/336/264
f 278/337/265 516/338/266 507/339/267 269/340/268
f 274/341/269 512/342/270 516/338/266 278/337/265
f 321/343/271 325/344/272 318/345/273 491/346/274 314/347/275
f 378/348/276 616/349/277 623/350/278 385/351/279
f 265/352/280 273/353/281 421/354/282 394/355/283
f 269/340/268 507/339/267 519/356/284 281/357/285
f 350/358/286 401/359/287 484/360/274 357/361/288
f 544/362/289 548/363/290 310/364/291 306/365/292
f 313/366/293 551/367/294 560/368/295 322/369/296
f 302/370/297 540/371/298 568/372/299 330/373/300
f 322/369/296 560/368/295 564/374/301 326/375/302
f 342/376/303 580/377/304 571/378/305 333/379/306
f 337/380/307 341/381/308 334/382/309 493/383/274 301/384/310 329/385/311
f 583/386/312 591/387/313 353/388/314 345/389/315
f 430/390/316 361/391/317 370/392/318 438/393/319
f 587/394/320 600/395/321 362/396/322 349/397/323
f 434/398/324 374/399/325 366/400/326 425/401/327
f 386/402/328 454/403/329 446/404/330 377/405/331
f 425/401/327 366/400/326 377/405/331 446/404/330
f 438/393/319 370/392/318 374/399/325 434/398/324
f 266/406/332 504/407/333 512/342/270 274/341/269
f 441/408/334 381/409/335 265/352/280 394/355/283
f 454/403/329 386/402/328 390/410/336 450/411/337
f 600/412/321 607/413/338 369/414/339 362/415/322
f 596/416/340 587/394/320 349/397/323 358/417/341
f 459/418/342 398/419/343 429/420/344 461/421/345
f 464/422/346 414/423/347 402/424/348 463/425/349
f 458/426/350 442/427/351 393/428/352 457/429/353
f 390/410/336 381/409/335 441/408/334 450/411/337
f 389/430/354 627/431/355 620/432/356 382/433/357
f 385/351/279 623/350/278 627/431/355 389/430/354
f 270/434/358 277/435/359 279/436/360 272/437/361
f 272/437/361 279/436/360 280/438/362 271/439/363
f 271/439/363 280/438/362 278/440/265 269/441/268
f 269/441/268 281/442/285 283/443/364 271/439/363
f 271/439/363 283/443/364 284/444/365 272/437/361
f 272/437/361 284/444/365 282/445/366 270/434/358
f 285/446/367 293/447/368 295/448/369 287/449/370
f 287/449/370 295/448/369 296/450/371 288/451/372
f 288/451/372 296/450/371 294/452/259 286/453/373
f 301/384/310 309/454/374 311/455/375 303/456/376
f 303/456/376 311/455/375 312/457/377 304/458/378
f 304/458/378 312/457/377 310/459/291 302/460/297
f 286/453/373 313/461/293 315/462/379 288/451/372
f 288/451/372 315/462/379 316/463/380 287/449/370
f 287/449/370 316/463/380 314/347/275 285/446/367
f 318/345/273 325/344/272 327/464/381 320/465/382
f 320/465/382 327/464/381 328/466/383 319/467/384
f 319/467/384 328/466/383 326/468/302 317/469/261
f 334/382/309 341/381/308 343/470/385 336/471/386
f 336/471/386 343/470/385 344/472/387 335/473/388
f 335/473/388 344/472/387 342/474/303 333/475/306
f 333/475/306 345/476/315 347/477/389 335/473/388
f 335/473/388 347/477/389 348/478/390 336/471/386
f 336/471/386 348/478/390 346/479/391 334/382/309
f 345/476/315 353/480/314 355/481/392 347/477/389
f 347/477/389 355/481/392 356/482/393 348/478/390
f 348/478/390 356/482/393 354/483/394 346/479/391
f 362/484/322 369/485/339 371/486/395 364/487/396
f 364/487/396 371/486/395 372/488/397 363/489/398
f 363/489/398 372/488/397 370/392/318 361/391/317
f 369/485/339 373/490/399 375/491/400 371/486/395
f 371/486/395 375/491/400 376/492/401 372/488/397
f 372/488/397 376/492/401 374/399/325 370/392/318
f 378/493/276 385/494/279 387/495/402 380/496/403
f 380/496/403 387/495/402 388/497/404 379/498/405
f 379/498/405 388/497/404 386/402/328 377/405/331
f 385/494/279 389/499/354 391/500/406 387/495/402
f 387/495/402 391/500/406 392/501/407 388/497/404
f 388/497/404 392/501/407 390/410/336 386/402/328
f 353/480/314 358/502/341 360/503/408 355/481/392
f 355/481/392 360/503/408 359/504/409 356/482/393
f 356/482/393 359/504/409 357/361/288 354/483/394
f 474/505/410 261/506/410 263/507/411 475/508/411
f 475/508/411 263/507/411 264/509/412 477/510/412
f 477/510/412 264/509/412 262/511/264 479/512/264
f 266/513/332 274/514/269 276/515/413 268/516/414
f 268/516/414 276/515/413 275/517/415 267/518/416
f 267/518/416 275/517/415 273/353/281 265/352/280
f 274/514/269 278/440/265 280/438/362 276/515/413
f 276/515/413 280/438/362 279/436/360 275/517/415
f 275/517/415 279/436/360 277/435/359 273/353/281
f 281/442/285 289/519/260 291/520/417 283/443/364
f 283/443/364 291/520/417 292/521/418 284/444/365
f 284/444/365 292/521/418 290/522/419 282/445/366
f 289/519/260 294/452/259 296/450/371 291/520/417
f 291/520/417 296/450/371 295/448/369 292/521/418
f 292/521/418 295/448/369 293/447/368 290/522/419
f 257/523/264 298/524/420 300/525/421 259/526/412
f 259/526/412 300/525/421 299/527/422 260/528/411
f 260/528/411 299/527/422 297/529/423 258/530/410
f 298/524/420 306/531/292 308/532/424 300/525/421
f 300/525/421 308/532/424 307/533/425 299/527/422
f 299/527/422 307/533/425 305/534/426 297/529/423
f 306/531/292 310/459/291 312/457/377 308/532/424
f 308/532/424 312/457/377 311/455/375 307/533/425
f 307/533/425 311/455/375 309/454/374 305/534/426
f 261/506/410 318/345/273 320/465/382 263/507/411
f 263/507/411 320/465/382 319/467/384 264/509/412
f 264/509/412 319/467/384 317/469/261 262/511/264
f 313/461/293 322/535/296 324/536/427 315/462/379
f 315/462/379 324/536/427 323/537/428 316/463/380
f 316/463/380 323/537/428 321/343/271 314/347/275
f 322/535/296 326/468/302 328/466/383 324/536/427
f 324/536/427 328/466/383 327/464/381 323/537/428
f 323/537/428 327/464/381 325/344/272 321/343/271
f 330/538/300 338/539/429 340/540/430 332/541/431
f 332/541/431 340/540/430 339/542/432 331/543/433
f 331/543/433 339/542/432 337/380/307 329/385/311
f 338/539/429 342/474/303 344/472/387 340/540/430
f 340/540/430 344/472/387 343/470/385 339/542/432
f 339/542/432 343/470/385 341/381/308 337/380/307
f 350/358/286 357/361/288 359/504/409 352/544/434
f 352/544/434 359/504/409 360/503/408 351/545/435
f 351/545/435 360/503/408 358/502/341 349/546/323
f 349/546/323 362/484/322 364/487/396 351/545/435
f 351/545/435 364/487/396 363/489/398 352/544/434
f 352/544/434 363/489/398 361/391/317 350/358/286
f 366/400/326 374/399/325 376/492/401 368/547/436
f 368/547/436 376/492/401 375/491/400 367/548/437
f 367/548/437 375/491/400 373/490/399 365/549/438
f 365/549/438 378/493/276 380/496/403 367/548/437
f 367/548/437 380/496/403 379/498/405 368/547/436
f 368/547/436 379/498/405 377/405/331 366/400/326
f 265/352/280 381/409/335 383/550/439 267/518/416
f 267/518/416 383/550/439 384/551/440 268/516/414
f 268/516/414 384/551/440 382/552/357 266/513/332
f 381/409/335 390/410/336 392/501/407 383/550/439
f 383/550/439 392/501/407 391/500/406 384/551/440
f 384/551/440 391/500/406 389/499/354 382/552/357
f 302/460/297 330/538/300 332/541/431 304/458/378
f 304/458/378 332/541/431 331/543/433 303/456/376
f 303/456/376 331/543/433 329/385/311 301/384/310
f 442/553/351 449/554/441 451/555/442 444/556/443
f 444/556/443 451/555/442 452/557/444 443/558/445
f 443/558/445 452/557/444 450/411/337 441/408/334
f 449/554/441 453/559/446 455/560/447 451/555/442
f 451/555/442 455/560/447 456/561/448 452/557/444
f 452/557/444 456/561/448 454/403/329 450/411/337
f 453/559/446 445/562/449 447/563/450 455/560/447
f 455/560/447 447/563/450 448/564/451 456/561/448
f 456/561/448 448/564/451 446/404/330 454/403/329
f 405/565/452 397/566/453 399/567/454 407/568/455
f 407/568/455 399/567/454 400/569/456 408/570/457
f 408/570/457 400/569/456 398/571/343 406/572/458
f 409/573/459 405/565/452 407/568/455 411/574/460
f 411/574/460 407/568/455 408/570/457 412/575/461
f 412/575/461 408/570/457 406/572/458 410/576/462
f 401/359/287 409/573/459 411/574/460 403/577/463
f 403/577/463 411/574/460 412/575/461 404/578/464
f 404/578/464 412/575/461 410/576/462 402/579/348
f 417/580/465 413/581/466 415/582/467 419/583/468
f 419/583/468 415/582/467 416/584/469 420/585/470
f 420/585/470 416/584/469 414/586/347 418/587/471
f 421/354/282 417/580/465 419/583/468 423/588/472
f 423/588/472 419/583/468 420/585/470 424/589/473
f 424/589/473 420/585/470 418/587/471 422/590/474
f 394/355/283 421/354/282 423/588/472 396/591/475
f 396/591/475 423/588/472 424/589/473 395/592/476
f 395/592/476 424/589/473 422/590/474 393/593/352
f 434/398/324 425/401/327 427/594/477 436/595/478
f 436/595/478 427/594/477 428/596/479 435/597/480
f 435/597/480 428/596/479 426/598/481 433/599/482
f 438/393/319 434/398/324 436/595/478 440/600/483
f 440/600/483 436/595/478 435/597/480 439/601/484
f 439/601/484 435/597/480 433/599/482 437/602/485
f 430/390/316 438/393/319 440/600/483 432/603/486
f 432/603/486 440/600/483 439/601/484 431/604/487
f 431/604/487 439/601/484 437/602/485 429/605/344
f 413/581/466 401/359/287 403/577/463 415/582/467
f 415/582/467 403/577/463 404/578/464 416/584/469
f 416/584/469 404/578/464 402/579/348 414/586/347
f 445/562/449 426/598/481 428/596/479 447/563/450
f 447/563/450 428/596/479 427/594/477 448/564/451
f 448/564/451 427/594/477 425/401/327 446/404/330
f 429/605/344 398/571/343 400/569/456 431/604/487
f 431/604/487 400/569/456 399/567/454 432/603/486
f 432/603/486 399/567/454 397/566/453 430/390/316
f 441/408/334 394/355/283 396/591/475 443/558/445
f 443/558/445 396/591/475 395/592/476 444/556/443
f 444/556/443 395/592/476 393/593/352 442/553/351
f 607/413/338 611/606/488 373/607/399 369/414/339
f 519/356/284 527/327/257 289/330/260 281/357/285
f 611/606/488 603/608/489 365/609/438 373/607/399
f 603/608/489 616/349/277 378/348/276 365/609/438
f 330/373/300 568/372/299 576/610/490 338/611/429
f 591/387/313 596/416/340 358/417/341 353/388/314
f 338/611/429 576/610/490 580/377/304 342/376/303
f 583/386/312 345/389/315 333/612/306 571/613/305
f 326/375/302 564/374/301 555/614/262 317/615/261
f 551/367/294 313/366/293 286/616/373 524/617/491
f 548/363/290 540/371/298 302/370/297 310/364/291
f 532/328/258 524/617/491 286/616/373 294/329/259
f 382/433/357 620/432/356 504/407/333 266/406/332
f 536/618/492 544/362/289 306/365/292 298/619/420
f 480/620/264 706/621/263 495/622/263 257/623/264
f 406/624/458 460/625/493 462/626/494 410/627/462
f 433/628/482 468/629/495 470/630/496 437/631/485
f 442/427/351 458/426/350 471/632/497 449/633/441
f 426/634/481 445/635/449 469/636/498 467/637/499
f 449/633/441 471/632/497 472/638/500 453/639/446
f 453/639/446 472/638/500 469/636/498 445/635/449
f 418/640/471 465/641/501 466/642/502 422/643/474
f 426/644/481 467/645/499 468/629/495 433/628/482
f 422/643/474 466/642/502 457/429/353 393/428/352
f 414/423/347 464/422/346 465/641/501 418/640/471
f 437/631/485 470/630/496 461/421/345 429/420/344
f 398/419/343 459/418/342 460/625/493 406/624/458
f 410/627/462 462/626/494 463/425/349 402/424/348
f 259/526/412 478/646/412 480/647/264 257/523/264
f 478/646/412 477/510/412 479/512/264 480/647/264
f 260/528/411 476/648/411 478/646/412 259/526/412
f 476/648/411 475/508/411 477/510/412 478/646/412
f 258/530/410 473/649/410 476/648/411 260/528/411
f 473/649/410 474/505/410 475/508/411 476/648/411
f 479/336/264 705/335/263 706/621/263 480/620/264
f 261/506/410 474/505/410 489/650/274 492/651/274
f 488/652/274 482/653/274 487/654/274 483/655/274
f 401/359/287 350/358/286 361/391/317 430/390/316 397/566/453 405/565/452 409/573/459
f 277/435/359 417/580/465 421/354/282 273/353/281
f 473/649/410 490/656/274 489/650/274 474/505/410
f 297/529/423 493/383/274 494/657/274 258/530/410
f 482/653/274 491/346/274 492/651/274 487/654/274
f 293/447/368 488/652/274 282/445/366 290/522/419
f 357/361/288 484/360/274 485/658/274 354/483/394
f 483/655/274 481/659/274 277/435/359 270/434/358
f 481/659/274 484/360/274 401/359/287 413/581/466
f 481/659/274 413/581/466 417/580/465 277/435/359
f 285/446/367 482/653/274 488/652/274 293/447/368
f 487/654/274 486/660/274 481/659/274 483/655/274
f 486/660/274 485/658/274 484/360/274 481/659/274
f 354/483/394 485/658/274 490/656/274 494/657/274 346/479/391
f 282/445/366 488/652/274 483/655/274 270/434/358
f 494/657/274 493/383/274 334/382/309 346/479/391
f 494/657/274 490/656/274 473/649/410 258/530/410
f 314/347/275 491/346/274 482/653/274 285/446/367
f 301/384/310 493/383/274 297/529/423 305/534/426 309/454/374
f 492/651/274 491/346/274 318/345/273 261/506/410
f 492/651/274 489/650/274 486/660/274 487/654/274
f 489/650/274 490/656/274 485/658/274 486/660/274
f 559/661/503 552/662/504 717/663/505 556/664/506 563/665/507
f 503/666/508 632/667/509 659/668/510 511/669/511
f 588/670/512 595/671/513 710/672/505 639/673/514
f 575/674/515 567/675/516 539/676/517 719/677/505 572/678/518 579/679/519
f 668/680/520 676/681/521 608/682/522 599/683/523
f 672/684/524 663/685/525 604/686/526 612/687/527
f 624/688/528 615/689/529 684/690/530 692/691/531
f 663/685/525 684/690/530 615/689/529 604/686/526
f 676/681/521 672/684/524 612/687/527 608/682/522
f 679/692/532 632/667/509 503/666/508 619/693/533
f 692/691/531 688/694/534 628/695/535 624/688/528
f 459/418/342 461/421/345 667/696/536 636/697/537
f 696/698/538 463/425/349 640/699/539 652/700/540
f 458/426/350 695/701/541 631/702/542 680/703/543
f 628/695/535 688/694/534 679/692/532 619/693/533
f 508/704/544 510/705/545 517/706/546 515/707/547
f 510/705/545 509/708/548 518/709/549 517/706/546
f 509/708/548 507/710/267 516/711/266 518/709/549
f 507/710/267 509/708/548 521/712/550 519/713/284
f 509/708/548 510/705/545 522/714/551 521/712/550
f 510/705/545 508/704/544 520/715/552 522/714/551
f 523/716/553 525/717/554 533/718/555 531/719/556
f 525/717/554 526/720/557 534/721/558 533/718/555
f 526/720/557 524/722/491 532/723/258 534/721/558
f 539/676/517 541/724/559 549/725/560 547/726/561
f 541/724/559 542/727/562 550/728/563 549/725/560
f 542/727/562 540/729/298 548/730/290 550/728/563
f 524/722/491 526/720/557 553/731/564 551/732/294
f 526/720/557 525/717/554 554/733/565 553/731/564
f 525/717/554 523/716/553 552/662/504 554/733/565
f 556/664/506 558/734/566 565/735/567 563/665/507
f 558/734/566 557/736/568 566/737/569 565/735/567
f 557/736/568 555/738/262 564/739/301 566/737/569
f 572/678/518 574/740/570 581/741/571 579/679/519
f 574/740/570 573/742/572 582/743/573 581/741/571
f 573/742/572 571/744/305 580/745/304 582/743/573
f 571/744/305 573/742/572 585/746/574 583/747/312
f 573/742/572 574/740/570 586/748/575 585/746/574
f 574/740/570 572/678/518 584/749/576 586/748/575
f 583/747/312 585/746/574 593/750/577 591/751/313
f 585/746/574 586/748/575 594/752/578 593/750/577
f 586/748/575 584/749/576 592/753/579 594/752/578
f 600/754/321 602/755/580 609/756/581 607/757/338
f 602/755/580 601/758/582 610/759/583 609/756/581
f 601/758/582 599/683/523 608/682/522 610/759/583
f 607/757/338 609/756/581 613/760/584 611/761/488
f 609/756/581 610/759/583 614/762/585 613/760/584
f 610/759/583 608/682/522 612/687/527 614/762/585
f 616/763/277 618/764/586 625/765/587 623/766/278
f 618/764/586 617/767/588 626/768/589 625/765/587
f 617/767/588 615/689/529 624/688/528 626/768/589
f 623/766/278 625/765/587 629/769/590 627/770/355
f 625/765/587 626/768/589 630/771/591 629/769/590
f 626/768/589 624/688/528 628/695/535 630/771/591
f 591/751/313 593/750/577 598/772/592 596/773/340
f 593/750/577 594/752/578 597/774/593 598/772/592
f 594/752/578 592/753/579 595/671/513 597/774/593
f 700/775/594 701/776/595 501/777/595 499/778/594
f 701/776/595 703/779/596 502/780/596 501/777/595
f 703/779/596 705/781/263 500/782/263 502/780/596
f 504/783/333 506/784/597 514/785/598 512/786/270
f 506/784/597 505/787/599 513/788/600 514/785/598
f 505/787/599 503/666/508 511/669/511 513/788/600
f 512/786/270 514/785/598 518/709/549 516/711/266
f 514/785/598 513/788/600 517/706/546 518/709/549
f 513/788/600 511/669/511 515/707/547 517/706/546
f 519/713/284 521/712/550 529/789/601 527/790/257
f 521/712/550 522/714/551 530/791/602 529/789/601
f 522/714/551 520/715/552 528/792/603 530/791/602
f 527/790/257 529/789/601 534/721/558 532/723/258
f 529/789/601 530/791/602 533/718/555 534/721/558
f 530/791/602 528/792/603 531/719/556 533/718/555
f 495/793/263 497/794/596 538/795/604 536/796/492
f 497/794/596 498/797/595 537/798/605 538/795/604
f 498/797/595 496/799/594 535/800/606 537/798/605
f 536/796/492 538/795/604 546/801/607 544/802/289
f 538/795/604 537/798/605 545/803/608 546/801/607
f 537/798/605 535/800/606 543/804/609 545/803/608
f 544/802/289 546/801/607 550/728/563 548/730/290
f 546/801/607 545/803/608 549/725/560 550/728/563
f 545/803/608 543/804/609 547/726/561 549/725/560
f 499/778/594 501/777/595 558/734/566 556/664/506
f 501/777/595 502/780/596 557/736/568 558/734/566
f 502/780/596 500/782/263 555/738/262 557/736/568
f 551/732/294 553/731/564 562/805/610 560/806/295
f 553/731/564 554/733/565 561/807/611 562/805/610
f 554/733/565 552/662/504 559/661/503 561/807/611
f 560/806/295 562/805/610 566/737/569 564/739/301
f 562/805/610 561/807/611 565/735/567 566/737/569
f 561/807/611 559/661/503 563/665/507 565/735/567
f 568/808/299 570/809/612 578/810/613 576/811/490
f 570/809/612 569/812/614 577/813/615 578/810/613
f 569/812/614 567/675/516 575/674/515 577/813/615
f 576/811/490 578/810/613 582/743/573 580/745/304
f 578/810/613 577/813/615 581/741/571 582/743/573
f 577/813/615 575/674/515 579/679/519 581/741/571
f 588/670/512 590/814/616 597/774/593 595/671/513
f 590/814/616 589/815/617 598/772/592 597/774/593
f 589/815/617 587/816/320 596/773/340 598/772/592
f 587/816/320 589/815/617 602/755/580 600/754/321
f 589/815/617 590/814/616 601/758/582 602/755/580
f 590/814/616 588/670/512 599/683/523 601/758/582
f 604/686/526 606/817/618 614/762/585 612/687/527
f 606/817/618 605/818/619 613/760/584 614/762/585
f 605/818/619 603/819/489 611/761/488 613/760/584
f 603/819/489 605/818/619 618/764/586 616/763/277
f 605/818/619 606/817/618 617/767/588 618/764/586
f 606/817/618 604/686/526 615/689/529 617/767/588
f 503/666/508 505/787/599 621/820/620 619/693/533
f 505/787/599 506/784/597 622/821/621 621/820/620
f 506/784/597 504/783/333 620/822/356 622/821/621
f 619/693/533 621/820/620 630/771/591 628/695/535
f 621/820/620 622/821/621 629/769/590 630/771/591
f 622/821/621 620/822/356 627/770/355 629/769/590
f 540/729/298 542/727/562 570/809/612 568/808/299
f 542/727/562 541/724/559 569/812/614 570/809/612
f 541/724/559 539/676/517 567/675/516 569/812/614
f 680/823/543 682/824/622 689/825/623 687/826/624
f 682/824/622 681/827/625 690/828/626 689/825/623
f 681/827/625 679/692/532 688/694/534 690/828/626
f 687/826/624 689/825/623 693/829/627 691/830/628
f 689/825/623 690/828/626 694/831/629 693/829/627
f 690/828/626 688/694/534 692/691/531 694/831/629
f 691/830/628 693/829/627 685/832/630 683/833/631
f 693/829/627 694/831/629 686/834/632 685/832/630
f 694/831/629 692/691/531 684/690/530 686/834/632
f 643/835/633 645/836/634 637/837/635 635/838/636
f 645/836/634 646/839/637 638/840/638 637/837/635
f 646/839/637 644/841/639 636/842/537 638/840/638
f 647/843/640 649/844/641 645/836/634 643/835/633
f 649/844/641 650/845/642 646/839/637 645/836/634
f 650/845/642 648/846/643 644/841/639 646/839/637
f 639/673/514 641/847/644 649/844/641 647/843/640
f 641/847/644 642/848/645 650/845/642 649/844/641
f 642/848/645 640/849/539 648/846/643 650/845/642
f 655/850/646 657/851/647 653/852/648 651/853/649
f 657/851/647 658/854/650 654/855/651 653/852/648
f 658/854/650 656/856/652 652/857/540 654/855/651
f 659/668/510 661/858/653 657/851/647 655/850/646
f 661/858/653 662/859/654 658/854/650 657/851/647
f 662/859/654 660/860/655 656/856/652 658/854/650
f 632/667/509 634/861/656 661/858/653 659/668/510
f 634/861/656 633/862/657 662/859/654 661/858/653
f 633/862/657 631/863/542 660/860/655 662/859/654
f 672/684/524 674/864/658 665/865/659 663/685/525
f 674/864/658 673/866/660 666/867/661 665/865/659
f 673/866/660 671/868/662 664/869/663 666/867/661
f 676/681/521 678/870/664 674/864/658 672/684/524
f 678/870/664 677/871/665 673/866/660 674/864/658
f 677/871/665 675/872/666 671/868/662 673/866/660
f 668/680/520 670/873/667 678/870/664 676/681/521
f 670/873/667 669/874/668 677/871/665 678/870/664
f 669/874/668 667/875/536 675/872/666 677/871/665
f 651/853/649 653/852/648 641/847/644 639/673/514
f 653/852/648 654/855/651 642/848/645 641/847/644
f 654/855/651 652/857/540 640/849/539 642/848/645
f 683/833/631 685/832/630 666/867/661 664/869/663
f 685/832/630 686/834/632 665/865/659 666/867/661
f 686/834/632 684/690/530 663/685/525 665/865/659
f 667/875/536 669/874/668 638/840/638 636/842/537
f 669/874/668 670/873/667 637/837/635 638/840/638
f 670/873/667 668/680/520 635/838/636 637/837/635
f 679/692/532 681/827/625 634/861/656 632/667/509
f 681/827/625 682/824/622 633/862/657 634/861/656
f 682/824/622 680/823/543 631/863/542 633/862/657
f 644/876/639 648/877/643 462/626/494 460/625/493
f 671/878/662 675/879/666 470/630/496 468/629/495
f 680/703/543 687/880/624 471/632/497 458/426/350
f 664/881/663 467/637/499 469/636/498 683/882/631
f 687/880/624 691/883/628 472/638/500 471/632/497
f 691/883/628 683/882/631 469/636/498 472/638/500
f 656/884/652 660/885/655 698/886/669 697/887/670
f 664/888/663 671/878/662 468/629/495 467/645/499
f 660/885/655 631/702/542 695/701/541 698/886/669
f 652/700/540 656/884/652 697/887/670 696/698/538
f 675/879/666 667/696/536 461/421/345 470/630/496
f 636/697/537 644/876/639 460/625/493 459/418/342
f 648/877/643 640/699/539 463/425/349 462/626/494
f 497/794/596 495/793/263 706/889/263 704/890/596
f 704/890/596 706/889/263 705/781/263 703/779/596
f 498/797/595 497/794/596 704/890/596 702/891/595
f 702/891/595 704/890/596 703/779/596 701/776/595
f 496/799/594 498/797/595 702/891/595 699/892/594
f 699/892/594 702/891/595 701/776/595 700/775/594
f 499/778/594 718/893/505 715/894/505 700/775/594
f 714/895/505 709/896/505 713/897/505 708/898/505
f 639/673/514 647/843/640 643/835/633 635/838/636 668/680/520 599/683/523 588/670/512
f 515/707/547 511/669/511 659/668/510 655/850/646
f 699/892/594 700/775/594 715/894/505 716/899/505
f 535/800/606 496/799/594 720/900/505 719/677/505
f 708/898/505 713/897/505 718/893/505 717/663/505
f 531/719/556 528/792/603 520/715/552 714/895/505
f 595/671/513 592/753/579 711/901/505 710/672/505
f 709/896/505 508/704/544 515/707/547 707/902/505
f 707/902/505 651/853/649 639/673/514 710/672/505
f 707/902/505 515/707/547 655/850/646 651/853/649
f 523/716/553 531/719/556 714/895/505 708/898/505
f 713/897/505 709/896/505 707/902/505 712/903/505
f 712/903/505 707/902/505 710/672/505 711/901/505
f 592/753/579 584/749/576 720/900/505 716/899/505 711/901/505
f 520/715/552 508/704/544 709/896/505 714/895/505
f 720/900/505 584/749/576 572/678/518 719/677/505
f 720/900/505 496/799/594 699/892/594 716/899/505
f 552/662/504 523/716/553 708/898/505 717/663/505
f 539/676/517 547/726/561 543/804/609 535/800/606 719/677/505
f 718/893/505 499/778/594 556/664/506 717/663/505
f 718/893/505 713/897/505 712/903/505 715/894/505
f 715/894/505 712/903/505 711/901/505 716/899/505
f 536/618/492 298/619/420 257/623/264 495/622/263
o Cylinder
v -11.412777 1.232082 -6.840987
v -11.839843 1.002290 -6.840987
v -11.412777 1.185261 -6.605605
v -11.839843 0.972962 -6.693542
v -11.412777 1.051929 -6.406058
v -11.839843 0.889441 -6.568546
v -11.412777 0.852382 -6.272726
v -11.839843 0.764444 -6.485025
v -11.412777 0.617000 -6.225905
v -11.839843 0.617000 -6.455697
v -11.412777 0.381619 -6.272726
v -11.839843 0.469556 -6.485025
v -11.412777 0.182072 -6.406058
v -11.839843 0.344559 -6.568546
v -11.412777 0.048739 -6.605605
v -11.839843 0.261039 -6.693542
v -11.412777 0.001919 -6.840987
v -11.839843 0.231710 -6.840987
v -11.412777 0.048739 -7.076368
v -11.839843 0.261039 -6.988431
v -11.412777 0.182072 -7.275915
v -11.839843 0.344559 -7.113428
v -11.412777 0.381619 -7.409248
v -11.839843 0.469556 -7.196948
v -11.412777 0.617000 -7.456068
v -11.839843 0.617000 -7.226276
v -11.412777 0.852382 -7.409248
v -11.839843 0.764444 -7.196948
v -11.412777 1.051929 -7.275915
v -11.839843 0.889441 -7.113428
v -11.412777 1.185261 -7.076368
v -11.839843 0.972962 -6.988431
v -11.617237 0.783189 -6.772149
v -11.617237 0.796881 -6.840987
v -11.617237 0.744195 -6.713791
v -11.617237 0.685838 -6.674798
v -11.617237 0.617000 -6.661106
v -11.617237 0.548163 -6.674798
v -11.617237 0.489805 -6.713791
v -11.617237 0.450812 -6.772149
v -11.617237 0.437119 -6.840987
v -11.617237 0.450812 -6.909824
v -11.617237 0.489805 -6.968182
v -11.617237 0.548163 -7.007175
v -11.617237 0.617000 -7.020868
v -11.617237 0.685838 -7.007175
v -11.617237 0.744195 -6.968182
v -11.617237 0.783189 -6.909824
v -11.839843 1.131084 -6.628046
v -11.782330 1.185261 -6.605605
v -11.822998 1.169393 -6.612178
v -11.782330 1.232082 -6.840987
v -11.839843 1.173441 -6.840987
v -11.822998 1.214906 -6.840987
v -11.839843 1.010463 -6.447524
v -11.782330 1.051928 -6.406059
v -11.822998 1.039784 -6.418203
v -11.839843 0.829941 -6.326903
v -11.782330 0.852382 -6.272726
v -11.822998 0.845809 -6.288594
v -11.839843 0.617000 -6.284546
v -11.782330 0.617000 -6.225905
v -11.822998 0.617000 -6.243081
v -11.839843 0.404060 -6.326902
v -11.782330 0.381619 -6.272726
v -11.822998 0.388192 -6.288594
v -11.839843 0.223537 -6.447524
v -11.782330 0.182072 -6.406059
v -11.822998 0.194217 -6.418203
v -11.839843 0.102916 -6.628046
v -11.782330 0.048739 -6.605605
v -11.822998 0.064607 -6.612178
v -11.839843 0.060560 -6.840987
v -11.782330 0.001919 -6.840987
v -11.822998 0.019094 -6.840987
v -11.839843 0.102916 -7.053927
v -11.782330 0.048739 -7.076368
v -11.822998 0.064607 -7.069795
v -11.839843 0.223537 -7.234449
v -11.782330 0.182072 -7.275915
v -11.822998 0.194217 -7.263770
v -11.839843 0.404060 -7.355071
v -11.782330 0.381619 -7.409248
v -11.822998 0.388192 -7.393380
v -11.839843 0.617000 -7.397427
v -11.782330 0.617000 -7.456068
v -11.822998 0.617000 -7.438892
v -11.839843 0.829941 -7.355071
v -11.782330 0.852382 -7.409248
v -11.822998 0.845809 -7.393380
v -11.839843 1.010463 -7.234450
v -11.782330 1.051928 -7.275915
v -11.822998 1.039783 -7.263770
v -11.839843 1.131084 -7.053927
v -11.782330 1.185261 -7.076368
v -11.822998 1.169393 -7.069796
v -8.587222 1.232082 -6.840987
v -8.160156 1.002290 -6.840987
v -8.587222 1.185261 -6.605605
v -8.160156 0.972962 -6.693542
v -8.587222 1.051929 -6.406058
v -8.160156 0.889441 -6.568545
v -8.587222 0.852382 -6.272726
v -8.160156 0.764444 -6.485025
v -8.587222 0.617000 -6.225905
v -8.160156 0.617000 -6.455697
v -8.587222 0.381619 -6.272726
v -8.160156 0.469556 -6.485025
v -8.587223 0.182072 -6.406058
v -8.160156 0.344559 -6.568545
v -8.587223 0.048739 -6.605605
v -8.160156 0.261039 -6.693542
v -8.587223 0.001919 -6.840987
v -8.160156 0.231710 -6.840987
v -8.587223 0.048739 -7.076368
v -8.160156 0.261039 -6.988431
v -8.587223 0.182072 -7.275915
v -8.160156 0.344559 -7.113428
v -8.587222 0.381619 -7.409247
v -8.160156 0.469556 -7.196948
v -8.587222 0.617000 -7.456068
v -8.160156 0.617000 -7.226276
v -8.587222 0.852382 -7.409247
v -8.160156 0.764444 -7.196948
v -8.587222 1.051928 -7.275915
v -8.160156 0.889441 -7.113428
v -8.587222 1.185261 -7.076368
v -8.160156 0.972962 -6.988431
v -8.382763 0.783189 -6.772149
v -8.382763 0.796881 -6.840987
v -8.382763 0.744195 -6.713791
v -8.382763 0.685838 -6.674798
v -8.382763 0.617000 -6.661106
v -8.382763 0.548163 -6.674798
v -8.382763 0.489805 -6.713791
v -8.382763 0.450812 -6.772149
v -8.382763 0.437119 -6.840987
v -8.382763 0.450812 -6.909824
v -8.382763 0.489805 -6.968182
v -8.382763 0.548163 -7.007175
v -8.382763 0.617000 -7.020868
v -8.382763 0.685838 -7.007175
v -8.382763 0.744195 -6.968182
v -8.382763 0.783189 -6.909824
v -8.160156 1.131084 -6.628046
v -8.217670 1.185261 -6.605605
v -8.177002 1.169393 -6.612178
v -8.217670 1.232082 -6.840987
v -8.160156 1.173441 -6.840987
v -8.177002 1.214906 -6.840987
v -8.160156 1.010463 -6.447524
v -8.217670 1.051928 -6.406058
v -8.177002 1.039784 -6.418203
v -8.160156 0.829941 -6.326902
v -8.217670 0.852382 -6.272726
v -8.177002 0.845809 -6.288594
v -8.160156 0.617000 -6.284546
v -8.217670 0.617000 -6.225905
v -8.177002 0.617000 -6.243081
v -8.160156 0.404060 -6.326902
v -8.217670 0.381619 -6.272726
v -8.177002 0.388192 -6.288594
v -8.160156 0.223537 -6.447524
v -8.217670 0.182072 -6.406058
v -8.177002 0.194217 -6.418203
v -8.160156 0.102916 -6.628046
v -8.217670 0.048739 -6.605605
v -8.177002 0.064607 -6.612178
v -8.160156 0.060560 -6.840987
v -8.217670 0.001919 -6.840987
v -8.177002 0.019094 -6.840987
v -8.160156 0.102916 -7.053927
v -8.217670 0.048739 -7.076368
v -8.177002 0.064607 -7.069795
v -8.160156 0.223537 -7.234449
v -8.217670 0.182072 -7.275915
v -8.177002 0.194217 -7.263770
v -8.160156 0.404060 -7.355071
v -8.217670 0.381619 -7.409247
v -8.177002 0.388192 -7.393379
v -8.160156 0.617000 -7.397427
v -8.217670 0.617000 -7.456068
v -8.177002 0.617000 -7.438892
v -8.160156 0.829941 -7.355071
v -8.217670 0.852382 -7.409247
v -8.177002 0.845809 -7.393379
v -8.160156 1.010463 -7.234449
v -8.217670 1.051928 -7.275915
v -8.177002 1.039783 -7.263770
v -8.160156 1.131084 -7.053927
v -8.217670 1.185261 -7.076368
v -8.177002 1.169393 -7.069795
v -11.412777 1.232082 -6.840987
v -11.412777 1.185261 -6.605605
v -11.412777 1.051929 -6.406058
v -11.412777 0.852382 -6.272726
v -11.412777 0.617000 -6.225905
v -11.412777 0.381619 -6.272726
v -11.412777 0.182072 -6.406058
v -11.412777 0.048739 -6.605605
v -11.412777 0.001919 -6.840987
v -11.412777 0.048739 -7.076368
v -11.412777 0.182072 -7.275915
v -11.412777 0.381619 -7.409248
v -11.412777 0.617000 -7.456068
v -11.412777 0.852382 -7.409248
v -11.412777 1.051929 -7.275915
v -11.412777 1.185261 -7.076368
v -11.839843 0.972962 -6.693542
v -11.839843 1.002290 -6.840987
v -11.839843 0.889441 -6.568546
v -11.839843 0.764444 -6.485025
v -11.839843 0.617000 -6.455697
v -11.839843 0.469556 -6.485025
v -11.839843 0.344559 -6.568546
v -11.839843 0.261039 -6.693542
v -11.839843 0.231710 -6.840987
v -11.839843 0.261039 -6.988431
v -11.839843 0.344559 -7.113428
v -11.839843 0.469556 -7.196948
v -11.839843 0.617000 -7.226276
v -11.839843 0.764444 -7.196948
v -11.839843 0.889441 -7.113428
v -11.839843 0.972962 -6.988431
v -11.617237 0.783189 -6.772149
v -11.617237 0.796881 -6.840987
v -11.617237 0.744195 -6.713791
v -11.617237 0.685838 -6.674798
v -11.617237 0.617000 -6.661106
v -11.617237 0.548163 -6.674798
v -11.617237 0.489805 -6.713791
v -11.617237 0.450812 -6.772149
v -11.617237 0.437119 -6.840987
v -11.617237 0.450812 -6.909824
v -11.617237 0.489805 -6.968182
v -11.617237 0.548163 -7.007175
v -11.617237 0.617000 -7.020868
v -11.617237 0.685838 -7.007175
v -11.617237 0.744195 -6.968182
v -11.617237 0.783189 -6.909824
v -11.822998 1.214906 -6.840987
v -11.822998 1.169393 -6.612178
v -11.822998 1.039784 -6.418203
v -11.822998 0.845809 -6.288594
v -11.822998 0.617000 -6.243081
v -11.822998 0.388192 -6.288594
v -11.822998 0.194217 -6.418203
v -11.822998 0.064607 -6.612178
v -11.822998 0.019094 -6.840987
v -11.822998 0.064607 -7.069795
v -11.822998 0.194217 -7.263770
v -11.822998 0.388192 -7.393380
v -11.822998 0.617000 -7.438892
v -11.822998 0.845809 -7.393380
v -11.822998 1.039783 -7.263770
v -11.822998 1.169393 -7.069796
v -8.587222 1.232082 -6.840987
v -8.587222 1.185261 -6.605605
v -8.587222 1.051929 -6.406058
v -8.587222 0.852382 -6.272726
v -8.587222 0.617000 -6.225905
v -8.587222 0.381619 -6.272726
v -8.587223 0.182072 -6.406058
v -8.587223 0.048739 -6.605605
v -8.587223 0.001919 -6.840987
v -8.587223 0.048739 -7.076368
v -8.587223 0.182072 -7.275915
v -8.587222 0.381619 -7.409247
v -8.587222 0.617000 -7.456068
v -8.587222 0.852382 -7.409247
v -8.587222 1.051928 -7.275915
v -8.587222 1.185261 -7.076368
v -8.160156 0.972962 -6.693542
v -8.160156 1.002290 -6.840987
v -8.160156 0.889441 -6.568545
v -8.160156 0.764444 -6.485025
v -8.160156 0.617000 -6.455697
v -8.160156 0.469556 -6.485025
v -8.160156 0.344559 -6.568545
v -8.160156 0.261039 -6.693542
v -8.160156 0.231710 -6.840987
v -8.160156 0.261039 -6.988431
v -8.160156 0.344559 -7.113428
v -8.160156 0.469556 -7.196948
v -8.160156 0.617000 -7.226276
v -8.160156 0.764444 -7.196948
v -8.160156 0.889441 -7.113428
v -8.160156 0.972962 -6.988431
v -8.382763 0.783189 -6.772149
v -8.382763 0.796881 -6.840987
v -8.382763 0.744195 -6.713791
v -8.382763 0.685838 -6.674798
v -8.382763 0.617000 -6.661106
v -8.382763 0.548163 -6.674798
v -8.382763 0.489805 -6.713791
v -8.382763 0.450812 -6.772149
v -8.382763 0.437119 -6.840987
v -8.382763 0.450812 -6.909824
v -8.382763 0.489805 -6.968182
v -8.382763 0.548163 -7.007175
v -8.382763 0.617000 -7.020868
v -8.382763 0.685838 -7.007175
v -8.382763 0.744195 -6.968182
v -8.382763 0.783189 -6.909824
v -8.177002 1.214906 -6.840987
v -8.177002 1.169393 -6.612178
v -8.177002 1.039784 -6.418203
v -8.177002 0.845809 -6.288594
v -8.177002 0.617000 -6.243081
v -8.177002 0.388192 -6.288594
v -8.177002 0.194217 -6.418203
v -8.177002 0.064607 -6.612178
v -8.177002 0.019094 -6.840987
v -8.177002 0.064607 -7.069795
v -8.177002 0.194217 -7.263770
v -8.177002 0.388192 -7.393379
v -8.177002 0.617000 -7.438892
v -8.177002 0.845809 -7.393379
v -8.177002 1.039783 -7.263770
v -8.177002 1.169393 -7.069795
vt 0.023723 0.932712
vt 0.033973 0.917946
vt 0.041411 0.920893
vt 0.037593 0.938456
vt 0.038500 0.910951
vt 0.042916 0.912698
vt 0.041924 0.917997
vt 0.035555 0.915467
vt 0.047666 0.912623
vt 0.048777 0.917897
vt 0.052025 0.910737
vt 0.055069 0.915183
vt 0.055328 0.907327
vt 0.059842 0.910269
vt 0.057073 0.902915
vt 0.062369 0.903904
vt 0.056996 0.898167
vt 0.062268 0.897054
vt 0.055107 0.893809
vt 0.059554 0.890764
vt 0.051695 0.890505
vt 0.054639 0.885990
vt 0.047281 0.888758
vt 0.048274 0.883460
vt 0.042532 0.888830
vt 0.041423 0.883556
vt 0.038172 0.890714
vt 0.035130 0.886267
vt 0.034867 0.894123
vt 0.030354 0.891180
vt 0.033120 0.898539
vt 0.027823 0.897548
vt 0.055107 0.893809
vt 0.056996 0.898167
vt 0.049244 0.899970
vt 0.048632 0.898446
vt 0.033197 0.903288
vt 0.027923 0.904400
vt 0.035086 0.907646
vt 0.030639 0.910692
vt 0.589712 0.931484
vt 0.586061 0.940299
vt 0.579314 0.947045
vt 0.570500 0.950696
vt 0.560959 0.950696
vt 0.552144 0.947045
vt 0.545398 0.940299
vt 0.541747 0.931484
vt 0.541747 0.921943
vt 0.545398 0.913129
vt 0.552144 0.906382
vt 0.560959 0.902731
vt 0.570500 0.902731
vt 0.579314 0.906382
vt 0.586061 0.913129
vt 0.589712 0.921943
vt 0.013106 0.922097
vt 0.028228 0.912377
vt 0.007361 0.908226
vt 0.025052 0.905034
vt 0.052603 0.938454
vt 0.049411 0.920769
vt 0.056753 0.917593
vt 0.066469 0.932709
vt 0.062320 0.911851
vt 0.077079 0.922097
vt 0.065264 0.904416
vt 0.082821 0.908233
vt 0.065139 0.896420
vt 0.082821 0.893229
vt 0.061963 0.889080
vt 0.077080 0.879366
vt 0.056222 0.883512
vt 0.066474 0.868753
vt 0.048788 0.880565
vt 0.052613 0.863004
vt 0.040790 0.880685
vt 0.037605 0.862995
vt 0.033446 0.883856
vt 0.023733 0.868731
vt 0.027875 0.889598
vt 0.013112 0.879342
vt 0.024928 0.897035
vt 0.007362 0.893211
vt 0.042718 0.904187
vt 0.041571 0.903006
vt 0.040951 0.901483
vt 0.040973 0.899841
vt 0.041617 0.898332
vt 0.042791 0.897191
vt 0.044316 0.896595
vt 0.045957 0.896638
vt 0.047479 0.897272
vt 0.048632 0.898446
vt 0.049244 0.899970
vt 0.049214 0.901612
vt 0.048579 0.903124
vt 0.047406 0.904267
vt 0.045880 0.904866
vt 0.044236 0.904830
vt 0.038500 0.910951
vt 0.035086 0.907646
vt 0.041571 0.903006
vt 0.042718 0.904187
vt 0.033197 0.903288
vt 0.040951 0.901483
vt 0.051695 0.890505
vt 0.047479 0.897272
vt 0.042916 0.912698
vt 0.044236 0.904830
vt 0.047281 0.888758
vt 0.045957 0.896638
vt 0.047666 0.912623
vt 0.045880 0.904866
vt 0.042532 0.888830
vt 0.044316 0.896595
vt 0.052025 0.910737
vt 0.047406 0.904267
vt 0.038172 0.890714
vt 0.042791 0.897191
vt 0.055328 0.907327
vt 0.048579 0.903124
vt 0.034867 0.894123
vt 0.041617 0.898332
vt 0.057073 0.902915
vt 0.049214 0.901612
vt 0.033120 0.898539
vt 0.040973 0.899841
vt 0.029452 0.911514
vt 0.034773 0.916681
vt 0.034773 0.916681
vt 0.029452 0.911514
vt 0.041666 0.919418
vt 0.041666 0.919418
vt 0.049082 0.919308
vt 0.049082 0.919308
vt 0.055891 0.916370
vt 0.055891 0.916370
vt 0.061055 0.911051
vt 0.061055 0.911051
vt 0.063789 0.904161
vt 0.063789 0.904161
vt 0.063679 0.896749
vt 0.063679 0.896749
vt 0.060740 0.889942
vt 0.060740 0.889942
vt 0.055422 0.884777
vt 0.055422 0.884777
vt 0.048532 0.882039
vt 0.048532 0.882039
vt 0.041118 0.882145
vt 0.041118 0.882145
vt 0.034308 0.885080
vt 0.034308 0.885080
vt 0.029140 0.890398
vt 0.029140 0.890398
vt 0.026403 0.897290
vt 0.026403 0.897290
vt 0.026512 0.904705
vt 0.026512 0.904705
vt 0.023723 0.932712
vt 0.037593 0.938456
vt 0.041411 0.920893
vt 0.033973 0.917946
vt 0.038500 0.910951
vt 0.035555 0.915467
vt 0.041924 0.917997
vt 0.042916 0.912698
vt 0.048777 0.917897
vt 0.047666 0.912623
vt 0.055069 0.915183
vt 0.052025 0.910737
vt 0.059842 0.910269
vt 0.055328 0.907327
vt 0.062369 0.903904
vt 0.057073 0.902915
vt 0.062268 0.897054
vt 0.056996 0.898167
vt 0.059554 0.890764
vt 0.055107 0.893809
vt 0.054639 0.885990
vt 0.051695 0.890505
vt 0.048274 0.883460
vt 0.047281 0.888758
vt 0.041423 0.883556
vt 0.042532 0.888830
vt 0.035130 0.886267
vt 0.038172 0.890714
vt 0.030354 0.891180
vt 0.034867 0.894123
vt 0.027823 0.897548
vt 0.033120 0.898539
vt 0.055107 0.893809
vt 0.048632 0.898446
vt 0.049244 0.899970
vt 0.056996 0.898167
vt 0.027923 0.904400
vt 0.033197 0.903288
vt 0.030639 0.910692
vt 0.035086 0.907646
vt 0.589712 0.931484
vt 0.589712 0.921943
vt 0.586061 0.913129
vt 0.579314 0.906382
vt 0.570500 0.902731
vt 0.560959 0.902731
vt 0.552144 0.906382
vt 0.545398 0.913129
vt 0.541747 0.921943
vt 0.541747 0.931484
vt 0.545398 0.940299
vt 0.552144 0.947045
vt 0.560959 0.950696
vt 0.570500 0.950696
vt 0.579314 0.947045
vt 0.586061 0.940299
vt 0.013106 0.922097
vt 0.028228 0.912377
vt 0.007361 0.908226
vt 0.025052 0.905034
vt 0.052603 0.938454
vt 0.066469 0.932709
vt 0.056753 0.917593
vt 0.049411 0.920769
vt 0.077079 0.922097
vt 0.062320 0.911851
vt 0.082821 0.908233
vt 0.065264 0.904416
vt 0.082821 0.893229
vt 0.065139 0.896420
vt 0.077080 0.879366
vt 0.061963 0.889080
vt 0.066474 0.868753
vt 0.056222 0.883512
vt 0.052613 0.863004
vt 0.048788 0.880565
vt 0.037605 0.862995
vt 0.040790 0.880685
vt 0.023733 0.868731
vt 0.033446 0.883856
vt 0.013112 0.879342
vt 0.027875 0.889598
vt 0.007362 0.893211
vt 0.024928 0.897035
vt 0.042718 0.904187
vt 0.044236 0.904830
vt 0.045880 0.904866
vt 0.047406 0.904267
vt 0.048579 0.903124
vt 0.049214 0.901612
vt 0.049244 0.899970
vt 0.048632 0.898446
vt 0.047479 0.897272
vt 0.045957 0.896638
vt 0.044316 0.896595
vt 0.042791 0.897191
vt 0.041617 0.898332
vt 0.040973 0.899841
vt 0.040951 0.901483
vt 0.041571 0.903006
vt 0.038500 0.910951
vt 0.042718 0.904187
vt 0.041571 0.903006
vt 0.035086 0.907646
vt 0.040951 0.901483
vt 0.033197 0.903288
vt 0.051695 0.890505
vt 0.047479 0.897272
vt 0.042916 0.912698
vt 0.044236 0.904830
vt 0.047281 0.888758
vt 0.045957 0.896638
vt 0.047666 0.912623
vt 0.045880 0.904866
vt 0.042532 0.888830
vt 0.044316 0.896595
vt 0.052025 0.910737
vt 0.047406 0.904267
vt 0.038172 0.890714
vt 0.042791 0.897191
vt 0.055328 0.907327
vt 0.048579 0.903124
vt 0.034867 0.894123
vt 0.041617 0.898332
vt 0.057073 0.902915
vt 0.049214 0.901612
vt 0.033120 0.898539
vt 0.040973 0.899841
vt 0.034773 0.916681
vt 0.029452 0.911514
vt 0.034773 0.916681
vt 0.029452 0.911514
vt 0.041666 0.919418
vt 0.041666 0.919418
vt 0.049082 0.919308
vt 0.049082 0.919308
vt 0.055891 0.916370
vt 0.055891 0.916370
vt 0.061055 0.911051
vt 0.061055 0.911051
vt 0.063789 0.904161
vt 0.063789 0.904161
vt 0.063679 0.896749
vt 0.063679 0.896749
vt 0.060740 0.889942
vt 0.060740 0.889942
vt 0.055422 0.884777
vt 0.055422 0.884777
vt 0.048532 0.882039
vt 0.048532 0.882039
vt 0.041118 0.882145
vt 0.041118 0.882145
vt 0.034308 0.885080
vt 0.034308 0.885080
vt 0.029140 0.890398
vt 0.029140 0.890398
vt 0.026403 0.897290
vt 0.026403 0.897290
vt 0.026512 0.904705
vt 0.026512 0.904705
vn 0.0000 0.9239 0.3827
vn -0.1938 0.9063 0.3754
vn -0.1938 0.6937 0.6937
vn 0.0000 0.7071 0.7071
vn -1.0000 0.0000 0.0000
vn -0.9767 0.1517 0.1517
vn -0.9767 0.1982 0.0821
vn -0.9767 0.0821 0.1982
vn -0.9767 0.0000 0.2146
vn -0.9767 -0.0821 0.1982
vn -0.9767 -0.1517 0.1517
vn -0.9767 -0.1982 0.0821
vn -0.9767 -0.2146 0.0000
vn -0.9767 -0.1982 -0.0821
vn -0.9767 -0.1517 -0.1517
vn -0.9767 -0.0821 -0.1982
vn -0.9767 0.0000 -0.2146
vn -0.9767 0.0821 -0.1982
vn -0.9767 0.1517 -0.1517
vn -0.6781 0.7349 0.0000
vn -0.6781 0.6790 -0.2812
vn -0.9767 0.1982 -0.0821
vn -0.9767 0.2146 0.0000
vn 1.0000 0.0000 0.0000
vn 0.0000 1.0000 0.0000
vn -0.1938 0.9810 0.0000
vn 0.0000 0.9239 -0.3827
vn -0.1938 0.9063 -0.3754
vn 0.0000 0.3827 0.9239
vn -0.1938 0.3754 0.9063
vn -0.1938 0.0000 0.9810
vn 0.0000 0.0000 1.0000
vn -0.1938 -0.3754 0.9063
vn 0.0000 -0.3827 0.9239
vn -0.1938 -0.6937 0.6937
vn 0.0000 -0.7071 0.7071
vn -0.1938 -0.9063 0.3754
vn 0.0000 -0.9239 0.3827
vn -0.1938 -0.9810 0.0000
vn 0.0000 -1.0000 0.0000
vn -0.1938 -0.9063 -0.3754
vn 0.0000 -0.9239 -0.3827
vn -0.1938 -0.6937 -0.6937
vn 0.0000 -0.7071 -0.7071
vn -0.1938 -0.3754 -0.9063
vn 0.0000 -0.3827 -0.9239
vn -0.1938 0.0000 -0.9810
vn 0.0000 0.0000 -1.0000
vn -0.1938 0.3754 -0.9063
vn 0.0000 0.3827 -0.9239
vn -0.1938 0.6937 -0.6937
vn 0.0000 0.7071 -0.7071
vn -0.6781 -0.6790 -0.2812
vn -0.6781 -0.7349 0.0000
vn -0.6781 -0.6790 0.2812
vn -0.6781 0.6790 0.2812
vn -0.6781 -0.5196 -0.5197
vn -0.6781 0.5196 0.5197
vn -0.6781 -0.2812 -0.6790
vn -0.6781 0.2812 0.6790
vn -0.6781 0.0000 -0.7349
vn -0.6781 0.0000 0.7349
vn -0.6781 0.2812 -0.6790
vn -0.6781 -0.2812 0.6790
vn -0.6781 0.5196 -0.5197
vn -0.6781 -0.5197 0.5197
vn -0.3890 0.9212 0.0000
vn -0.3890 0.8511 0.3525
vn -0.9265 0.3477 0.1440
vn -0.9265 0.3764 0.0000
vn -0.3890 0.6514 0.6514
vn -0.9265 0.2661 0.2661
vn -0.3890 0.3525 0.8511
vn -0.9265 0.1440 0.3477
vn -0.3890 0.0000 0.9212
vn -0.9265 0.0000 0.3764
vn -0.3890 -0.3525 0.8511
vn -0.9265 -0.1440 0.3477
vn -0.3890 -0.6514 0.6514
vn -0.9265 -0.2661 0.2661
vn -0.3890 -0.8511 0.3525
vn -0.9265 -0.3477 0.1440
vn -0.3890 -0.9212 0.0000
vn -0.9265 -0.3764 0.0000
vn -0.3890 -0.8511 -0.3525
vn -0.9265 -0.3477 -0.1440
vn -0.3890 -0.6514 -0.6514
vn -0.9265 -0.2661 -0.2661
vn -0.3890 -0.3525 -0.8511
vn -0.9265 -0.1440 -0.3477
vn -0.3890 0.0000 -0.9212
vn -0.9265 0.0000 -0.3764
vn -0.3890 0.3525 -0.8511
vn -0.9265 0.1440 -0.3477
vn -0.3890 0.6514 -0.6514
vn -0.9265 0.2661 -0.2661
vn -0.3890 0.8511 -0.3525
vn -0.9265 0.3477 -0.1440
vn 0.1938 0.6937 0.6937
vn 0.1938 0.9063 0.3754
vn 0.9767 0.1982 0.0821
vn 0.9767 0.1517 0.1517
vn 0.9767 0.0821 0.1982
vn 0.9767 0.0000 0.2146
vn 0.9767 -0.0821 0.1982
vn 0.9767 -0.1517 0.1517
vn 0.9767 -0.1982 0.0821
vn 0.9767 -0.2146 0.0000
vn 0.9767 -0.1982 -0.0821
vn 0.9767 -0.1517 -0.1517
vn 0.9767 -0.0821 -0.1982
vn 0.9767 0.0000 -0.2146
vn 0.9767 0.0821 -0.1982
vn 0.9767 0.1517 -0.1517
vn 0.6781 0.7349 0.0000
vn 0.6781 0.6790 -0.2812
vn 0.9767 0.1982 -0.0821
vn 0.9767 0.2146 0.0000
vn 0.1938 0.9810 0.0000
vn 0.1938 0.9063 -0.3754
vn 0.1938 0.0000 0.9810
vn 0.1938 0.3754 0.9063
vn 0.1938 -0.3754 0.9063
vn 0.1938 -0.6937 0.6937
vn 0.1938 -0.9063 0.3754
vn 0.1938 -0.9810 0.0000
vn 0.1938 -0.9063 -0.3754
vn 0.1938 -0.6937 -0.6937
vn 0.1938 -0.3754 -0.9063
vn 0.1938 0.0000 -0.9810
vn 0.1938 0.3754 -0.9063
vn 0.1938 0.6937 -0.6937
vn 0.6781 -0.6790 -0.2812
vn 0.6781 -0.7349 0.0000
vn 0.6781 -0.6790 0.2812
vn 0.6781 0.6790 0.2812
vn 0.6781 -0.5197 -0.5197
vn 0.6781 0.5197 0.5197
vn 0.6781 -0.2812 -0.6790
vn 0.6781 0.2812 0.6790
vn 0.6781 0.0000 -0.7349
vn 0.6781 0.0000 0.7349
vn 0.6781 0.2812 -0.6790
vn 0.6781 -0.2812 0.6790
vn 0.6781 0.5197 -0.5197
vn 0.6781 -0.5197 0.5197
vn 0.3890 0.8511 0.3525
vn 0.3890 0.9212 0.0000
vn 0.9265 0.3477 0.1440
vn 0.9265 0.3764 0.0000
vn 0.3890 0.6514 0.6514
vn 0.9265 0.2661 0.2661
vn 0.3890 0.3525 0.8511
vn 0.9265 0.1440 0.3477
vn 0.3890 0.0000 0.9212
vn 0.9265 0.0000 0.3764
vn 0.3890 -0.3525 0.8511
vn 0.9265 -0.1440 0.3477
vn 0.3890 -0.6514 0.6514
vn 0.9265 -0.2661 0.2661
vn 0.3890 -0.8511 0.3525
vn 0.9265 -0.3477 0.1440
vn 0.3890 -0.9212 0.0000
vn 0.9265 -0.3764 0.0000
vn 0.3890 -0.8511 -0.3525
vn 0.9265 -0.3477 -0.1440
vn 0.3890 -0.6514 -0.6514
vn 0.9265 -0.2661 -0.2661
vn 0.3890 -0.3525 -0.8511
vn 0.9265 -0.1440 -0.3477
vn 0.3890 0.0000 -0.9212
vn 0.9265 0.0000 -0.3764
vn 0.3890 0.3525 -0.8511
vn 0.9265 0.1440 -0.3477
vn 0.3890 0.6514 -0.6514
vn 0.9265 0.2661 -0.2661
vn 0.3890 0.8511 -0.3525
vn 0.9265 0.3477 -0.1440
usemtl WoodToy1
s 1
f 723/904/671 770/905/672 776/906/673 915/907/674
f 724/908/675 931/909/675 775/910/676 769/911/677
f 931/909/675 932/912/675 778/913/678 775/910/676
f 932/912/675 933/914/675 781/915/679 778/913/678
f 933/914/675 934/916/675 784/917/680 781/915/679
f 934/916/675 935/918/675 787/919/681 784/917/680
f 935/918/675 936/920/675 790/921/682 787/919/681
f 936/920/675 937/922/675 793/923/683 790/921/682
f 937/922/675 938/924/675 796/925/684 793/923/683
f 938/924/675 939/926/675 799/927/685 796/925/684
f 939/926/675 940/928/675 802/929/686 799/927/685
f 940/928/675 941/930/675 805/931/687 802/929/686
f 941/930/675 942/932/675 808/933/688 805/931/687
f 942/932/675 943/934/675 811/935/689 808/933/688
f 738/936/690 736/937/691 760/938/691 953/939/690
f 943/934/675 944/940/675 814/941/692 811/935/689
f 944/940/675 722/942/675 773/943/693 814/941/692
f 913/944/694 914/945/694 725/946/694 916/947/694 917/948/694 918/949/694 919/950/694 920/951/694 921/952/694 922/953/694 923/954/694 924/955/694 925/956/694 926/957/694 927/958/694 928/959/694
f 721/960/695 772/961/696 770/905/672 723/904/671
f 751/962/697 815/963/698 772/961/696 721/960/695
f 727/964/699 779/965/700 782/966/701 729/967/702
f 729/967/702 782/966/701 785/968/703 731/969/704
f 731/969/704 785/968/703 788/970/705 733/971/706
f 733/971/706 788/970/705 791/972/707 735/973/708
f 735/973/708 791/972/707 794/974/709 737/975/710
f 737/975/710 794/974/709 797/976/711 739/977/712
f 739/977/712 797/976/711 800/978/713 741/979/714
f 741/979/714 800/978/713 803/980/715 743/981/716
f 743/981/716 803/980/715 806/982/717 745/983/718
f 745/983/718 806/982/717 809/984/719 747/985/720
f 747/985/720 809/984/719 812/986/721 749/987/722
f 749/987/722 812/986/721 815/963/698 751/962/697
f 915/907/674 776/906/673 779/965/700 727/964/699
f 945/988/675 946/989/675 960/990/675 959/991/675 958/992/675 957/993/675 956/994/675 955/995/675 954/996/675 761/997/675 952/998/675 951/999/675 950/1000/675 949/1001/675 948/1002/675 947/1003/675
f 929/1004/723 930/1005/724 754/1006/724 753/1007/723
f 930/1005/724 752/1008/725 768/1009/725 754/1006/724
f 740/1010/726 738/936/690 953/939/690 762/1011/726
f 726/1012/727 929/1004/723 753/1007/723 755/1013/727
f 742/1014/728 740/1010/726 762/1011/726 763/1015/728
f 728/1016/729 726/1012/727 755/1013/727 756/1017/729
f 744/1018/730 742/1014/728 763/1015/728 764/1019/730
f 730/1020/731 728/1016/729 756/1017/729 757/1021/731
f 746/1022/732 744/1018/730 764/1019/730 765/1023/732
f 732/1024/733 730/1020/731 757/1021/731 758/1025/733
f 748/1026/734 746/1022/732 765/1023/732 766/1027/734
f 734/1028/735 732/1024/733 758/1025/733 759/1029/735
f 750/1030/736 748/1026/734 766/1027/734 767/1031/736
f 736/937/691 734/1028/735 759/1029/735 760/938/691
f 752/1008/725 750/1030/736 767/1031/736 768/1009/725
f 770/905/672 772/961/696 961/1032/737 962/1033/738
f 771/1034/739 774/1035/740 773/943/693 769/911/677
f 776/906/673 770/905/672 962/1033/738 963/1036/741
f 777/1037/742 771/1034/739 769/911/677 775/910/676
f 779/965/700 776/906/673 963/1036/741 964/1038/743
f 780/1039/744 777/1037/742 775/910/676 778/913/678
f 782/966/701 779/965/700 964/1038/743 965/1040/745
f 783/1041/746 780/1039/744 778/913/678 781/915/679
f 785/968/703 782/966/701 965/1040/745 966/1042/747
f 786/1043/748 783/1041/746 781/915/679 784/917/680
f 788/970/705 785/968/703 966/1042/747 967/1044/749
f 789/1045/750 786/1043/748 784/917/680 787/919/681
f 791/972/707 788/970/705 967/1044/749 968/1046/751
f 792/1047/752 789/1045/750 787/919/681 790/921/682
f 794/974/709 791/972/707 968/1046/751 969/1048/753
f 795/1049/754 792/1047/752 790/921/682 793/923/683
f 797/976/711 794/974/709 969/1048/753 970/1050/755
f 798/1051/756 795/1049/754 793/923/683 796/925/684
f 800/978/713 797/976/711 970/1050/755 971/1052/757
f 801/1053/758 798/1051/756 796/925/684 799/927/685
f 803/980/715 800/978/713 971/1052/757 972/1054/759
f 804/1055/760 801/1053/758 799/927/685 802/929/686
f 806/982/717 803/980/715 972/1054/759 973/1056/761
f 807/1057/762 804/1055/760 802/929/686 805/931/687
f 809/984/719 806/982/717 973/1056/761 974/1058/763
f 810/1059/764 807/1057/762 805/931/687 808/933/688
f 812/986/721 809/984/719 974/1058/763 975/1060/765
f 813/1061/766 810/1059/764 808/933/688 811/935/689
f 815/963/698 812/986/721 975/1060/765 976/1062/767
f 816/1063/768 813/1061/766 811/935/689 814/941/692
f 772/961/696 815/963/698 976/1062/767 961/1032/737
f 774/1035/740 816/1063/768 814/941/692 773/943/693
f 722/942/675 724/908/675 769/911/677 773/943/693
f 819/1064/671 979/1065/674 872/1066/769 866/1067/770
f 820/1068/694 865/1069/771 871/1070/772 995/1071/694
f 995/1071/694 871/1070/772 874/1072/773 996/1073/694
f 996/1073/694 874/1072/773 877/1074/774 997/1075/694
f 997/1075/694 877/1074/774 880/1076/775 998/1077/694
f 998/1077/694 880/1076/775 883/1078/776 999/1079/694
f 999/1079/694 883/1078/776 886/1080/777 1000/1081/694
f 1000/1081/694 886/1080/777 889/1082/778 1001/1083/694
f 1001/1083/694 889/1082/778 892/1084/779 1002/1085/694
f 1002/1085/694 892/1084/779 895/1086/780 1003/1087/694
f 1003/1087/694 895/1086/780 898/1088/781 1004/1089/694
f 1004/1089/694 898/1088/781 901/1090/782 1005/1091/694
f 1005/1091/694 901/1090/782 904/1092/783 1006/1093/694
f 1006/1093/694 904/1092/783 907/1094/784 1007/1095/694
f 834/1096/785 1017/1097/785 856/1098/786 832/1099/786
f 1007/1095/694 907/1094/784 910/1100/787 1008/1101/694
f 1008/1101/694 910/1100/787 869/1102/788 818/1103/694
f 977/1104/675 992/1105/675 991/1106/675 990/1107/675 989/1108/675 988/1109/675 987/1110/675 986/1111/675 985/1112/675 984/1113/675 983/1114/675 982/1115/675 981/1116/675 980/1117/675 821/1118/675 978/1119/675
f 817/1120/695 819/1064/671 866/1067/770 868/1121/789
f 847/1122/697 817/1120/695 868/1121/789 911/1123/790
f 823/1124/699 825/1125/702 878/1126/791 875/1127/792
f 825/1125/702 827/1128/704 881/1129/793 878/1126/791
f 827/1128/704 829/1130/706 884/1131/794 881/1129/793
f 829/1130/706 831/1132/708 887/1133/795 884/1131/794
f 831/1132/708 833/1134/710 890/1135/796 887/1133/795
f 833/1134/710 835/1136/712 893/1137/797 890/1135/796
f 835/1136/712 837/1138/714 896/1139/798 893/1137/797
f 837/1138/714 839/1140/716 899/1141/799 896/1139/798
f 839/1140/716 841/1142/718 902/1143/800 899/1141/799
f 841/1142/718 843/1144/720 905/1145/801 902/1143/800
f 843/1144/720 845/1146/722 908/1147/802 905/1145/801
f 845/1146/722 847/1122/697 911/1123/790 908/1147/802
f 979/1065/674 823/1124/699 875/1127/792 872/1066/769
f 1009/1148/694 1011/1149/694 1012/1150/694 1013/1151/694 1014/1152/694 1015/1153/694 1016/1154/694 857/1155/694 1018/1156/694 1019/1157/694 1020/1158/694 1021/1159/694 1022/1160/694 1023/1161/694 1024/1162/694 1010/1163/694
f 993/1164/803 849/1165/803 850/1166/804 994/1167/804
f 994/1167/804 850/1166/804 864/1168/805 848/1169/805
f 836/1170/806 858/1171/806 1017/1097/785 834/1096/785
f 822/1172/807 851/1173/807 849/1165/803 993/1164/803
f 838/1174/808 859/1175/808 858/1171/806 836/1170/806
f 824/1176/809 852/1177/809 851/1173/807 822/1172/807
f 840/1178/810 860/1179/810 859/1175/808 838/1174/808
f 826/1180/811 853/1181/811 852/1177/809 824/1176/809
f 842/1182/812 861/1183/812 860/1179/810 840/1178/810
f 828/1184/813 854/1185/813 853/1181/811 826/1180/811
f 844/1186/814 862/1187/814 861/1183/812 842/1182/812
f 830/1188/815 855/1189/815 854/1185/813 828/1184/813
f 846/1190/816 863/1191/816 862/1187/814 844/1186/814
f 832/1099/786 856/1098/786 855/1189/815 830/1188/815
f 848/1169/805 864/1168/805 863/1191/816 846/1190/816
f 866/1067/770 1026/1192/817 1025/1193/818 868/1121/789
f 867/1194/819 865/1069/771 869/1102/788 870/1195/820
f 872/1066/769 1027/1196/821 1026/1192/817 866/1067/770
f 873/1197/822 871/1070/772 865/1069/771 867/1194/819
f 875/1127/792 1028/1198/823 1027/1196/821 872/1066/769
f 876/1199/824 874/1072/773 871/1070/772 873/1197/822
f 878/1126/791 1029/1200/825 1028/1198/823 875/1127/792
f 879/1201/826 877/1074/774 874/1072/773 876/1199/824
f 881/1129/793 1030/1202/827 1029/1200/825 878/1126/791
f 882/1203/828 880/1076/775 877/1074/774 879/1201/826
f 884/1131/794 1031/1204/829 1030/1202/827 881/1129/793
f 885/1205/830 883/1078/776 880/1076/775 882/1203/828
f 887/1133/795 1032/1206/831 1031/1204/829 884/1131/794
f 888/1207/832 886/1080/777 883/1078/776 885/1205/830
f 890/1135/796 1033/1208/833 1032/1206/831 887/1133/795
f 891/1209/834 889/1082/778 886/1080/777 888/1207/832
f 893/1137/797 1034/1210/835 1033/1208/833 890/1135/796
f 894/1211/836 892/1084/779 889/1082/778 891/1209/834
f 896/1139/798 1035/1212/837 1034/1210/835 893/1137/797
f 897/1213/838 895/1086/780 892/1084/779 894/1211/836
f 899/1141/799 1036/1214/839 1035/1212/837 896/1139/798
f 900/1215/840 898/1088/781 895/1086/780 897/1213/838
f 902/1143/800 1037/1216/841 1036/1214/839 899/1141/799
f 903/1217/842 901/1090/782 898/1088/781 900/1215/840
f 905/1145/801 1038/1218/843 1037/1216/841 902/1143/800
f 906/1219/844 904/1092/783 901/1090/782 903/1217/842
f 908/1147/802 1039/1220/845 1038/1218/843 905/1145/801
f 909/1221/846 907/1094/784 904/1092/783 906/1219/844
f 911/1123/790 1040/1222/847 1039/1220/845 908/1147/802
f 912/1223/848 910/1100/787 907/1094/784 909/1221/846
f 868/1121/789 1025/1193/818 1040/1222/847 911/1123/790
f 870/1195/820 869/1102/788 910/1100/787 912/1223/848
f 818/1103/694 869/1102/788 865/1069/771 820/1068/694
o Cylinder.001
v -11.412777 1.232082 -5.315270
v -11.839843 1.002290 -5.315270
v -11.412777 1.185261 -5.079889
v -11.839843 0.972962 -5.167826
v -11.412777 1.051929 -4.880342
v -11.839843 0.889441 -5.042830
v -11.412777 0.852382 -4.747009
v -11.839843 0.764444 -4.959309
v -11.412777 0.617000 -4.700189
v -11.839843 0.617000 -4.929981
v -11.412777 0.381619 -4.747009
v -11.839843 0.469556 -4.959309
v -11.412777 0.182072 -4.880342
v -11.839843 0.344559 -5.042830
v -11.412777 0.048739 -5.079889
v -11.839843 0.261039 -5.167826
v -11.412777 0.001919 -5.315270
v -11.839843 0.231710 -5.315270
v -11.412777 0.048739 -5.550652
v -11.839843 0.261039 -5.462715
v -11.412777 0.182072 -5.750198
v -11.839843 0.344559 -5.587711
v -11.412777 0.381619 -5.883532
v -11.839843 0.469556 -5.671232
v -11.412777 0.617000 -5.930352
v -11.839843 0.617000 -5.700561
v -11.412777 0.852382 -5.883532
v -11.839843 0.764444 -5.671232
v -11.412777 1.051929 -5.750198
v -11.839843 0.889441 -5.587711
v -11.412777 1.185261 -5.550652
v -11.839843 0.972962 -5.462715
v -11.617237 0.783189 -5.246433
v -11.617237 0.796881 -5.315270
v -11.617237 0.744195 -5.188075
v -11.617237 0.685838 -5.149082
v -11.617237 0.617000 -5.135389
v -11.617237 0.548163 -5.149082
v -11.617237 0.489805 -5.188075
v -11.617237 0.450812 -5.246433
v -11.617237 0.437119 -5.315270
v -11.617237 0.450812 -5.384108
v -11.617237 0.489805 -5.442466
v -11.617237 0.548163 -5.481459
v -11.617237 0.617000 -5.495152
v -11.617237 0.685838 -5.481459
v -11.617237 0.744195 -5.442466
v -11.617237 0.783189 -5.384108
v -11.839843 1.131084 -5.102330
v -11.782330 1.185261 -5.079889
v -11.822998 1.169393 -5.086462
v -11.782330 1.232082 -5.315270
v -11.839843 1.173441 -5.315270
v -11.822998 1.214906 -5.315270
v -11.839843 1.010463 -4.921807
v -11.782330 1.051928 -4.880342
v -11.822998 1.039784 -4.892487
v -11.839843 0.829941 -4.801187
v -11.782330 0.852382 -4.747009
v -11.822998 0.845809 -4.762877
v -11.839843 0.617000 -4.758830
v -11.782330 0.617000 -4.700189
v -11.822998 0.617000 -4.717364
v -11.839843 0.404060 -4.801187
v -11.782330 0.381619 -4.747009
v -11.822998 0.388192 -4.762877
v -11.839843 0.223537 -4.921807
v -11.782330 0.182072 -4.880342
v -11.822998 0.194217 -4.892487
v -11.839843 0.102916 -5.102330
v -11.782330 0.048739 -5.079889
v -11.822998 0.064607 -5.086462
v -11.839843 0.060560 -5.315270
v -11.782330 0.001919 -5.315270
v -11.822998 0.019094 -5.315270
v -11.839843 0.102916 -5.528211
v -11.782330 0.048739 -5.550652
v -11.822998 0.064607 -5.544079
v -11.839843 0.223537 -5.708733
v -11.782330 0.182072 -5.750198
v -11.822998 0.194217 -5.738054
v -11.839843 0.404060 -5.829354
v -11.782330 0.381619 -5.883532
v -11.822998 0.388192 -5.867663
v -11.839843 0.617000 -5.871711
v -11.782330 0.617000 -5.930352
v -11.822998 0.617000 -5.913177
v -11.839843 0.829941 -5.829354
v -11.782330 0.852382 -5.883532
v -11.822998 0.845809 -5.867663
v -11.839843 1.010463 -5.708734
v -11.782330 1.051928 -5.750199
v -11.822998 1.039783 -5.738054
v -11.839843 1.131084 -5.528211
v -11.782330 1.185261 -5.550652
v -11.822998 1.169393 -5.544079
v -8.587222 1.232082 -5.315270
v -8.160156 1.002290 -5.315270
v -8.587222 1.185261 -5.079889
v -8.160156 0.972962 -5.167826
v -8.587222 1.051929 -4.880342
v -8.160156 0.889441 -5.042829
v -8.587222 0.852382 -4.747009
v -8.160156 0.764444 -4.959309
v -8.587222 0.617000 -4.700189
v -8.160156 0.617000 -4.929980
v -8.587222 0.381619 -4.747009
v -8.160156 0.469556 -4.959309
v -8.587223 0.182072 -4.880342
v -8.160156 0.344559 -5.042829
v -8.587223 0.048739 -5.079889
v -8.160156 0.261039 -5.167826
v -8.587223 0.001919 -5.315270
v -8.160156 0.231710 -5.315270
v -8.587223 0.048739 -5.550652
v -8.160156 0.261039 -5.462714
v -8.587223 0.182072 -5.750198
v -8.160156 0.344559 -5.587711
v -8.587222 0.381619 -5.883531
v -8.160156 0.469556 -5.671232
v -8.587222 0.617000 -5.930351
v -8.160156 0.617000 -5.700560
v -8.587222 0.852382 -5.883531
v -8.160156 0.764444 -5.671232
v -8.587222 1.051928 -5.750198
v -8.160156 0.889441 -5.587711
v -8.587222 1.185261 -5.550652
v -8.160156 0.972962 -5.462714
v -8.382763 0.783189 -5.246433
v -8.382763 0.796881 -5.315270
v -8.382763 0.744195 -5.188075
v -8.382763 0.685838 -5.149082
v -8.382763 0.617000 -5.135389
v -8.382763 0.548163 -5.149082
v -8.382763 0.489805 -5.188075
v -8.382763 0.450812 -5.246433
v -8.382763 0.437119 -5.315270
v -8.382763 0.450812 -5.384108
v -8.382763 0.489805 -5.442465
v -8.382763 0.548163 -5.481459
v -8.382763 0.617000 -5.495152
v -8.382763 0.685838 -5.481459
v -8.382763 0.744195 -5.442465
v -8.382763 0.783189 -5.384108
v -8.160156 1.131084 -5.102330
v -8.217670 1.185261 -5.079889
v -8.177002 1.169393 -5.086462
v -8.217670 1.232082 -5.315270
v -8.160156 1.173441 -5.315270
v -8.177002 1.214906 -5.315270
v -8.160156 1.010463 -4.921807
v -8.217670 1.051928 -4.880342
v -8.177002 1.039784 -4.892487
v -8.160156 0.829941 -4.801186
v -8.217670 0.852382 -4.747009
v -8.177002 0.845809 -4.762877
v -8.160156 0.617000 -4.758830
v -8.217670 0.617000 -4.700189
v -8.177002 0.617000 -4.717364
v -8.160156 0.404060 -4.801186
v -8.217670 0.381619 -4.747009
v -8.177002 0.388192 -4.762877
v -8.160156 0.223537 -4.921807
v -8.217670 0.182072 -4.880342
v -8.177002 0.194217 -4.892487
v -8.160156 0.102916 -5.102330
v -8.217670 0.048739 -5.079889
v -8.177002 0.064607 -5.086462
v -8.160156 0.060560 -5.315270
v -8.217670 0.001919 -5.315270
v -8.177002 0.019094 -5.315270
v -8.160156 0.102916 -5.528211
v -8.217670 0.048739 -5.550652
v -8.177002 0.064607 -5.544079
v -8.160156 0.223537 -5.708733
v -8.217670 0.182072 -5.750198
v -8.177002 0.194217 -5.738053
v -8.160156 0.404060 -5.829354
v -8.217670 0.381619 -5.883531
v -8.177002 0.388192 -5.867663
v -8.160156 0.617000 -5.871711
v -8.217670 0.617000 -5.930351
v -8.177002 0.617000 -5.913176
v -8.160156 0.829941 -5.829354
v -8.217670 0.852382 -5.883531
v -8.177002 0.845809 -5.867663
v -8.160156 1.010463 -5.708733
v -8.217670 1.051928 -5.750198
v -8.177002 1.039783 -5.738053
v -8.160156 1.131084 -5.528211
v -8.217670 1.185261 -5.550652
v -8.177002 1.169393 -5.544079
v -11.412777 1.232082 -5.315270
v -11.412777 1.185261 -5.079889
v -11.412777 1.051929 -4.880342
v -11.412777 0.852382 -4.747009
v -11.412777 0.617000 -4.700189
v -11.412777 0.381619 -4.747009
v -11.412777 0.182072 -4.880342
v -11.412777 0.048739 -5.079889
v -11.412777 0.001919 -5.315270
v -11.412777 0.048739 -5.550652
v -11.412777 0.182072 -5.750198
v -11.412777 0.381619 -5.883532
v -11.412777 0.617000 -5.930352
v -11.412777 0.852382 -5.883532
v -11.412777 1.051929 -5.750198
v -11.412777 1.185261 -5.550652
v -11.839843 0.972962 -5.167826
v -11.839843 1.002290 -5.315270
v -11.839843 0.889441 -5.042830
v -11.839843 0.764444 -4.959309
v -11.839843 0.617000 -4.929981
v -11.839843 0.469556 -4.959309
v -11.839843 0.344559 -5.042830
v -11.839843 0.261039 -5.167826
v -11.839843 0.231710 -5.315270
v -11.839843 0.261039 -5.462715
v -11.839843 0.344559 -5.587711
v -11.839843 0.469556 -5.671232
v -11.839843 0.617000 -5.700561
v -11.839843 0.764444 -5.671232
v -11.839843 0.889441 -5.587711
v -11.839843 0.972962 -5.462715
v -11.617237 0.783189 -5.246433
v -11.617237 0.796881 -5.315270
v -11.617237 0.744195 -5.188075
v -11.617237 0.685838 -5.149082
v -11.617237 0.617000 -5.135389
v -11.617237 0.548163 -5.149082
v -11.617237 0.489805 -5.188075
v -11.617237 0.450812 -5.246433
v -11.617237 0.437119 -5.315270
v -11.617237 0.450812 -5.384108
v -11.617237 0.489805 -5.442466
v -11.617237 0.548163 -5.481459
v -11.617237 0.617000 -5.495152
v -11.617237 0.685838 -5.481459
v -11.617237 0.744195 -5.442466
v -11.617237 0.783189 -5.384108
v -11.822998 1.214906 -5.315270
v -11.822998 1.169393 -5.086462
v -11.822998 1.039784 -4.892487
v -11.822998 0.845809 -4.762877
v -11.822998 0.617000 -4.717364
v -11.822998 0.388192 -4.762877
v -11.822998 0.194217 -4.892487
v -11.822998 0.064607 -5.086462
v -11.822998 0.019094 -5.315270
v -11.822998 0.064607 -5.544079
v -11.822998 0.194217 -5.738054
v -11.822998 0.388192 -5.867663
v -11.822998 0.617000 -5.913177
v -11.822998 0.845809 -5.867663
v -11.822998 1.039783 -5.738054
v -11.822998 1.169393 -5.544079
v -8.587222 1.232082 -5.315270
v -8.587222 1.185261 -5.079889
v -8.587222 1.051929 -4.880342
v -8.587222 0.852382 -4.747009
v -8.587222 0.617000 -4.700189
v -8.587222 0.381619 -4.747009
v -8.587223 0.182072 -4.880342
v -8.587223 0.048739 -5.079889
v -8.587223 0.001919 -5.315270
v -8.587223 0.048739 -5.550652
v -8.587223 0.182072 -5.750198
v -8.587222 0.381619 -5.883531
v -8.587222 0.617000 -5.930351
v -8.587222 0.852382 -5.883531
v -8.587222 1.051928 -5.750198
v -8.587222 1.185261 -5.550652
v -8.160156 0.972962 -5.167826
v -8.160156 1.002290 -5.315270
v -8.160156 0.889441 -5.042829
v -8.160156 0.764444 -4.959309
v -8.160156 0.617000 -4.929980
v -8.160156 0.469556 -4.959309
v -8.160156 0.344559 -5.042829
v -8.160156 0.261039 -5.167826
v -8.160156 0.231710 -5.315270
v -8.160156 0.261039 -5.462714
v -8.160156 0.344559 -5.587711
v -8.160156 0.469556 -5.671232
v -8.160156 0.617000 -5.700560
v -8.160156 0.764444 -5.671232
v -8.160156 0.889441 -5.587711
v -8.160156 0.972962 -5.462714
v -8.382763 0.783189 -5.246433
v -8.382763 0.796881 -5.315270
v -8.382763 0.744195 -5.188075
v -8.382763 0.685838 -5.149082
v -8.382763 0.617000 -5.135389
v -8.382763 0.548163 -5.149082
v -8.382763 0.489805 -5.188075
v -8.382763 0.450812 -5.246433
v -8.382763 0.437119 -5.315270
v -8.382763 0.450812 -5.384108
v -8.382763 0.489805 -5.442465
v -8.382763 0.548163 -5.481459
v -8.382763 0.617000 -5.495152
v -8.382763 0.685838 -5.481459
v -8.382763 0.744195 -5.442465
v -8.382763 0.783189 -5.384108
v -8.177002 1.214906 -5.315270
v -8.177002 1.169393 -5.086462
v -8.177002 1.039784 -4.892487
v -8.177002 0.845809 -4.762877
v -8.177002 0.617000 -4.717364
v -8.177002 0.388192 -4.762877
v -8.177002 0.194217 -4.892487
v -8.177002 0.064607 -5.086462
v -8.177002 0.019094 -5.315270
v -8.177002 0.064607 -5.544079
v -8.177002 0.194217 -5.738053
v -8.177002 0.388192 -5.867663
v -8.177002 0.617000 -5.913176
v -8.177002 0.845809 -5.867663
v -8.177002 1.039783 -5.738053
v -8.177002 1.169393 -5.544079
vt 0.895011 0.167259
vt 0.905261 0.152494
vt 0.912699 0.155440
vt 0.908881 0.173003
vt 0.909788 0.145498
vt 0.914204 0.147246
vt 0.913212 0.152544
vt 0.906843 0.150014
vt 0.918954 0.147171
vt 0.920065 0.152445
vt 0.923313 0.145285
vt 0.926357 0.149731
vt 0.926616 0.141874
vt 0.931130 0.144817
vt 0.928361 0.137462
vt 0.933657 0.138451
vt 0.928284 0.132714
vt 0.933556 0.131602
vt 0.926395 0.128357
vt 0.930842 0.125311
vt 0.922983 0.125052
vt 0.925927 0.120538
vt 0.918569 0.123305
vt 0.919562 0.118007
vt 0.913819 0.123377
vt 0.912710 0.118103
vt 0.909460 0.125261
vt 0.906417 0.120814
vt 0.906155 0.128671
vt 0.901642 0.125728
vt 0.904408 0.133086
vt 0.899111 0.132095
vt 0.926395 0.128357
vt 0.928284 0.132714
vt 0.920532 0.134517
vt 0.919920 0.132993
vt 0.904485 0.137835
vt 0.899211 0.138947
vt 0.906374 0.142193
vt 0.901927 0.145239
vt 0.829767 0.928914
vt 0.826116 0.937729
vt 0.819369 0.944475
vt 0.810555 0.948126
vt 0.801014 0.948126
vt 0.792199 0.944475
vt 0.785453 0.937729
vt 0.781802 0.928914
vt 0.781802 0.919373
vt 0.785453 0.910559
vt 0.792199 0.903812
vt 0.801014 0.900161
vt 0.810555 0.900161
vt 0.819369 0.903812
vt 0.826116 0.910559
vt 0.829767 0.919373
vt 0.884394 0.156644
vt 0.899516 0.146925
vt 0.878649 0.142773
vt 0.896339 0.139582
vt 0.923891 0.173002
vt 0.920699 0.155316
vt 0.928041 0.152141
vt 0.937757 0.167256
vt 0.933608 0.146398
vt 0.948367 0.156644
vt 0.936552 0.138963
vt 0.954109 0.142781
vt 0.936427 0.130967
vt 0.954109 0.127776
vt 0.933251 0.123627
vt 0.948368 0.113913
vt 0.927510 0.118060
vt 0.937761 0.103301
vt 0.920076 0.115112
vt 0.923901 0.097552
vt 0.912078 0.115232
vt 0.908893 0.097543
vt 0.904734 0.118403
vt 0.895021 0.103279
vt 0.899163 0.124145
vt 0.884400 0.113889
vt 0.896216 0.131582
vt 0.878650 0.127759
vt 0.914006 0.138734
vt 0.912859 0.137553
vt 0.912239 0.136030
vt 0.912261 0.134389
vt 0.912905 0.132879
vt 0.914079 0.131739
vt 0.915604 0.131142
vt 0.917244 0.131185
vt 0.918767 0.131820
vt 0.919920 0.132993
vt 0.920532 0.134517
vt 0.920502 0.136159
vt 0.919867 0.137671
vt 0.918694 0.138814
vt 0.917168 0.139413
vt 0.915524 0.139377
vt 0.909788 0.145498
vt 0.906374 0.142193
vt 0.912859 0.137553
vt 0.914006 0.138734
vt 0.904485 0.137835
vt 0.912239 0.136030
vt 0.922983 0.125052
vt 0.918767 0.131820
vt 0.914204 0.147246
vt 0.915524 0.139377
vt 0.918569 0.123305
vt 0.917244 0.131185
vt 0.918954 0.147171
vt 0.917168 0.139413
vt 0.913819 0.123377
vt 0.915604 0.131142
vt 0.923313 0.145285
vt 0.918694 0.138814
vt 0.909460 0.125261
vt 0.914079 0.131739
vt 0.926616 0.141874
vt 0.919867 0.137671
vt 0.906155 0.128671
vt 0.912905 0.132879
vt 0.928361 0.137462
vt 0.920502 0.136159
vt 0.904408 0.133086
vt 0.912261 0.134389
vt 0.900739 0.146062
vt 0.906061 0.151228
vt 0.906061 0.151228
vt 0.900739 0.146062
vt 0.912954 0.153965
vt 0.912954 0.153965
vt 0.920370 0.153856
vt 0.920370 0.153856
vt 0.927179 0.150917
vt 0.927179 0.150917
vt 0.932343 0.145598
vt 0.932343 0.145598
vt 0.935077 0.138709
vt 0.935077 0.138709
vt 0.934967 0.131296
vt 0.934967 0.131296
vt 0.932028 0.124489
vt 0.932028 0.124489
vt 0.926710 0.119324
vt 0.926710 0.119324
vt 0.919820 0.116587
vt 0.919820 0.116587
vt 0.912406 0.116692
vt 0.912406 0.116692
vt 0.905596 0.119627
vt 0.905596 0.119627
vt 0.900428 0.124945
vt 0.900428 0.124945
vt 0.897691 0.131837
vt 0.897691 0.131837
vt 0.897800 0.139253
vt 0.897800 0.139253
vt 0.895011 0.167259
vt 0.908881 0.173003
vt 0.912699 0.155440
vt 0.905261 0.152494
vt 0.909788 0.145498
vt 0.906843 0.150014
vt 0.913212 0.152544
vt 0.914204 0.147246
vt 0.920065 0.152445
vt 0.918954 0.147171
vt 0.926357 0.149731
vt 0.923313 0.145285
vt 0.931130 0.144817
vt 0.926616 0.141874
vt 0.933657 0.138451
vt 0.928361 0.137462
vt 0.933556 0.131602
vt 0.928284 0.132714
vt 0.930842 0.125311
vt 0.926395 0.128357
vt 0.925927 0.120538
vt 0.922983 0.125052
vt 0.919562 0.118007
vt 0.918569 0.123305
vt 0.912710 0.118103
vt 0.913819 0.123377
vt 0.906417 0.120814
vt 0.909460 0.125261
vt 0.901642 0.125728
vt 0.906155 0.128671
vt 0.899111 0.132095
vt 0.904408 0.133086
vt 0.926395 0.128357
vt 0.919920 0.132993
vt 0.920532 0.134517
vt 0.928284 0.132714
vt 0.899211 0.138947
vt 0.904485 0.137835
vt 0.901927 0.145239
vt 0.906374 0.142193
vt 0.829767 0.928914
vt 0.829767 0.919373
vt 0.826116 0.910559
vt 0.819369 0.903812
vt 0.810555 0.900161
vt 0.801014 0.900161
vt 0.792199 0.903812
vt 0.785453 0.910559
vt 0.781802 0.919373
vt 0.781802 0.928914
vt 0.785453 0.937729
vt 0.792199 0.944475
vt 0.801014 0.948126
vt 0.810555 0.948126
vt 0.819369 0.944475
vt 0.826116 0.937729
vt 0.884394 0.156644
vt 0.899516 0.146925
vt 0.878649 0.142773
vt 0.896339 0.139582
vt 0.923891 0.173002
vt 0.937757 0.167256
vt 0.928041 0.152141
vt 0.920699 0.155316
vt 0.948367 0.156644
vt 0.933608 0.146398
vt 0.954109 0.142781
vt 0.936552 0.138963
vt 0.954109 0.127776
vt 0.936427 0.130967
vt 0.948368 0.113913
vt 0.933251 0.123627
vt 0.937761 0.103301
vt 0.927510 0.118060
vt 0.923901 0.097552
vt 0.920076 0.115112
vt 0.908893 0.097543
vt 0.912078 0.115232
vt 0.895021 0.103279
vt 0.904734 0.118403
vt 0.884400 0.113889
vt 0.899163 0.124145
vt 0.878650 0.127759
vt 0.896216 0.131582
vt 0.914006 0.138734
vt 0.915524 0.139377
vt 0.917168 0.139413
vt 0.918694 0.138814
vt 0.919867 0.137671
vt 0.920502 0.136159
vt 0.920532 0.134517
vt 0.919920 0.132993
vt 0.918767 0.131820
vt 0.917244 0.131185
vt 0.915604 0.131142
vt 0.914079 0.131739
vt 0.912905 0.132879
vt 0.912261 0.134389
vt 0.912239 0.136030
vt 0.912859 0.137553
vt 0.909788 0.145498
vt 0.914006 0.138734
vt 0.912859 0.137553
vt 0.906374 0.142193
vt 0.912239 0.136030
vt 0.904485 0.137835
vt 0.922983 0.125052
vt 0.918767 0.131820
vt 0.914204 0.147246
vt 0.915524 0.139377
vt 0.918569 0.123305
vt 0.917244 0.131185
vt 0.918954 0.147171
vt 0.917168 0.139413
vt 0.913819 0.123377
vt 0.915604 0.131142
vt 0.923313 0.145285
vt 0.918694 0.138814
vt 0.909460 0.125261
vt 0.914079 0.131739
vt 0.926616 0.141874
vt 0.919867 0.137671
vt 0.906155 0.128671
vt 0.912905 0.132879
vt 0.928361 0.137462
vt 0.920502 0.136159
vt 0.904408 0.133086
vt 0.912261 0.134389
vt 0.906061 0.151228
vt 0.900739 0.146062
vt 0.906061 0.151228
vt 0.900739 0.146062
vt 0.912954 0.153965
vt 0.912954 0.153965
vt 0.920370 0.153856
vt 0.920370 0.153856
vt 0.927179 0.150917
vt 0.927179 0.150917
vt 0.932343 0.145598
vt 0.932343 0.145598
vt 0.935077 0.138709
vt 0.935077 0.138709
vt 0.934967 0.131296
vt 0.934967 0.131296
vt 0.932028 0.124489
vt 0.932028 0.124489
vt 0.926710 0.119324
vt 0.926710 0.119324
vt 0.919820 0.116587
vt 0.919820 0.116587
vt 0.912406 0.116692
vt 0.912406 0.116692
vt 0.905596 0.119627
vt 0.905596 0.119627
vt 0.900428 0.124945
vt 0.900428 0.124945
vt 0.897691 0.131837
vt 0.897691 0.131837
vt 0.897800 0.139253
vt 0.897800 0.139253
vn 0.0000 0.9239 0.3827
vn -0.1938 0.9063 0.3754
vn -0.1938 0.6937 0.6937
vn 0.0000 0.7071 0.7071
vn -1.0000 0.0000 0.0000
vn -0.9767 0.1517 0.1517
vn -0.9767 0.1982 0.0821
vn -0.9767 0.0821 0.1982
vn -0.9767 0.0000 0.2146
vn -0.9767 -0.0821 0.1982
vn -0.9767 -0.1517 0.1517
vn -0.9767 -0.1982 0.0821
vn -0.9767 -0.2146 0.0000
vn -0.9767 -0.1982 -0.0821
vn -0.9767 -0.1517 -0.1517
vn -0.9767 -0.0821 -0.1982
vn -0.9767 0.0000 -0.2146
vn -0.9767 0.0821 -0.1982
vn -0.9767 0.1517 -0.1517
vn -0.6781 0.7349 0.0000
vn -0.6781 0.6790 -0.2812
vn -0.9767 0.1982 -0.0821
vn -0.9767 0.2146 0.0000
vn 1.0000 0.0000 0.0000
vn 0.0000 1.0000 0.0000
vn -0.1938 0.9810 0.0000
vn 0.0000 0.9239 -0.3827
vn -0.1938 0.9063 -0.3754
vn 0.0000 0.3827 0.9239
vn -0.1938 0.3754 0.9063
vn -0.1938 0.0000 0.9810
vn 0.0000 0.0000 1.0000
vn -0.1938 -0.3754 0.9063
vn 0.0000 -0.3827 0.9239
vn -0.1938 -0.6937 0.6937
vn 0.0000 -0.7071 0.7071
vn -0.1938 -0.9063 0.3754
vn 0.0000 -0.9239 0.3827
vn -0.1938 -0.9810 0.0000
vn 0.0000 -1.0000 0.0000
vn -0.1938 -0.9063 -0.3754
vn 0.0000 -0.9239 -0.3827
vn -0.1938 -0.6937 -0.6937
vn 0.0000 -0.7071 -0.7071
vn -0.1938 -0.3754 -0.9063
vn 0.0000 -0.3827 -0.9239
vn -0.1938 0.0000 -0.9810
vn 0.0000 0.0000 -1.0000
vn -0.1938 0.3754 -0.9063
vn 0.0000 0.3827 -0.9239
vn -0.1938 0.6937 -0.6937
vn 0.0000 0.7071 -0.7071
vn -0.6781 -0.6790 -0.2812
vn -0.6781 -0.7349 0.0000
vn -0.6781 -0.6790 0.2812
vn -0.6781 0.6790 0.2812
vn -0.6781 -0.5196 -0.5197
vn -0.6781 0.5196 0.5197
vn -0.6781 -0.2812 -0.6790
vn -0.6781 0.2812 0.6790
vn -0.6781 0.0000 -0.7349
vn -0.6781 0.0000 0.7349
vn -0.6781 0.2812 -0.6790
vn -0.6781 -0.2812 0.6790
vn -0.6781 0.5196 -0.5197
vn -0.6781 -0.5196 0.5197
vn -0.3890 0.9212 0.0000
vn -0.3890 0.8511 0.3525
vn -0.9265 0.3477 0.1440
vn -0.9265 0.3764 0.0000
vn -0.3890 0.6514 0.6514
vn -0.9265 0.2661 0.2661
vn -0.3890 0.3525 0.8511
vn -0.9265 0.1440 0.3477
vn -0.3890 0.0000 0.9212
vn -0.9265 0.0000 0.3764
vn -0.3890 -0.3525 0.8511
vn -0.9265 -0.1440 0.3477
vn -0.3890 -0.6514 0.6514
vn -0.9265 -0.2661 0.2661
vn -0.3890 -0.8511 0.3525
vn -0.9265 -0.3477 0.1440
vn -0.3890 -0.9212 0.0000
vn -0.9265 -0.3764 0.0000
vn -0.3890 -0.8511 -0.3525
vn -0.9265 -0.3477 -0.1440
vn -0.3890 -0.6514 -0.6514
vn -0.9265 -0.2661 -0.2661
vn -0.3890 -0.3525 -0.8511
vn -0.9265 -0.1440 -0.3477
vn -0.3890 0.0000 -0.9212
vn -0.9265 0.0000 -0.3764
vn -0.3890 0.3525 -0.8511
vn -0.9265 0.1440 -0.3477
vn -0.3890 0.6514 -0.6514
vn -0.9265 0.2661 -0.2661
vn -0.3890 0.8511 -0.3525
vn -0.9265 0.3477 -0.1440
vn 0.1938 0.6937 0.6937
vn 0.1938 0.9063 0.3754
vn 0.9767 0.1982 0.0821
vn 0.9767 0.1517 0.1517
vn 0.9767 0.0821 0.1982
vn 0.9767 0.0000 0.2146
vn 0.9767 -0.0821 0.1982
vn 0.9767 -0.1517 0.1517
vn 0.9767 -0.1982 0.0821
vn 0.9767 -0.2146 0.0000
vn 0.9767 -0.1982 -0.0821
vn 0.9767 -0.1517 -0.1517
vn 0.9767 -0.0821 -0.1982
vn 0.9767 0.0000 -0.2146
vn 0.9767 0.0821 -0.1982
vn 0.9767 0.1517 -0.1517
vn 0.6781 0.7349 0.0000
vn 0.6781 0.6790 -0.2812
vn 0.9767 0.1982 -0.0821
vn 0.9767 0.2146 0.0000
vn 0.1938 0.9810 0.0000
vn 0.1938 0.9063 -0.3754
vn 0.1938 0.0000 0.9810
vn 0.1938 0.3754 0.9063
vn 0.1938 -0.3754 0.9063
vn 0.1938 -0.6937 0.6937
vn 0.1938 -0.9063 0.3754
vn 0.1938 -0.9810 0.0000
vn 0.1938 -0.9063 -0.3754
vn 0.1938 -0.6937 -0.6937
vn 0.1938 -0.3754 -0.9063
vn 0.1938 0.0000 -0.9810
vn 0.1938 0.3754 -0.9063
vn 0.1938 0.6937 -0.6937
vn 0.6781 -0.6790 -0.2812
vn 0.6781 -0.7349 0.0000
vn 0.6781 -0.6790 0.2812
vn 0.6781 0.6790 0.2812
vn 0.6781 -0.5197 -0.5197
vn 0.6781 0.5197 0.5197
vn 0.6781 -0.2812 -0.6790
vn 0.6781 0.2812 0.6790
vn 0.6781 0.0000 -0.7349
vn 0.6781 0.0000 0.7349
vn 0.6781 0.2812 -0.6790
vn 0.6781 -0.2812 0.6790
vn 0.6781 0.5197 -0.5197
vn 0.6781 -0.5197 0.5197
vn 0.3890 0.8511 0.3525
vn 0.3890 0.9212 0.0000
vn 0.9265 0.3477 0.1440
vn 0.9265 0.3764 0.0000
vn 0.3890 0.6514 0.6514
vn 0.9265 0.2661 0.2661
vn 0.3890 0.3525 0.8511
vn 0.9265 0.1440 0.3477
vn 0.3890 0.0000 0.9212
vn 0.9265 0.0000 0.3764
vn 0.3890 -0.3525 0.8511
vn 0.9265 -0.1440 0.3477
vn 0.3890 -0.6514 0.6514
vn 0.9265 -0.2661 0.2661
vn 0.3890 -0.8511 0.3525
vn 0.9265 -0.3477 0.1440
vn 0.3890 -0.9212 0.0000
vn 0.9265 -0.3764 0.0000
vn 0.3890 -0.8511 -0.3525
vn 0.9265 -0.3477 -0.1440
vn 0.3890 -0.6514 -0.6514
vn 0.9265 -0.2661 -0.2661
vn 0.3890 -0.3525 -0.8511
vn 0.9265 -0.1440 -0.3477
vn 0.3890 0.0000 -0.9212
vn 0.9265 0.0000 -0.3764
vn 0.3890 0.3525 -0.8511
vn 0.9265 0.1440 -0.3477
vn 0.3890 0.6514 -0.6514
vn 0.9265 0.2661 -0.2661
vn 0.3890 0.8511 -0.3525
vn 0.9265 0.3477 -0.1440
usemtl WoodToy1
s 1
f 1043/1224/849 1090/1225/850 1096/1226/851 1235/1227/852
f 1044/1228/853 1251/1229/853 1095/1230/854 1089/1231/855
f 1251/1229/853 1252/1232/853 1098/1233/856 1095/1230/854
f 1252/1232/853 1253/1234/853 1101/1235/857 1098/1233/856
f 1253/1234/853 1254/1236/853 1104/1237/858 1101/1235/857
f 1254/1236/853 1255/1238/853 1107/1239/859 1104/1237/858
f 1255/1238/853 1256/1240/853 1110/1241/860 1107/1239/859
f 1256/1240/853 1257/1242/853 1113/1243/861 1110/1241/860
f 1257/1242/853 1258/1244/853 1116/1245/862 1113/1243/861
f 1258/1244/853 1259/1246/853 1119/1247/863 1116/1245/862
f 1259/1246/853 1260/1248/853 1122/1249/864 1119/1247/863
f 1260/1248/853 1261/1250/853 1125/1251/865 1122/1249/864
f 1261/1250/853 1262/1252/853 1128/1253/866 1125/1251/865
f 1262/1252/853 1263/1254/853 1131/1255/867 1128/1253/866
f 1058/1256/868 1056/1257/869 1080/1258/869 1273/1259/868
f 1263/1254/853 1264/1260/853 1134/1261/870 1131/1255/867
f 1264/1260/853 1042/1262/853 1093/1263/871 1134/1261/870
f 1233/1264/872 1234/1265/872 1045/1266/872 1236/1267/872 1237/1268/872 1238/1269/872 1239/1270/872 1240/1271/872 1241/1272/872 1242/1273/872 1243/1274/872 1244/1275/872 1245/1276/872 1246/1277/872 1247/1278/872 1248/1279/872
f 1041/1280/873 1092/1281/874 1090/1225/850 1043/1224/849
f 1071/1282/875 1135/1283/876 1092/1281/874 1041/1280/873
f 1047/1284/877 1099/1285/878 1102/1286/879 1049/1287/880
f 1049/1287/880 1102/1286/879 1105/1288/881 1051/1289/882
f 1051/1289/882 1105/1288/881 1108/1290/883 1053/1291/884
f 1053/1291/884 1108/1290/883 1111/1292/885 1055/1293/886
f 1055/1293/886 1111/1292/885 1114/1294/887 1057/1295/888
f 1057/1295/888 1114/1294/887 1117/1296/889 1059/1297/890
f 1059/1297/890 1117/1296/889 1120/1298/891 1061/1299/892
f 1061/1299/892 1120/1298/891 1123/1300/893 1063/1301/894
f 1063/1301/894 1123/1300/893 1126/1302/895 1065/1303/896
f 1065/1303/896 1126/1302/895 1129/1304/897 1067/1305/898
f 1067/1305/898 1129/1304/897 1132/1306/899 1069/1307/900
f 1069/1307/900 1132/1306/899 1135/1283/876 1071/1282/875
f 1235/1227/852 1096/1226/851 1099/1285/878 1047/1284/877
f 1265/1308/853 1266/1309/853 1280/1310/853 1279/1311/853 1278/1312/853 1277/1313/853 1276/1314/853 1275/1315/853 1274/1316/853 1081/1317/853 1272/1318/853 1271/1319/853 1270/1320/853 1269/1321/853 1268/1322/853 1267/1323/853
f 1249/1324/901 1250/1325/902 1074/1326/902 1073/1327/901
f 1250/1325/902 1072/1328/903 1088/1329/903 1074/1326/902
f 1060/1330/904 1058/1256/868 1273/1259/868 1082/1331/904
f 1046/1332/905 1249/1324/901 1073/1327/901 1075/1333/905
f 1062/1334/906 1060/1330/904 1082/1331/904 1083/1335/906
f 1048/1336/907 1046/1332/905 1075/1333/905 1076/1337/907
f 1064/1338/908 1062/1334/906 1083/1335/906 1084/1339/908
f 1050/1340/909 1048/1336/907 1076/1337/907 1077/1341/909
f 1066/1342/910 1064/1338/908 1084/1339/908 1085/1343/910
f 1052/1344/911 1050/1340/909 1077/1341/909 1078/1345/911
f 1068/1346/912 1066/1342/910 1085/1343/910 1086/1347/912
f 1054/1348/913 1052/1344/911 1078/1345/911 1079/1349/913
f 1070/1350/914 1068/1346/912 1086/1347/912 1087/1351/914
f 1056/1257/869 1054/1348/913 1079/1349/913 1080/1258/869
f 1072/1328/903 1070/1350/914 1087/1351/914 1088/1329/903
f 1090/1225/850 1092/1281/874 1281/1352/915 1282/1353/916
f 1091/1354/917 1094/1355/918 1093/1263/871 1089/1231/855
f 1096/1226/851 1090/1225/850 1282/1353/916 1283/1356/919
f 1097/1357/920 1091/1354/917 1089/1231/855 1095/1230/854
f 1099/1285/878 1096/1226/851 1283/1356/919 1284/1358/921
f 1100/1359/922 1097/1357/920 1095/1230/854 1098/1233/856
f 1102/1286/879 1099/1285/878 1284/1358/921 1285/1360/923
f 1103/1361/924 1100/1359/922 1098/1233/856 1101/1235/857
f 1105/1288/881 1102/1286/879 1285/1360/923 1286/1362/925
f 1106/1363/926 1103/1361/924 1101/1235/857 1104/1237/858
f 1108/1290/883 1105/1288/881 1286/1362/925 1287/1364/927
f 1109/1365/928 1106/1363/926 1104/1237/858 1107/1239/859
f 1111/1292/885 1108/1290/883 1287/1364/927 1288/1366/929
f 1112/1367/930 1109/1365/928 1107/1239/859 1110/1241/860
f 1114/1294/887 1111/1292/885 1288/1366/929 1289/1368/931
f 1115/1369/932 1112/1367/930 1110/1241/860 1113/1243/861
f 1117/1296/889 1114/1294/887 1289/1368/931 1290/1370/933
f 1118/1371/934 1115/1369/932 1113/1243/861 1116/1245/862
f 1120/1298/891 1117/1296/889 1290/1370/933 1291/1372/935
f 1121/1373/936 1118/1371/934 1116/1245/862 1119/1247/863
f 1123/1300/893 1120/1298/891 1291/1372/935 1292/1374/937
f 1124/1375/938 1121/1373/936 1119/1247/863 1122/1249/864
f 1126/1302/895 1123/1300/893 1292/1374/937 1293/1376/939
f 1127/1377/940 1124/1375/938 1122/1249/864 1125/1251/865
f 1129/1304/897 1126/1302/895 1293/1376/939 1294/1378/941
f 1130/1379/942 1127/1377/940 1125/1251/865 1128/1253/866
f 1132/1306/899 1129/1304/897 1294/1378/941 1295/1380/943
f 1133/1381/944 1130/1379/942 1128/1253/866 1131/1255/867
f 1135/1283/876 1132/1306/899 1295/1380/943 1296/1382/945
f 1136/1383/946 1133/1381/944 1131/1255/867 1134/1261/870
f 1092/1281/874 1135/1283/876 1296/1382/945 1281/1352/915
f 1094/1355/918 1136/1383/946 1134/1261/870 1093/1263/871
f 1042/1262/853 1044/1228/853 1089/1231/855 1093/1263/871
f 1139/1384/849 1299/1385/852 1192/1386/947 1186/1387/948
f 1140/1388/872 1185/1389/949 1191/1390/950 1315/1391/872
f 1315/1391/872 1191/1390/950 1194/1392/951 1316/1393/872
f 1316/1393/872 1194/1392/951 1197/1394/952 1317/1395/872
f 1317/1395/872 1197/1394/952 1200/1396/953 1318/1397/872
f 1318/1397/872 1200/1396/953 1203/1398/954 1319/1399/872
f 1319/1399/872 1203/1398/954 1206/1400/955 1320/1401/872
f 1320/1401/872 1206/1400/955 1209/1402/956 1321/1403/872
f 1321/1403/872 1209/1402/956 1212/1404/957 1322/1405/872
f 1322/1405/872 1212/1404/957 1215/1406/958 1323/1407/872
f 1323/1407/872 1215/1406/958 1218/1408/959 1324/1409/872
f 1324/1409/872 1218/1408/959 1221/1410/960 1325/1411/872
f 1325/1411/872 1221/1410/960 1224/1412/961 1326/1413/872
f 1326/1413/872 1224/1412/961 1227/1414/962 1327/1415/872
f 1154/1416/963 1337/1417/963 1176/1418/964 1152/1419/964
f 1327/1415/872 1227/1414/962 1230/1420/965 1328/1421/872
f 1328/1421/872 1230/1420/965 1189/1422/966 1138/1423/872
f 1297/1424/853 1312/1425/853 1311/1426/853 1310/1427/853 1309/1428/853 1308/1429/853 1307/1430/853 1306/1431/853 1305/1432/853 1304/1433/853 1303/1434/853 1302/1435/853 1301/1436/853 1300/1437/853 1141/1438/853 1298/1439/853
f 1137/1440/873 1139/1384/849 1186/1387/948 1188/1441/967
f 1167/1442/875 1137/1440/873 1188/1441/967 1231/1443/968
f 1143/1444/877 1145/1445/880 1198/1446/969 1195/1447/970
f 1145/1445/880 1147/1448/882 1201/1449/971 1198/1446/969
f 1147/1448/882 1149/1450/884 1204/1451/972 1201/1449/971
f 1149/1450/884 1151/1452/886 1207/1453/973 1204/1451/972
f 1151/1452/886 1153/1454/888 1210/1455/974 1207/1453/973
f 1153/1454/888 1155/1456/890 1213/1457/975 1210/1455/974
f 1155/1456/890 1157/1458/892 1216/1459/976 1213/1457/975
f 1157/1458/892 1159/1460/894 1219/1461/977 1216/1459/976
f 1159/1460/894 1161/1462/896 1222/1463/978 1219/1461/977
f 1161/1462/896 1163/1464/898 1225/1465/979 1222/1463/978
f 1163/1464/898 1165/1466/900 1228/1467/980 1225/1465/979
f 1165/1466/900 1167/1442/875 1231/1443/968 1228/1467/980
f 1299/1385/852 1143/1444/877 1195/1447/970 1192/1386/947
f 1329/1468/872 1331/1469/872 1332/1470/872 1333/1471/872 1334/1472/872 1335/1473/872 1336/1474/872 1177/1475/872 1338/1476/872 1339/1477/872 1340/1478/872 1341/1479/872 1342/1480/872 1343/1481/872 1344/1482/872 1330/1483/872
f 1313/1484/981 1169/1485/981 1170/1486/982 1314/1487/982
f 1314/1487/982 1170/1486/982 1184/1488/983 1168/1489/983
f 1156/1490/984 1178/1491/984 1337/1417/963 1154/1416/963
f 1142/1492/985 1171/1493/985 1169/1485/981 1313/1484/981
f 1158/1494/986 1179/1495/986 1178/1491/984 1156/1490/984
f 1144/1496/987 1172/1497/987 1171/1493/985 1142/1492/985
f 1160/1498/988 1180/1499/988 1179/1495/986 1158/1494/986
f 1146/1500/989 1173/1501/989 1172/1497/987 1144/1496/987
f 1162/1502/990 1181/1503/990 1180/1499/988 1160/1498/988
f 1148/1504/991 1174/1505/991 1173/1501/989 1146/1500/989
f 1164/1506/992 1182/1507/992 1181/1503/990 1162/1502/990
f 1150/1508/993 1175/1509/993 1174/1505/991 1148/1504/991
f 1166/1510/994 1183/1511/994 1182/1507/992 1164/1506/992
f 1152/1419/964 1176/1418/964 1175/1509/993 1150/1508/993
f 1168/1489/983 1184/1488/983 1183/1511/994 1166/1510/994
f 1186/1387/948 1346/1512/995 1345/1513/996 1188/1441/967
f 1187/1514/997 1185/1389/949 1189/1422/966 1190/1515/998
f 1192/1386/947 1347/1516/999 1346/1512/995 1186/1387/948
f 1193/1517/1000 1191/1390/950 1185/1389/949 1187/1514/997
f 1195/1447/970 1348/1518/1001 1347/1516/999 1192/1386/947
f 1196/1519/1002 1194/1392/951 1191/1390/950 1193/1517/1000
f 1198/1446/969 1349/1520/1003 1348/1518/1001 1195/1447/970
f 1199/1521/1004 1197/1394/952 1194/1392/951 1196/1519/1002
f 1201/1449/971 1350/1522/1005 1349/1520/1003 1198/1446/969
f 1202/1523/1006 1200/1396/953 1197/1394/952 1199/1521/1004
f 1204/1451/972 1351/1524/1007 1350/1522/1005 1201/1449/971
f 1205/1525/1008 1203/1398/954 1200/1396/953 1202/1523/1006
f 1207/1453/973 1352/1526/1009 1351/1524/1007 1204/1451/972
f 1208/1527/1010 1206/1400/955 1203/1398/954 1205/1525/1008
f 1210/1455/974 1353/1528/1011 1352/1526/1009 1207/1453/973
f 1211/1529/1012 1209/1402/956 1206/1400/955 1208/1527/1010
f 1213/1457/975 1354/1530/1013 1353/1528/1011 1210/1455/974
f 1214/1531/1014 1212/1404/957 1209/1402/956 1211/1529/1012
f 1216/1459/976 1355/1532/1015 1354/1530/1013 1213/1457/975
f 1217/1533/1016 1215/1406/958 1212/1404/957 1214/1531/1014
f 1219/1461/977 1356/1534/1017 1355/1532/1015 1216/1459/976
f 1220/1535/1018 1218/1408/959 1215/1406/958 1217/1533/1016
f 1222/1463/978 1357/1536/1019 1356/1534/1017 1219/1461/977
f 1223/1537/1020 1221/1410/960 1218/1408/959 1220/1535/1018
f 1225/1465/979 1358/1538/1021 1357/1536/1019 1222/1463/978
f 1226/1539/1022 1224/1412/961 1221/1410/960 1223/1537/1020
f 1228/1467/980 1359/1540/1023 1358/1538/1021 1225/1465/979
f 1229/1541/1024 1227/1414/962 1224/1412/961 1226/1539/1022
f 1231/1443/968 1360/1542/1025 1359/1540/1023 1228/1467/980
f 1232/1543/1026 1230/1420/965 1227/1414/962 1229/1541/1024
f 1188/1441/967 1345/1513/996 1360/1542/1025 1231/1443/968
f 1190/1515/998 1189/1422/966 1230/1420/965 1232/1543/1026
f 1138/1423/872 1189/1422/966 1185/1389/949 1140/1388/872
o Cylinder.002
v -11.412777 1.232082 -1.800588
v -11.839843 1.002290 -1.800588
v -11.412777 1.185261 -1.565206
v -11.839843 0.972962 -1.653143
v -11.412777 1.051929 -1.365659
v -11.839843 0.889441 -1.528147
v -11.412777 0.852382 -1.232327
v -11.839843 0.764444 -1.444626
v -11.412777 0.617000 -1.185506
v -11.839843 0.617000 -1.415298
v -11.412777 0.381619 -1.232327
v -11.839843 0.469556 -1.444626
v -11.412777 0.182072 -1.365659
v -11.839843 0.344559 -1.528147
v -11.412777 0.048739 -1.565206
v -11.839843 0.261039 -1.653143
v -11.412777 0.001919 -1.800588
v -11.839843 0.231710 -1.800588
v -11.412777 0.048739 -2.035969
v -11.839843 0.261039 -1.948032
v -11.412777 0.182072 -2.235516
v -11.839843 0.344559 -2.073029
v -11.412777 0.381619 -2.368849
v -11.839843 0.469556 -2.156549
v -11.412777 0.617000 -2.415669
v -11.839843 0.617000 -2.185877
v -11.412777 0.852382 -2.368849
v -11.839843 0.764444 -2.156549
v -11.412777 1.051929 -2.235516
v -11.839843 0.889441 -2.073029
v -11.412777 1.185261 -2.035969
v -11.839843 0.972962 -1.948032
v -11.617237 0.783189 -1.731750
v -11.617237 0.796881 -1.800588
v -11.617237 0.744195 -1.673392
v -11.617237 0.685838 -1.634399
v -11.617237 0.617000 -1.620706
v -11.617237 0.548163 -1.634399
v -11.617237 0.489805 -1.673392
v -11.617237 0.450812 -1.731750
v -11.617237 0.437119 -1.800588
v -11.617237 0.450812 -1.869425
v -11.617237 0.489805 -1.927783
v -11.617237 0.548163 -1.966776
v -11.617237 0.617000 -1.980469
v -11.617237 0.685838 -1.966776
v -11.617237 0.744195 -1.927783
v -11.617237 0.783189 -1.869425
v -11.839843 1.131084 -1.587647
v -11.782330 1.185261 -1.565206
v -11.822998 1.169393 -1.571779
v -11.782330 1.232082 -1.800588
v -11.839843 1.173441 -1.800588
v -11.822998 1.214906 -1.800588
v -11.839843 1.010463 -1.407125
v -11.782330 1.051928 -1.365659
v -11.822998 1.039784 -1.377804
v -11.839843 0.829941 -1.286504
v -11.782330 0.852382 -1.232327
v -11.822998 0.845809 -1.248195
v -11.839843 0.617000 -1.244147
v -11.782330 0.617000 -1.185506
v -11.822998 0.617000 -1.202682
v -11.839843 0.404060 -1.286503
v -11.782330 0.381619 -1.232327
v -11.822998 0.388192 -1.248195
v -11.839843 0.223537 -1.407125
v -11.782330 0.182072 -1.365659
v -11.822998 0.194217 -1.377804
v -11.839843 0.102916 -1.587647
v -11.782330 0.048739 -1.565206
v -11.822998 0.064607 -1.571779
v -11.839843 0.060560 -1.800588
v -11.782330 0.001919 -1.800588
v -11.822998 0.019094 -1.800588
v -11.839843 0.102916 -2.013528
v -11.782330 0.048739 -2.035969
v -11.822998 0.064607 -2.029396
v -11.839843 0.223537 -2.194050
v -11.782330 0.182072 -2.235516
v -11.822998 0.194217 -2.223371
v -11.839843 0.404060 -2.314672
v -11.782330 0.381619 -2.368849
v -11.822998 0.388192 -2.352980
v -11.839843 0.617000 -2.357028
v -11.782330 0.617000 -2.415669
v -11.822998 0.617000 -2.398493
v -11.839843 0.829941 -2.314672
v -11.782330 0.852382 -2.368849
v -11.822998 0.845809 -2.352980
v -11.839843 1.010463 -2.194051
v -11.782330 1.051928 -2.235516
v -11.822998 1.039783 -2.223371
v -11.839843 1.131084 -2.013528
v -11.782330 1.185261 -2.035969
v -11.822998 1.169393 -2.029396
v -8.587222 1.232082 -1.800587
v -8.160156 1.002290 -1.800587
v -8.587222 1.185261 -1.565206
v -8.160156 0.972962 -1.653143
v -8.587222 1.051929 -1.365659
v -8.160156 0.889441 -1.528146
v -8.587222 0.852382 -1.232326
v -8.160156 0.764444 -1.444626
v -8.587222 0.617000 -1.185506
v -8.160156 0.617000 -1.415298
v -8.587222 0.381619 -1.232326
v -8.160156 0.469556 -1.444626
v -8.587223 0.182072 -1.365659
v -8.160156 0.344559 -1.528146
v -8.587223 0.048739 -1.565206
v -8.160156 0.261039 -1.653143
v -8.587223 0.001919 -1.800587
v -8.160156 0.231710 -1.800587
v -8.587223 0.048739 -2.035969
v -8.160156 0.261039 -1.948031
v -8.587223 0.182072 -2.235516
v -8.160156 0.344559 -2.073029
v -8.587222 0.381619 -2.368848
v -8.160156 0.469556 -2.156549
v -8.587222 0.617000 -2.415668
v -8.160156 0.617000 -2.185877
v -8.587222 0.852382 -2.368848
v -8.160156 0.764444 -2.156549
v -8.587222 1.051928 -2.235516
v -8.160156 0.889441 -2.073029
v -8.587222 1.185261 -2.035969
v -8.160156 0.972962 -1.948031
v -8.382763 0.783189 -1.731750
v -8.382763 0.796881 -1.800587
v -8.382763 0.744195 -1.673392
v -8.382763 0.685838 -1.634399
v -8.382763 0.617000 -1.620706
v -8.382763 0.548163 -1.634399
v -8.382763 0.489805 -1.673392
v -8.382763 0.450812 -1.731750
v -8.382763 0.437119 -1.800587
v -8.382763 0.450812 -1.869425
v -8.382763 0.489805 -1.927783
v -8.382763 0.548163 -1.966776
v -8.382763 0.617000 -1.980469
v -8.382763 0.685838 -1.966776
v -8.382763 0.744195 -1.927783
v -8.382763 0.783189 -1.869425
v -8.160156 1.131084 -1.587647
v -8.217670 1.185261 -1.565206
v -8.177002 1.169393 -1.571779
v -8.217670 1.232082 -1.800587
v -8.160156 1.173441 -1.800587
v -8.177002 1.214906 -1.800587
v -8.160156 1.010463 -1.407125
v -8.217670 1.051928 -1.365659
v -8.177002 1.039784 -1.377804
v -8.160156 0.829941 -1.286503
v -8.217670 0.852382 -1.232326
v -8.177002 0.845809 -1.248194
v -8.160156 0.617000 -1.244147
v -8.217670 0.617000 -1.185506
v -8.177002 0.617000 -1.202682
v -8.160156 0.404060 -1.286503
v -8.217670 0.381619 -1.232326
v -8.177002 0.388192 -1.248194
v -8.160156 0.223537 -1.407125
v -8.217670 0.182072 -1.365659
v -8.177002 0.194217 -1.377804
v -8.160156 0.102916 -1.587647
v -8.217670 0.048739 -1.565206
v -8.177002 0.064607 -1.571779
v -8.160156 0.060560 -1.800587
v -8.217670 0.001919 -1.800587
v -8.177002 0.019094 -1.800587
v -8.160156 0.102916 -2.013528
v -8.217670 0.048739 -2.035969
v -8.177002 0.064607 -2.029396
v -8.160156 0.223537 -2.194050
v -8.217670 0.182072 -2.235515
v -8.177002 0.194217 -2.223371
v -8.160156 0.404060 -2.314672
v -8.217670 0.381619 -2.368848
v -8.177002 0.388192 -2.352980
v -8.160156 0.617000 -2.357028
v -8.217670 0.617000 -2.415668
v -8.177002 0.617000 -2.398493
v -8.160156 0.829941 -2.314672
v -8.217670 0.852382 -2.368848
v -8.177002 0.845809 -2.352980
v -8.160156 1.010463 -2.194050
v -8.217670 1.051928 -2.235516
v -8.177002 1.039783 -2.223371
v -8.160156 1.131084 -2.013528
v -8.217670 1.185261 -2.035969
v -8.177002 1.169393 -2.029396
v -11.412777 1.232082 -1.800588
v -11.412777 1.185261 -1.565206
v -11.412777 1.051929 -1.365659
v -11.412777 0.852382 -1.232327
v -11.412777 0.617000 -1.185506
v -11.412777 0.381619 -1.232327
v -11.412777 0.182072 -1.365659
v -11.412777 0.048739 -1.565206
v -11.412777 0.001919 -1.800588
v -11.412777 0.048739 -2.035969
v -11.412777 0.182072 -2.235516
v -11.412777 0.381619 -2.368849
v -11.412777 0.617000 -2.415669
v -11.412777 0.852382 -2.368849
v -11.412777 1.051929 -2.235516
v -11.412777 1.185261 -2.035969
v -11.839843 0.972962 -1.653143
v -11.839843 1.002290 -1.800588
v -11.839843 0.889441 -1.528147
v -11.839843 0.764444 -1.444626
v -11.839843 0.617000 -1.415298
v -11.839843 0.469556 -1.444626
v -11.839843 0.344559 -1.528147
v -11.839843 0.261039 -1.653143
v -11.839843 0.231710 -1.800588
v -11.839843 0.261039 -1.948032
v -11.839843 0.344559 -2.073029
v -11.839843 0.469556 -2.156549
v -11.839843 0.617000 -2.185877
v -11.839843 0.764444 -2.156549
v -11.839843 0.889441 -2.073029
v -11.839843 0.972962 -1.948032
v -11.617237 0.783189 -1.731750
v -11.617237 0.796881 -1.800588
v -11.617237 0.744195 -1.673392
v -11.617237 0.685838 -1.634399
v -11.617237 0.617000 -1.620706
v -11.617237 0.548163 -1.634399
v -11.617237 0.489805 -1.673392
v -11.617237 0.450812 -1.731750
v -11.617237 0.437119 -1.800588
v -11.617237 0.450812 -1.869425
v -11.617237 0.489805 -1.927783
v -11.617237 0.548163 -1.966776
v -11.617237 0.617000 -1.980469
v -11.617237 0.685838 -1.966776
v -11.617237 0.744195 -1.927783
v -11.617237 0.783189 -1.869425
v -11.822998 1.214906 -1.800588
v -11.822998 1.169393 -1.571779
v -11.822998 1.039784 -1.377804
v -11.822998 0.845809 -1.248195
v -11.822998 0.617000 -1.202682
v -11.822998 0.388192 -1.248195
v -11.822998 0.194217 -1.377804
v -11.822998 0.064607 -1.571779
v -11.822998 0.019094 -1.800588
v -11.822998 0.064607 -2.029396
v -11.822998 0.194217 -2.223371
v -11.822998 0.388192 -2.352980
v -11.822998 0.617000 -2.398493
v -11.822998 0.845809 -2.352980
v -11.822998 1.039783 -2.223371
v -11.822998 1.169393 -2.029396
v -8.587222 1.232082 -1.800587
v -8.587222 1.185261 -1.565206
v -8.587222 1.051929 -1.365659
v -8.587222 0.852382 -1.232326
v -8.587222 0.617000 -1.185506
v -8.587222 0.381619 -1.232326
v -8.587223 0.182072 -1.365659
v -8.587223 0.048739 -1.565206
v -8.587223 0.001919 -1.800587
v -8.587223 0.048739 -2.035969
v -8.587223 0.182072 -2.235516
v -8.587222 0.381619 -2.368848
v -8.587222 0.617000 -2.415668
v -8.587222 0.852382 -2.368848
v -8.587222 1.051928 -2.235516
v -8.587222 1.185261 -2.035969
v -8.160156 0.972962 -1.653143
v -8.160156 1.002290 -1.800587
v -8.160156 0.889441 -1.528146
v -8.160156 0.764444 -1.444626
v -8.160156 0.617000 -1.415298
v -8.160156 0.469556 -1.444626
v -8.160156 0.344559 -1.528146
v -8.160156 0.261039 -1.653143
v -8.160156 0.231710 -1.800587
v -8.160156 0.261039 -1.948031
v -8.160156 0.344559 -2.073029
v -8.160156 0.469556 -2.156549
v -8.160156 0.617000 -2.185877
v -8.160156 0.764444 -2.156549
v -8.160156 0.889441 -2.073029
v -8.160156 0.972962 -1.948031
v -8.382763 0.783189 -1.731750
v -8.382763 0.796881 -1.800587
v -8.382763 0.744195 -1.673392
v -8.382763 0.685838 -1.634399
v -8.382763 0.617000 -1.620706
v -8.382763 0.548163 -1.634399
v -8.382763 0.489805 -1.673392
v -8.382763 0.450812 -1.731750
v -8.382763 0.437119 -1.800587
v -8.382763 0.450812 -1.869425
v -8.382763 0.489805 -1.927783
v -8.382763 0.548163 -1.966776
v -8.382763 0.617000 -1.980469
v -8.382763 0.685838 -1.966776
v -8.382763 0.744195 -1.927783
v -8.382763 0.783189 -1.869425
v -8.177002 1.214906 -1.800587
v -8.177002 1.169393 -1.571779
v -8.177002 1.039784 -1.377804
v -8.177002 0.845809 -1.248194
v -8.177002 0.617000 -1.202682
v -8.177002 0.388192 -1.248194
v -8.177002 0.194217 -1.377804
v -8.177002 0.064607 -1.571779
v -8.177002 0.019094 -1.800587
v -8.177002 0.064607 -2.029396
v -8.177002 0.194217 -2.223371
v -8.177002 0.388192 -2.352980
v -8.177002 0.617000 -2.398493
v -8.177002 0.845809 -2.352980
v -8.177002 1.039783 -2.223371
v -8.177002 1.169393 -2.029396
vt 0.735478 0.879696
vt 0.745728 0.864930
vt 0.753166 0.867877
vt 0.749348 0.885440
vt 0.750255 0.857935
vt 0.754671 0.859682
vt 0.753679 0.864981
vt 0.747310 0.862451
vt 0.759421 0.859608
vt 0.760532 0.864881
vt 0.763780 0.857721
vt 0.766824 0.862167
vt 0.767083 0.854311
vt 0.771597 0.857253
vt 0.768828 0.849899
vt 0.774124 0.850888
vt 0.768751 0.845151
vt 0.774023 0.844038
vt 0.766862 0.840793
vt 0.771309 0.837748
vt 0.763450 0.837489
vt 0.766394 0.832974
vt 0.759036 0.835742
vt 0.760029 0.830444
vt 0.754286 0.835814
vt 0.753177 0.830540
vt 0.749927 0.837698
vt 0.746884 0.833251
vt 0.746622 0.841108
vt 0.742109 0.838165
vt 0.744875 0.845523
vt 0.739578 0.844532
vt 0.766862 0.840793
vt 0.768751 0.845151
vt 0.760999 0.846954
vt 0.760387 0.845430
vt 0.744952 0.850272
vt 0.739678 0.851384
vt 0.746841 0.854630
vt 0.742393 0.857676
vt 0.652398 0.931484
vt 0.648747 0.940299
vt 0.642000 0.947045
vt 0.633186 0.950696
vt 0.623645 0.950696
vt 0.614830 0.947045
vt 0.608084 0.940299
vt 0.604433 0.931484
vt 0.604433 0.921943
vt 0.608084 0.913129
vt 0.614831 0.906382
vt 0.623645 0.902731
vt 0.633186 0.902731
vt 0.642000 0.906382
vt 0.648747 0.913129
vt 0.652398 0.921943
vt 0.724861 0.869081
vt 0.739983 0.859362
vt 0.719116 0.855210
vt 0.736806 0.852018
vt 0.764358 0.885438
vt 0.761166 0.867753
vt 0.768508 0.864578
vt 0.778224 0.879693
vt 0.774075 0.858835
vt 0.788834 0.869081
vt 0.777019 0.851400
vt 0.794576 0.855218
vt 0.776894 0.843404
vt 0.794576 0.840213
vt 0.773718 0.836064
vt 0.788835 0.826350
vt 0.767977 0.830496
vt 0.778228 0.815737
vt 0.760543 0.827549
vt 0.764368 0.809988
vt 0.752545 0.827669
vt 0.749360 0.809979
vt 0.745201 0.830840
vt 0.735488 0.815715
vt 0.739630 0.836582
vt 0.724867 0.826326
vt 0.736683 0.844019
vt 0.719117 0.840196
vt 0.754473 0.851171
vt 0.753326 0.849990
vt 0.752706 0.848467
vt 0.752728 0.846825
vt 0.753372 0.845316
vt 0.754546 0.844175
vt 0.756071 0.843579
vt 0.757711 0.843622
vt 0.759234 0.844256
vt 0.760387 0.845430
vt 0.760999 0.846954
vt 0.760969 0.848596
vt 0.760334 0.850108
vt 0.759161 0.851251
vt 0.757635 0.851850
vt 0.755991 0.851814
vt 0.750255 0.857935
vt 0.746841 0.854630
vt 0.753326 0.849990
vt 0.754473 0.851171
vt 0.744952 0.850272
vt 0.752706 0.848467
vt 0.763450 0.837489
vt 0.759234 0.844256
vt 0.754671 0.859682
vt 0.755991 0.851814
vt 0.759036 0.835742
vt 0.757711 0.843622
vt 0.759421 0.859608
vt 0.757635 0.851850
vt 0.754286 0.835814
vt 0.756071 0.843579
vt 0.763780 0.857721
vt 0.759161 0.851251
vt 0.749927 0.837698
vt 0.754546 0.844175
vt 0.767083 0.854311
vt 0.760334 0.850108
vt 0.746622 0.841108
vt 0.753372 0.845316
vt 0.768828 0.849899
vt 0.760969 0.848596
vt 0.744875 0.845523
vt 0.752728 0.846825
vt 0.741206 0.858499
vt 0.746528 0.863665
vt 0.746528 0.863665
vt 0.741206 0.858499
vt 0.753421 0.866402
vt 0.753421 0.866402
vt 0.760837 0.866293
vt 0.760837 0.866293
vt 0.767646 0.863354
vt 0.767646 0.863354
vt 0.772810 0.858035
vt 0.772810 0.858035
vt 0.775544 0.851145
vt 0.775544 0.851145
vt 0.775434 0.843733
vt 0.775434 0.843733
vt 0.772495 0.836926
vt 0.772495 0.836926
vt 0.767177 0.831761
vt 0.767177 0.831761
vt 0.760287 0.829023
vt 0.760287 0.829023
vt 0.752873 0.829129
vt 0.752873 0.829129
vt 0.746063 0.832064
vt 0.746063 0.832064
vt 0.740895 0.837382
vt 0.740895 0.837382
vt 0.738158 0.844274
vt 0.738158 0.844274
vt 0.738267 0.851690
vt 0.738267 0.851690
vt 0.735478 0.879696
vt 0.749348 0.885440
vt 0.753166 0.867877
vt 0.745728 0.864930
vt 0.750255 0.857935
vt 0.747310 0.862451
vt 0.753679 0.864981
vt 0.754671 0.859682
vt 0.760532 0.864881
vt 0.759421 0.859608
vt 0.766824 0.862167
vt 0.763780 0.857721
vt 0.771597 0.857253
vt 0.767083 0.854311
vt 0.774124 0.850888
vt 0.768828 0.849899
vt 0.774023 0.844038
vt 0.768751 0.845151
vt 0.771309 0.837748
vt 0.766862 0.840793
vt 0.766394 0.832974
vt 0.763450 0.837489
vt 0.760029 0.830444
vt 0.759036 0.835742
vt 0.753177 0.830540
vt 0.754286 0.835814
vt 0.746884 0.833251
vt 0.749927 0.837698
vt 0.742109 0.838165
vt 0.746622 0.841108
vt 0.739578 0.844532
vt 0.744875 0.845523
vt 0.766862 0.840793
vt 0.760387 0.845430
vt 0.760999 0.846954
vt 0.768751 0.845151
vt 0.739678 0.851384
vt 0.744952 0.850272
vt 0.742393 0.857676
vt 0.746841 0.854630
vt 0.652398 0.931484
vt 0.652398 0.921943
vt 0.648747 0.913129
vt 0.642000 0.906382
vt 0.633186 0.902731
vt 0.623645 0.902731
vt 0.614831 0.906382
vt 0.608084 0.913129
vt 0.604433 0.921943
vt 0.604433 0.931484
vt 0.608084 0.940299
vt 0.614830 0.947045
vt 0.623645 0.950696
vt 0.633186 0.950696
vt 0.642000 0.947045
vt 0.648747 0.940299
vt 0.724861 0.869081
vt 0.739983 0.859362
vt 0.719116 0.855210
vt 0.736806 0.852018
vt 0.764358 0.885438
vt 0.778224 0.879693
vt 0.768508 0.864578
vt 0.761166 0.867753
vt 0.788834 0.869081
vt 0.774075 0.858835
vt 0.794576 0.855218
vt 0.777019 0.851400
vt 0.794576 0.840213
vt 0.776894 0.843404
vt 0.788835 0.826350
vt 0.773718 0.836064
vt 0.778228 0.815737
vt 0.767977 0.830496
vt 0.764368 0.809988
vt 0.760543 0.827549
vt 0.749360 0.809979
vt 0.752545 0.827669
vt 0.735488 0.815715
vt 0.745201 0.830840
vt 0.724867 0.826326
vt 0.739630 0.836582
vt 0.719117 0.840196
vt 0.736683 0.844019
vt 0.754473 0.851171
vt 0.755991 0.851814
vt 0.757635 0.851850
vt 0.759161 0.851251
vt 0.760334 0.850108
vt 0.760969 0.848596
vt 0.760999 0.846954
vt 0.760387 0.845430
vt 0.759234 0.844256
vt 0.757711 0.843622
vt 0.756071 0.843579
vt 0.754546 0.844175
vt 0.753372 0.845316
vt 0.752728 0.846825
vt 0.752706 0.848467
vt 0.753326 0.849990
vt 0.750255 0.857935
vt 0.754473 0.851171
vt 0.753326 0.849990
vt 0.746841 0.854630
vt 0.752706 0.848467
vt 0.744952 0.850272
vt 0.763450 0.837489
vt 0.759234 0.844256
vt 0.754671 0.859682
vt 0.755991 0.851814
vt 0.759036 0.835742
vt 0.757711 0.843622
vt 0.759421 0.859608
vt 0.757635 0.851850
vt 0.754286 0.835814
vt 0.756071 0.843579
vt 0.763780 0.857721
vt 0.759161 0.851251
vt 0.749927 0.837698
vt 0.754546 0.844175
vt 0.767083 0.854311
vt 0.760334 0.850108
vt 0.746622 0.841108
vt 0.753372 0.845316
vt 0.768828 0.849899
vt 0.760969 0.848596
vt 0.744875 0.845523
vt 0.752728 0.846825
vt 0.746528 0.863665
vt 0.741206 0.858499
vt 0.746528 0.863665
vt 0.741206 0.858499
vt 0.753421 0.866402
vt 0.753421 0.866402
vt 0.760837 0.866293
vt 0.760837 0.866293
vt 0.767646 0.863354
vt 0.767646 0.863354
vt 0.772810 0.858035
vt 0.772810 0.858035
vt 0.775544 0.851145
vt 0.775544 0.851145
vt 0.775434 0.843733
vt 0.775434 0.843733
vt 0.772495 0.836926
vt 0.772495 0.836926
vt 0.767177 0.831761
vt 0.767177 0.831761
vt 0.760287 0.829023
vt 0.760287 0.829023
vt 0.752873 0.829129
vt 0.752873 0.829129
vt 0.746063 0.832064
vt 0.746063 0.832064
vt 0.740895 0.837382
vt 0.740895 0.837382
vt 0.738158 0.844274
vt 0.738158 0.844274
vt 0.738267 0.851690
vt 0.738267 0.851690
vn 0.0000 0.9239 0.3827
vn -0.1938 0.9063 0.3754
vn -0.1938 0.6937 0.6937
vn 0.0000 0.7071 0.7071
vn -1.0000 0.0000 0.0000
vn -0.9767 0.1517 0.1517
vn -0.9767 0.1982 0.0821
vn -0.9767 0.0821 0.1982
vn -0.9767 0.0000 0.2146
vn -0.9767 -0.0821 0.1982
vn -0.9767 -0.1517 0.1517
vn -0.9767 -0.1982 0.0821
vn -0.9767 -0.2146 0.0000
vn -0.9767 -0.1982 -0.0821
vn -0.9767 -0.1517 -0.1517
vn -0.9767 -0.0821 -0.1982
vn -0.9767 0.0000 -0.2146
vn -0.9767 0.0821 -0.1982
vn -0.9767 0.1517 -0.1517
vn -0.6781 0.7349 0.0000
vn -0.6781 0.6790 -0.2812
vn -0.9767 0.1982 -0.0821
vn -0.9767 0.2146 0.0000
vn 1.0000 0.0000 0.0000
vn 0.0000 1.0000 0.0000
vn -0.1938 0.9810 0.0000
vn 0.0000 0.9239 -0.3827
vn -0.1938 0.9063 -0.3754
vn 0.0000 0.3827 0.9239
vn -0.1938 0.3754 0.9063
vn -0.1938 0.0000 0.9810
vn 0.0000 0.0000 1.0000
vn -0.1938 -0.3754 0.9063
vn 0.0000 -0.3827 0.9239
vn -0.1938 -0.6937 0.6937
vn 0.0000 -0.7071 0.7071
vn -0.1938 -0.9063 0.3754
vn 0.0000 -0.9239 0.3827
vn -0.1938 -0.9810 0.0000
vn 0.0000 -1.0000 0.0000
vn -0.1938 -0.9063 -0.3754
vn 0.0000 -0.9239 -0.3827
vn -0.1938 -0.6937 -0.6937
vn 0.0000 -0.7071 -0.7071
vn -0.1938 -0.3754 -0.9063
vn 0.0000 -0.3827 -0.9239
vn -0.1938 0.0000 -0.9810
vn 0.0000 0.0000 -1.0000
vn -0.1938 0.3754 -0.9063
vn 0.0000 0.3827 -0.9239
vn -0.1938 0.6937 -0.6937
vn 0.0000 0.7071 -0.7071
vn -0.6781 -0.6790 -0.2812
vn -0.6781 -0.7349 0.0000
vn -0.6781 -0.6790 0.2812
vn -0.6781 0.6790 0.2812
vn -0.6781 -0.5196 -0.5197
vn -0.6781 0.5196 0.5197
vn -0.6781 -0.2812 -0.6790
vn -0.6781 0.2812 0.6790
vn -0.6781 0.0000 -0.7349
vn -0.6781 0.0000 0.7349
vn -0.6781 0.2812 -0.6790
vn -0.6781 -0.2812 0.6790
vn -0.6781 0.5196 -0.5197
vn -0.6781 -0.5197 0.5197
vn -0.3890 0.9212 0.0000
vn -0.3890 0.8511 0.3525
vn -0.9265 0.3477 0.1440
vn -0.9265 0.3764 0.0000
vn -0.3890 0.6514 0.6514
vn -0.9265 0.2661 0.2661
vn -0.3890 0.3525 0.8511
vn -0.9265 0.1440 0.3477
vn -0.3890 0.0000 0.9212
vn -0.9265 0.0000 0.3764
vn -0.3890 -0.3525 0.8511
vn -0.9265 -0.1440 0.3477
vn -0.3890 -0.6514 0.6514
vn -0.9265 -0.2661 0.2661
vn -0.3890 -0.8511 0.3525
vn -0.9265 -0.3477 0.1440
vn -0.3890 -0.9212 0.0000
vn -0.9265 -0.3764 0.0000
vn -0.3890 -0.8511 -0.3525
vn -0.9265 -0.3477 -0.1440
vn -0.3890 -0.6514 -0.6514
vn -0.9265 -0.2661 -0.2661
vn -0.3890 -0.3525 -0.8511
vn -0.9265 -0.1440 -0.3477
vn -0.3890 0.0000 -0.9212
vn -0.9265 0.0000 -0.3764
vn -0.3890 0.3525 -0.8511
vn -0.9265 0.1440 -0.3477
vn -0.3890 0.6514 -0.6514
vn -0.9265 0.2661 -0.2661
vn -0.3890 0.8511 -0.3525
vn -0.9265 0.3477 -0.1440
vn 0.1938 0.6937 0.6937
vn 0.1938 0.9063 0.3754
vn 0.9767 0.1982 0.0821
vn 0.9767 0.1517 0.1517
vn 0.9767 0.0821 0.1982
vn 0.9767 0.0000 0.2146
vn 0.9767 -0.0821 0.1982
vn 0.9767 -0.1517 0.1517
vn 0.9767 -0.1983 0.0821
vn 0.9767 -0.2146 0.0000
vn 0.9767 -0.1982 -0.0821
vn 0.9767 -0.1517 -0.1517
vn 0.9767 -0.0821 -0.1982
vn 0.9767 0.0000 -0.2146
vn 0.9767 0.0821 -0.1982
vn 0.9767 0.1517 -0.1517
vn 0.6781 0.7349 0.0000
vn 0.6781 0.6790 -0.2812
vn 0.9767 0.1982 -0.0821
vn 0.9767 0.2146 0.0000
vn 0.1938 0.9810 0.0000
vn 0.1938 0.9063 -0.3754
vn 0.1938 0.0000 0.9810
vn 0.1938 0.3754 0.9063
vn 0.1938 -0.3754 0.9063
vn 0.1938 -0.6937 0.6937
vn 0.1938 -0.9063 0.3754
vn 0.1938 -0.9810 0.0000
vn 0.1938 -0.9063 -0.3754
vn 0.1938 -0.6937 -0.6937
vn 0.1938 -0.3754 -0.9063
vn 0.1938 0.0000 -0.9810
vn 0.1938 0.3754 -0.9063
vn 0.1938 0.6937 -0.6937
vn 0.6781 -0.6790 -0.2812
vn 0.6781 -0.7349 0.0000
vn 0.6781 -0.6790 0.2812
vn 0.6781 0.6790 0.2812
vn 0.6781 -0.5197 -0.5197
vn 0.6781 0.5197 0.5197
vn 0.6781 -0.2812 -0.6790
vn 0.6781 0.2812 0.6790
vn 0.6781 0.0000 -0.7349
vn 0.6781 0.0000 0.7349
vn 0.6781 0.2812 -0.6790
vn 0.6781 -0.2812 0.6790
vn 0.6781 0.5197 -0.5197
vn 0.6781 -0.5197 0.5197
vn 0.3890 0.8511 0.3525
vn 0.3890 0.9212 0.0000
vn 0.9265 0.3477 0.1440
vn 0.9265 0.3764 0.0000
vn 0.3890 0.6514 0.6514
vn 0.9265 0.2661 0.2661
vn 0.3890 0.3525 0.8511
vn 0.9265 0.1440 0.3477
vn 0.3890 0.0000 0.9212
vn 0.9265 0.0000 0.3764
vn 0.3890 -0.3525 0.8511
vn 0.9265 -0.1440 0.3477
vn 0.3890 -0.6514 0.6514
vn 0.9265 -0.2661 0.2661
vn 0.3890 -0.8511 0.3525
vn 0.9265 -0.3477 0.1440
vn 0.3890 -0.9212 0.0000
vn 0.9265 -0.3764 0.0000
vn 0.3890 -0.8511 -0.3525
vn 0.9265 -0.3477 -0.1440
vn 0.3890 -0.6514 -0.6514
vn 0.9265 -0.2661 -0.2661
vn 0.3890 -0.3525 -0.8511
vn 0.9265 -0.1440 -0.3477
vn 0.3890 0.0000 -0.9212
vn 0.9265 0.0000 -0.3764
vn 0.3890 0.3525 -0.8511
vn 0.9265 0.1440 -0.3477
vn 0.3890 0.6514 -0.6514
vn 0.9265 0.2661 -0.2661
vn 0.3890 0.8511 -0.3525
vn 0.9265 0.3477 -0.1440
usemtl WoodToy1
s 1
f 1363/1544/1027 1410/1545/1028 1416/1546/1029 1555/1547/1030
f 1364/1548/1031 1571/1549/1031 1415/1550/1032 1409/1551/1033
f 1571/1549/1031 1572/1552/1031 1418/1553/1034 1415/1550/1032
f 1572/1552/1031 1573/1554/1031 1421/1555/1035 1418/1553/1034
f 1573/1554/1031 1574/1556/1031 1424/1557/1036 1421/1555/1035
f 1574/1556/1031 1575/1558/1031 1427/1559/1037 1424/1557/1036
f 1575/1558/1031 1576/1560/1031 1430/1561/1038 1427/1559/1037
f 1576/1560/1031 1577/1562/1031 1433/1563/1039 1430/1561/1038
f 1577/1562/1031 1578/1564/1031 1436/1565/1040 1433/1563/1039
f 1578/1564/1031 1579/1566/1031 1439/1567/1041 1436/1565/1040
f 1579/1566/1031 1580/1568/1031 1442/1569/1042 1439/1567/1041
f 1580/1568/1031 1581/1570/1031 1445/1571/1043 1442/1569/1042
f 1581/1570/1031 1582/1572/1031 1448/1573/1044 1445/1571/1043
f 1582/1572/1031 1583/1574/1031 1451/1575/1045 1448/1573/1044
f 1378/1576/1046 1376/1577/1047 1400/1578/1047 1593/1579/1046
f 1583/1574/1031 1584/1580/1031 1454/1581/1048 1451/1575/1045
f 1584/1580/1031 1362/1582/1031 1413/1583/1049 1454/1581/1048
f 1553/1584/1050 1554/1585/1050 1365/1586/1050 1556/1587/1050 1557/1588/1050 1558/1589/1050 1559/1590/1050 1560/1591/1050 1561/1592/1050 1562/1593/1050 1563/1594/1050 1564/1595/1050 1565/1596/1050 1566/1597/1050 1567/1598/1050 1568/1599/1050
f 1361/1600/1051 1412/1601/1052 1410/1545/1028 1363/1544/1027
f 1391/1602/1053 1455/1603/1054 1412/1601/1052 1361/1600/1051
f 1367/1604/1055 1419/1605/1056 1422/1606/1057 1369/1607/1058
f 1369/1607/1058 1422/1606/1057 1425/1608/1059 1371/1609/1060
f 1371/1609/1060 1425/1608/1059 1428/1610/1061 1373/1611/1062
f 1373/1611/1062 1428/1610/1061 1431/1612/1063 1375/1613/1064
f 1375/1613/1064 1431/1612/1063 1434/1614/1065 1377/1615/1066
f 1377/1615/1066 1434/1614/1065 1437/1616/1067 1379/1617/1068
f 1379/1617/1068 1437/1616/1067 1440/1618/1069 1381/1619/1070
f 1381/1619/1070 1440/1618/1069 1443/1620/1071 1383/1621/1072
f 1383/1621/1072 1443/1620/1071 1446/1622/1073 1385/1623/1074
f 1385/1623/1074 1446/1622/1073 1449/1624/1075 1387/1625/1076
f 1387/1625/1076 1449/1624/1075 1452/1626/1077 1389/1627/1078
f 1389/1627/1078 1452/1626/1077 1455/1603/1054 1391/1602/1053
f 1555/1547/1030 1416/1546/1029 1419/1605/1056 1367/1604/1055
f 1585/1628/1031 1586/1629/1031 1600/1630/1031 1599/1631/1031 1598/1632/1031 1597/1633/1031 1596/1634/1031 1595/1635/1031 1594/1636/1031 1401/1637/1031 1592/1638/1031 1591/1639/1031 1590/1640/1031 1589/1641/1031 1588/1642/1031 1587/1643/1031
f 1569/1644/1079 1570/1645/1080 1394/1646/1080 1393/1647/1079
f 1570/1645/1080 1392/1648/1081 1408/1649/1081 1394/1646/1080
f 1380/1650/1082 1378/1576/1046 1593/1579/1046 1402/1651/1082
f 1366/1652/1083 1569/1644/1079 1393/1647/1079 1395/1653/1083
f 1382/1654/1084 1380/1650/1082 1402/1651/1082 1403/1655/1084
f 1368/1656/1085 1366/1652/1083 1395/1653/1083 1396/1657/1085
f 1384/1658/1086 1382/1654/1084 1403/1655/1084 1404/1659/1086
f 1370/1660/1087 1368/1656/1085 1396/1657/1085 1397/1661/1087
f 1386/1662/1088 1384/1658/1086 1404/1659/1086 1405/1663/1088
f 1372/1664/1089 1370/1660/1087 1397/1661/1087 1398/1665/1089
f 1388/1666/1090 1386/1662/1088 1405/1663/1088 1406/1667/1090
f 1374/1668/1091 1372/1664/1089 1398/1665/1089 1399/1669/1091
f 1390/1670/1092 1388/1666/1090 1406/1667/1090 1407/1671/1092
f 1376/1577/1047 1374/1668/1091 1399/1669/1091 1400/1578/1047
f 1392/1648/1081 1390/1670/1092 1407/1671/1092 1408/1649/1081
f 1410/1545/1028 1412/1601/1052 1601/1672/1093 1602/1673/1094
f 1411/1674/1095 1414/1675/1096 1413/1583/1049 1409/1551/1033
f 1416/1546/1029 1410/1545/1028 1602/1673/1094 1603/1676/1097
f 1417/1677/1098 1411/1674/1095 1409/1551/1033 1415/1550/1032
f 1419/1605/1056 1416/1546/1029 1603/1676/1097 1604/1678/1099
f 1420/1679/1100 1417/1677/1098 1415/1550/1032 1418/1553/1034
f 1422/1606/1057 1419/1605/1056 1604/1678/1099 1605/1680/1101
f 1423/1681/1102 1420/1679/1100 1418/1553/1034 1421/1555/1035
f 1425/1608/1059 1422/1606/1057 1605/1680/1101 1606/1682/1103
f 1426/1683/1104 1423/1681/1102 1421/1555/1035 1424/1557/1036
f 1428/1610/1061 1425/1608/1059 1606/1682/1103 1607/1684/1105
f 1429/1685/1106 1426/1683/1104 1424/1557/1036 1427/1559/1037
f 1431/1612/1063 1428/1610/1061 1607/1684/1105 1608/1686/1107
f 1432/1687/1108 1429/1685/1106 1427/1559/1037 1430/1561/1038
f 1434/1614/1065 1431/1612/1063 1608/1686/1107 1609/1688/1109
f 1435/1689/1110 1432/1687/1108 1430/1561/1038 1433/1563/1039
f 1437/1616/1067 1434/1614/1065 1609/1688/1109 1610/1690/1111
f 1438/1691/1112 1435/1689/1110 1433/1563/1039 1436/1565/1040
f 1440/1618/1069 1437/1616/1067 1610/1690/1111 1611/1692/1113
f 1441/1693/1114 1438/1691/1112 1436/1565/1040 1439/1567/1041
f 1443/1620/1071 1440/1618/1069 1611/1692/1113 1612/1694/1115
f 1444/1695/1116 1441/1693/1114 1439/1567/1041 1442/1569/1042
f 1446/1622/1073 1443/1620/1071 1612/1694/1115 1613/1696/1117
f 1447/1697/1118 1444/1695/1116 1442/1569/1042 1445/1571/1043
f 1449/1624/1075 1446/1622/1073 1613/1696/1117 1614/1698/1119
f 1450/1699/1120 1447/1697/1118 1445/1571/1043 1448/1573/1044
f 1452/1626/1077 1449/1624/1075 1614/1698/1119 1615/1700/1121
f 1453/1701/1122 1450/1699/1120 1448/1573/1044 1451/1575/1045
f 1455/1603/1054 1452/1626/1077 1615/1700/1121 1616/1702/1123
f 1456/1703/1124 1453/1701/1122 1451/1575/1045 1454/1581/1048
f 1412/1601/1052 1455/1603/1054 1616/1702/1123 1601/1672/1093
f 1414/1675/1096 1456/1703/1124 1454/1581/1048 1413/1583/1049
f 1362/1582/1031 1364/1548/1031 1409/1551/1033 1413/1583/1049
f 1459/1704/1027 1619/1705/1030 1512/1706/1125 1506/1707/1126
f 1460/1708/1050 1505/1709/1127 1511/1710/1128 1635/1711/1050
f 1635/1711/1050 1511/1710/1128 1514/1712/1129 1636/1713/1050
f 1636/1713/1050 1514/1712/1129 1517/1714/1130 1637/1715/1050
f 1637/1715/1050 1517/1714/1130 1520/1716/1131 1638/1717/1050
f 1638/1717/1050 1520/1716/1131 1523/1718/1132 1639/1719/1050
f 1639/1719/1050 1523/1718/1132 1526/1720/1133 1640/1721/1050
f 1640/1721/1050 1526/1720/1133 1529/1722/1134 1641/1723/1050
f 1641/1723/1050 1529/1722/1134 1532/1724/1135 1642/1725/1050
f 1642/1725/1050 1532/1724/1135 1535/1726/1136 1643/1727/1050
f 1643/1727/1050 1535/1726/1136 1538/1728/1137 1644/1729/1050
f 1644/1729/1050 1538/1728/1137 1541/1730/1138 1645/1731/1050
f 1645/1731/1050 1541/1730/1138 1544/1732/1139 1646/1733/1050
f 1646/1733/1050 1544/1732/1139 1547/1734/1140 1647/1735/1050
f 1474/1736/1141 1657/1737/1141 1496/1738/1142 1472/1739/1142
f 1647/1735/1050 1547/1734/1140 1550/1740/1143 1648/1741/1050
f 1648/1741/1050 1550/1740/1143 1509/1742/1144 1458/1743/1050
f 1617/1744/1031 1632/1745/1031 1631/1746/1031 1630/1747/1031 1629/1748/1031 1628/1749/1031 1627/1750/1031 1626/1751/1031 1625/1752/1031 1624/1753/1031 1623/1754/1031 1622/1755/1031 1621/1756/1031 1620/1757/1031 1461/1758/1031 1618/1759/1031
f 1457/1760/1051 1459/1704/1027 1506/1707/1126 1508/1761/1145
f 1487/1762/1053 1457/1760/1051 1508/1761/1145 1551/1763/1146
f 1463/1764/1055 1465/1765/1058 1518/1766/1147 1515/1767/1148
f 1465/1765/1058 1467/1768/1060 1521/1769/1149 1518/1766/1147
f 1467/1768/1060 1469/1770/1062 1524/1771/1150 1521/1769/1149
f 1469/1770/1062 1471/1772/1064 1527/1773/1151 1524/1771/1150
f 1471/1772/1064 1473/1774/1066 1530/1775/1152 1527/1773/1151
f 1473/1774/1066 1475/1776/1068 1533/1777/1153 1530/1775/1152
f 1475/1776/1068 1477/1778/1070 1536/1779/1154 1533/1777/1153
f 1477/1778/1070 1479/1780/1072 1539/1781/1155 1536/1779/1154
f 1479/1780/1072 1481/1782/1074 1542/1783/1156 1539/1781/1155
f 1481/1782/1074 1483/1784/1076 1545/1785/1157 1542/1783/1156
f 1483/1784/1076 1485/1786/1078 1548/1787/1158 1545/1785/1157
f 1485/1786/1078 1487/1762/1053 1551/1763/1146 1548/1787/1158
f 1619/1705/1030 1463/1764/1055 1515/1767/1148 1512/1706/1125
f 1649/1788/1050 1651/1789/1050 1652/1790/1050 1653/1791/1050 1654/1792/1050 1655/1793/1050 1656/1794/1050 1497/1795/1050 1658/1796/1050 1659/1797/1050 1660/1798/1050 1661/1799/1050 1662/1800/1050 1663/1801/1050 1664/1802/1050 1650/1803/1050
f 1633/1804/1159 1489/1805/1159 1490/1806/1160 1634/1807/1160
f 1634/1807/1160 1490/1806/1160 1504/1808/1161 1488/1809/1161
f 1476/1810/1162 1498/1811/1162 1657/1737/1141 1474/1736/1141
f 1462/1812/1163 1491/1813/1163 1489/1805/1159 1633/1804/1159
f 1478/1814/1164 1499/1815/1164 1498/1811/1162 1476/1810/1162
f 1464/1816/1165 1492/1817/1165 1491/1813/1163 1462/1812/1163
f 1480/1818/1166 1500/1819/1166 1499/1815/1164 1478/1814/1164
f 1466/1820/1167 1493/1821/1167 1492/1817/1165 1464/1816/1165
f 1482/1822/1168 1501/1823/1168 1500/1819/1166 1480/1818/1166
f 1468/1824/1169 1494/1825/1169 1493/1821/1167 1466/1820/1167
f 1484/1826/1170 1502/1827/1170 1501/1823/1168 1482/1822/1168
f 1470/1828/1171 1495/1829/1171 1494/1825/1169 1468/1824/1169
f 1486/1830/1172 1503/1831/1172 1502/1827/1170 1484/1826/1170
f 1472/1739/1142 1496/1738/1142 1495/1829/1171 1470/1828/1171
f 1488/1809/1161 1504/1808/1161 1503/1831/1172 1486/1830/1172
f 1506/1707/1126 1666/1832/1173 1665/1833/1174 1508/1761/1145
f 1507/1834/1175 1505/1709/1127 1509/1742/1144 1510/1835/1176
f 1512/1706/1125 1667/1836/1177 1666/1832/1173 1506/1707/1126
f 1513/1837/1178 1511/1710/1128 1505/1709/1127 1507/1834/1175
f 1515/1767/1148 1668/1838/1179 1667/1836/1177 1512/1706/1125
f 1516/1839/1180 1514/1712/1129 1511/1710/1128 1513/1837/1178
f 1518/1766/1147 1669/1840/1181 1668/1838/1179 1515/1767/1148
f 1519/1841/1182 1517/1714/1130 1514/1712/1129 1516/1839/1180
f 1521/1769/1149 1670/1842/1183 1669/1840/1181 1518/1766/1147
f 1522/1843/1184 1520/1716/1131 1517/1714/1130 1519/1841/1182
f 1524/1771/1150 1671/1844/1185 1670/1842/1183 1521/1769/1149
f 1525/1845/1186 1523/1718/1132 1520/1716/1131 1522/1843/1184
f 1527/1773/1151 1672/1846/1187 1671/1844/1185 1524/1771/1150
f 1528/1847/1188 1526/1720/1133 1523/1718/1132 1525/1845/1186
f 1530/1775/1152 1673/1848/1189 1672/1846/1187 1527/1773/1151
f 1531/1849/1190 1529/1722/1134 1526/1720/1133 1528/1847/1188
f 1533/1777/1153 1674/1850/1191 1673/1848/1189 1530/1775/1152
f 1534/1851/1192 1532/1724/1135 1529/1722/1134 1531/1849/1190
f 1536/1779/1154 1675/1852/1193 1674/1850/1191 1533/1777/1153
f 1537/1853/1194 1535/1726/1136 1532/1724/1135 1534/1851/1192
f 1539/1781/1155 1676/1854/1195 1675/1852/1193 1536/1779/1154
f 1540/1855/1196 1538/1728/1137 1535/1726/1136 1537/1853/1194
f 1542/1783/1156 1677/1856/1197 1676/1854/1195 1539/1781/1155
f 1543/1857/1198 1541/1730/1138 1538/1728/1137 1540/1855/1196
f 1545/1785/1157 1678/1858/1199 1677/1856/1197 1542/1783/1156
f 1546/1859/1200 1544/1732/1139 1541/1730/1138 1543/1857/1198
f 1548/1787/1158 1679/1860/1201 1678/1858/1199 1545/1785/1157
f 1549/1861/1202 1547/1734/1140 1544/1732/1139 1546/1859/1200
f 1551/1763/1146 1680/1862/1203 1679/1860/1201 1548/1787/1158
f 1552/1863/1204 1550/1740/1143 1547/1734/1140 1549/1861/1202
f 1508/1761/1145 1665/1833/1174 1680/1862/1203 1551/1763/1146
f 1510/1835/1176 1509/1742/1144 1550/1740/1143 1552/1863/1204
f 1458/1743/1050 1509/1742/1144 1505/1709/1127 1460/1708/1050
o Cylinder.003
v -11.412777 1.232082 1.260557
v -11.839843 1.002290 1.260557
v -11.412777 1.185261 1.495939
v -11.839843 0.972962 1.408001
v -11.412777 1.051929 1.695485
v -11.839843 0.889441 1.532998
v -11.412777 0.852382 1.828818
v -11.839843 0.764444 1.616519
v -11.412777 0.617000 1.875638
v -11.839843 0.617000 1.645847
v -11.412777 0.381619 1.828818
v -11.839843 0.469556 1.616519
v -11.412777 0.182072 1.695485
v -11.839843 0.344559 1.532998
v -11.412777 0.048739 1.495939
v -11.839843 0.261039 1.408001
v -11.412777 0.001919 1.260557
v -11.839843 0.231710 1.260557
v -11.412777 0.048739 1.025176
v -11.839843 0.261039 1.113113
v -11.412777 0.182072 0.825629
v -11.839843 0.344559 0.988116
v -11.412777 0.381619 0.692296
v -11.839843 0.469556 0.904596
v -11.412777 0.617000 0.645476
v -11.839843 0.617000 0.875267
v -11.412777 0.852382 0.692296
v -11.839843 0.764444 0.904596
v -11.412777 1.051929 0.825629
v -11.839843 0.889441 0.988116
v -11.412777 1.185261 1.025176
v -11.839843 0.972962 1.113113
v -11.617237 0.783189 1.329395
v -11.617237 0.796881 1.260557
v -11.617237 0.744195 1.387753
v -11.617237 0.685838 1.426746
v -11.617237 0.617000 1.440439
v -11.617237 0.548163 1.426746
v -11.617237 0.489805 1.387753
v -11.617237 0.450812 1.329395
v -11.617237 0.437119 1.260557
v -11.617237 0.450812 1.191720
v -11.617237 0.489805 1.133362
v -11.617237 0.548163 1.094369
v -11.617237 0.617000 1.080676
v -11.617237 0.685838 1.094369
v -11.617237 0.744195 1.133362
v -11.617237 0.783189 1.191720
v -11.839843 1.131084 1.473498
v -11.782330 1.185261 1.495939
v -11.822998 1.169393 1.489366
v -11.782330 1.232082 1.260557
v -11.839843 1.173441 1.260557
v -11.822998 1.214906 1.260557
v -11.839843 1.010463 1.654020
v -11.782330 1.051928 1.695485
v -11.822998 1.039784 1.683341
v -11.839843 0.829941 1.774641
v -11.782330 0.852382 1.828818
v -11.822998 0.845809 1.812950
v -11.839843 0.617000 1.816998
v -11.782330 0.617000 1.875638
v -11.822998 0.617000 1.858463
v -11.839843 0.404060 1.774641
v -11.782330 0.381619 1.828818
v -11.822998 0.388192 1.812950
v -11.839843 0.223537 1.654020
v -11.782330 0.182072 1.695485
v -11.822998 0.194217 1.683341
v -11.839843 0.102916 1.473498
v -11.782330 0.048739 1.495939
v -11.822998 0.064607 1.489366
v -11.839843 0.060560 1.260557
v -11.782330 0.001919 1.260557
v -11.822998 0.019094 1.260557
v -11.839843 0.102916 1.047617
v -11.782330 0.048739 1.025176
v -11.822998 0.064607 1.031749
v -11.839843 0.223537 0.867094
v -11.782330 0.182072 0.825629
v -11.822998 0.194217 0.837774
v -11.839843 0.404060 0.746473
v -11.782330 0.381619 0.692296
v -11.822998 0.388192 0.708164
v -11.839843 0.617000 0.704117
v -11.782330 0.617000 0.645476
v -11.822998 0.617000 0.662651
v -11.839843 0.829941 0.746473
v -11.782330 0.852382 0.692296
v -11.822998 0.845809 0.708164
v -11.839843 1.010463 0.867094
v -11.782330 1.051928 0.825629
v -11.822998 1.039783 0.837774
v -11.839843 1.131084 1.047617
v -11.782330 1.185261 1.025176
v -11.822998 1.169393 1.031749
v -8.587222 1.232082 1.260557
v -8.160156 1.002290 1.260557
v -8.587222 1.185261 1.495939
v -8.160156 0.972962 1.408002
v -8.587222 1.051929 1.695486
v -8.160156 0.889441 1.532999
v -8.587222 0.852382 1.828818
v -8.160156 0.764444 1.616519
v -8.587222 0.617000 1.875639
v -8.160156 0.617000 1.645847
v -8.587222 0.381619 1.828819
v -8.160156 0.469556 1.616519
v -8.587223 0.182072 1.695486
v -8.160156 0.344559 1.532999
v -8.587223 0.048739 1.495939
v -8.160156 0.261039 1.408002
v -8.587223 0.001919 1.260557
v -8.160156 0.231710 1.260557
v -8.587223 0.048739 1.025176
v -8.160156 0.261039 1.113113
v -8.587223 0.182072 0.825629
v -8.160156 0.344559 0.988116
v -8.587222 0.381619 0.692297
v -8.160156 0.469556 0.904596
v -8.587222 0.617000 0.645476
v -8.160156 0.617000 0.875268
v -8.587222 0.852382 0.692297
v -8.160156 0.764444 0.904596
v -8.587222 1.051928 0.825629
v -8.160156 0.889441 0.988116
v -8.587222 1.185261 1.025176
v -8.160156 0.972962 1.113113
v -8.382763 0.783189 1.329395
v -8.382763 0.796881 1.260557
v -8.382763 0.744195 1.387753
v -8.382763 0.685838 1.426746
v -8.382763 0.617000 1.440439
v -8.382763 0.548163 1.426746
v -8.382763 0.489805 1.387753
v -8.382763 0.450812 1.329395
v -8.382763 0.437119 1.260557
v -8.382763 0.450812 1.191720
v -8.382763 0.489805 1.133362
v -8.382763 0.548163 1.094369
v -8.382763 0.617000 1.080676
v -8.382763 0.685838 1.094369
v -8.382763 0.744195 1.133362
v -8.382763 0.783189 1.191720
v -8.160156 1.131084 1.473498
v -8.217670 1.185261 1.495939
v -8.177002 1.169393 1.489366
v -8.217670 1.232082 1.260557
v -8.160156 1.173441 1.260557
v -8.177002 1.214906 1.260557
v -8.160156 1.010463 1.654020
v -8.217670 1.051928 1.695486
v -8.177002 1.039784 1.683341
v -8.160156 0.829941 1.774642
v -8.217670 0.852382 1.828818
v -8.177002 0.845809 1.812950
v -8.160156 0.617000 1.816998
v -8.217670 0.617000 1.875639
v -8.177002 0.617000 1.858463
v -8.160156 0.404060 1.774642
v -8.217670 0.381619 1.828819
v -8.177002 0.388192 1.812950
v -8.160156 0.223537 1.654020
v -8.217670 0.182072 1.695486
v -8.177002 0.194217 1.683341
v -8.160156 0.102916 1.473498
v -8.217670 0.048739 1.495939
v -8.177002 0.064607 1.489366
v -8.160156 0.060560 1.260557
v -8.217670 0.001919 1.260557
v -8.177002 0.019094 1.260557
v -8.160156 0.102916 1.047617
v -8.217670 0.048739 1.025176
v -8.177002 0.064607 1.031749
v -8.160156 0.223537 0.867095
v -8.217670 0.182072 0.825629
v -8.177002 0.194217 0.837774
v -8.160156 0.404060 0.746473
v -8.217670 0.381619 0.692297
v -8.177002 0.388192 0.708165
v -8.160156 0.617000 0.704117
v -8.217670 0.617000 0.645476
v -8.177002 0.617000 0.662652
v -8.160156 0.829941 0.746473
v -8.217670 0.852382 0.692297
v -8.177002 0.845809 0.708165
v -8.160156 1.010463 0.867095
v -8.217670 1.051928 0.825629
v -8.177002 1.039783 0.837774
v -8.160156 1.131084 1.047617
v -8.217670 1.185261 1.025176
v -8.177002 1.169393 1.031749
v -11.412777 1.232082 1.260557
v -11.412777 1.185261 1.495939
v -11.412777 1.051929 1.695485
v -11.412777 0.852382 1.828818
v -11.412777 0.617000 1.875638
v -11.412777 0.381619 1.828818
v -11.412777 0.182072 1.695485
v -11.412777 0.048739 1.495939
v -11.412777 0.001919 1.260557
v -11.412777 0.048739 1.025176
v -11.412777 0.182072 0.825629
v -11.412777 0.381619 0.692296
v -11.412777 0.617000 0.645476
v -11.412777 0.852382 0.692296
v -11.412777 1.051929 0.825629
v -11.412777 1.185261 1.025176
v -11.839843 0.972962 1.408001
v -11.839843 1.002290 1.260557
v -11.839843 0.889441 1.532998
v -11.839843 0.764444 1.616519
v -11.839843 0.617000 1.645847
v -11.839843 0.469556 1.616519
v -11.839843 0.344559 1.532998
v -11.839843 0.261039 1.408001
v -11.839843 0.231710 1.260557
v -11.839843 0.261039 1.113113
v -11.839843 0.344559 0.988116
v -11.839843 0.469556 0.904596
v -11.839843 0.617000 0.875267
v -11.839843 0.764444 0.904596
v -11.839843 0.889441 0.988116
v -11.839843 0.972962 1.113113
v -11.617237 0.783189 1.329395
v -11.617237 0.796881 1.260557
v -11.617237 0.744195 1.387753
v -11.617237 0.685838 1.426746
v -11.617237 0.617000 1.440439
v -11.617237 0.548163 1.426746
v -11.617237 0.489805 1.387753
v -11.617237 0.450812 1.329395
v -11.617237 0.437119 1.260557
v -11.617237 0.450812 1.191720
v -11.617237 0.489805 1.133362
v -11.617237 0.548163 1.094369
v -11.617237 0.617000 1.080676
v -11.617237 0.685838 1.094369
v -11.617237 0.744195 1.133362
v -11.617237 0.783189 1.191720
v -11.822998 1.214906 1.260557
v -11.822998 1.169393 1.489366
v -11.822998 1.039784 1.683341
v -11.822998 0.845809 1.812950
v -11.822998 0.617000 1.858463
v -11.822998 0.388192 1.812950
v -11.822998 0.194217 1.683341
v -11.822998 0.064607 1.489366
v -11.822998 0.019094 1.260557
v -11.822998 0.064607 1.031749
v -11.822998 0.194217 0.837774
v -11.822998 0.388192 0.708164
v -11.822998 0.617000 0.662651
v -11.822998 0.845809 0.708164
v -11.822998 1.039783 0.837774
v -11.822998 1.169393 1.031749
v -8.587222 1.232082 1.260557
v -8.587222 1.185261 1.495939
v -8.587222 1.051929 1.695486
v -8.587222 0.852382 1.828818
v -8.587222 0.617000 1.875639
v -8.587222 0.381619 1.828819
v -8.587223 0.182072 1.695486
v -8.587223 0.048739 1.495939
v -8.587223 0.001919 1.260557
v -8.587223 0.048739 1.025176
v -8.587223 0.182072 0.825629
v -8.587222 0.381619 0.692297
v -8.587222 0.617000 0.645476
v -8.587222 0.852382 0.692297
v -8.587222 1.051928 0.825629
v -8.587222 1.185261 1.025176
v -8.160156 0.972962 1.408002
v -8.160156 1.002290 1.260557
v -8.160156 0.889441 1.532999
v -8.160156 0.764444 1.616519
v -8.160156 0.617000 1.645847
v -8.160156 0.469556 1.616519
v -8.160156 0.344559 1.532999
v -8.160156 0.261039 1.408002
v -8.160156 0.231710 1.260557
v -8.160156 0.261039 1.113113
v -8.160156 0.344559 0.988116
v -8.160156 0.469556 0.904596
v -8.160156 0.617000 0.875268
v -8.160156 0.764444 0.904596
v -8.160156 0.889441 0.988116
v -8.160156 0.972962 1.113113
v -8.382763 0.783189 1.329395
v -8.382763 0.796881 1.260557
v -8.382763 0.744195 1.387753
v -8.382763 0.685838 1.426746
v -8.382763 0.617000 1.440439
v -8.382763 0.548163 1.426746
v -8.382763 0.489805 1.387753
v -8.382763 0.450812 1.329395
v -8.382763 0.437119 1.260557
v -8.382763 0.450812 1.191720
v -8.382763 0.489805 1.133362
v -8.382763 0.548163 1.094369
v -8.382763 0.617000 1.080676
v -8.382763 0.685838 1.094369
v -8.382763 0.744195 1.133362
v -8.382763 0.783189 1.191720
v -8.177002 1.214906 1.260557
v -8.177002 1.169393 1.489366
v -8.177002 1.039784 1.683341
v -8.177002 0.845809 1.812950
v -8.177002 0.617000 1.858463
v -8.177002 0.388192 1.812950
v -8.177002 0.194217 1.683341
v -8.177002 0.064607 1.489366
v -8.177002 0.019094 1.260557
v -8.177002 0.064607 1.031749
v -8.177002 0.194217 0.837774
v -8.177002 0.388192 0.708165
v -8.177002 0.617000 0.662652
v -8.177002 0.845809 0.708165
v -8.177002 1.039783 0.837774
v -8.177002 1.169393 1.031749
vt 0.895011 0.077078
vt 0.905261 0.062312
vt 0.912699 0.065258
vt 0.908881 0.082821
vt 0.909788 0.055316
vt 0.914204 0.057064
vt 0.913212 0.062362
vt 0.906843 0.059832
vt 0.918954 0.056989
vt 0.920065 0.062263
vt 0.923313 0.055103
vt 0.926357 0.059549
vt 0.926616 0.051693
vt 0.931130 0.054635
vt 0.928361 0.047280
vt 0.933657 0.048269
vt 0.928284 0.042532
vt 0.933556 0.041420
vt 0.926395 0.038175
vt 0.930842 0.035129
vt 0.922983 0.034870
vt 0.925927 0.030356
vt 0.918569 0.033123
vt 0.919562 0.027825
vt 0.913819 0.033195
vt 0.912710 0.027922
vt 0.909460 0.035079
vt 0.906417 0.030633
vt 0.906155 0.038489
vt 0.901642 0.035546
vt 0.904408 0.042904
vt 0.899111 0.041913
vt 0.926395 0.038175
vt 0.928284 0.042532
vt 0.920532 0.044335
vt 0.919920 0.042812
vt 0.904485 0.047654
vt 0.899211 0.048765
vt 0.906374 0.052011
vt 0.901927 0.055058
vt 0.926614 0.306659
vt 0.922962 0.315474
vt 0.916216 0.322220
vt 0.907402 0.325871
vt 0.897861 0.325871
vt 0.889046 0.322220
vt 0.882300 0.315474
vt 0.878649 0.306659
vt 0.878649 0.297118
vt 0.882300 0.288304
vt 0.889046 0.281557
vt 0.897861 0.277906
vt 0.907402 0.277906
vt 0.916216 0.281557
vt 0.922962 0.288304
vt 0.926614 0.297118
vt 0.884394 0.066462
vt 0.899516 0.056743
vt 0.878649 0.052591
vt 0.896339 0.049400
vt 0.923891 0.082820
vt 0.920699 0.065134
vt 0.928041 0.061959
vt 0.937757 0.077075
vt 0.933608 0.056216
vt 0.948367 0.066462
vt 0.936552 0.048781
vt 0.954109 0.052599
vt 0.936427 0.040785
vt 0.954109 0.037594
vt 0.933251 0.033445
vt 0.948368 0.023731
vt 0.927510 0.027878
vt 0.937761 0.013119
vt 0.920076 0.024930
vt 0.923901 0.007370
vt 0.912078 0.025050
vt 0.908893 0.007361
vt 0.904734 0.028222
vt 0.895021 0.013097
vt 0.899163 0.033963
vt 0.884400 0.023707
vt 0.896216 0.041400
vt 0.878650 0.037577
vt 0.914006 0.048553
vt 0.912859 0.047371
vt 0.912239 0.045848
vt 0.912261 0.044207
vt 0.912905 0.042697
vt 0.914079 0.041557
vt 0.915604 0.040960
vt 0.917244 0.041003
vt 0.918767 0.041638
vt 0.919920 0.042812
vt 0.920532 0.044335
vt 0.920502 0.045977
vt 0.919867 0.047489
vt 0.918694 0.048633
vt 0.917168 0.049231
vt 0.915524 0.049195
vt 0.909788 0.055316
vt 0.906374 0.052011
vt 0.912859 0.047371
vt 0.914006 0.048553
vt 0.904485 0.047654
vt 0.912239 0.045848
vt 0.922983 0.034870
vt 0.918767 0.041638
vt 0.914204 0.057064
vt 0.915524 0.049195
vt 0.918569 0.033123
vt 0.917244 0.041003
vt 0.918954 0.056989
vt 0.917168 0.049231
vt 0.913819 0.033195
vt 0.915604 0.040960
vt 0.923313 0.055103
vt 0.918694 0.048633
vt 0.909460 0.035079
vt 0.914079 0.041557
vt 0.926616 0.051693
vt 0.919867 0.047489
vt 0.906155 0.038489
vt 0.912905 0.042697
vt 0.928361 0.047280
vt 0.920502 0.045977
vt 0.904408 0.042904
vt 0.912261 0.044207
vt 0.900739 0.055880
vt 0.906061 0.061046
vt 0.906061 0.061046
vt 0.900739 0.055880
vt 0.912954 0.063783
vt 0.912954 0.063783
vt 0.920370 0.063674
vt 0.920370 0.063674
vt 0.927179 0.060736
vt 0.927179 0.060736
vt 0.932343 0.055416
vt 0.932343 0.055416
vt 0.935077 0.048527
vt 0.935077 0.048527
vt 0.934967 0.041114
vt 0.934967 0.041114
vt 0.932028 0.034308
vt 0.932028 0.034308
vt 0.926710 0.029142
vt 0.926710 0.029142
vt 0.919820 0.026405
vt 0.919820 0.026405
vt 0.912406 0.026510
vt 0.912406 0.026510
vt 0.905596 0.029445
vt 0.905596 0.029445
vt 0.900428 0.034764
vt 0.900428 0.034764
vt 0.897691 0.041655
vt 0.897691 0.041655
vt 0.897800 0.049071
vt 0.897800 0.049071
vt 0.895011 0.077078
vt 0.908881 0.082821
vt 0.912699 0.065258
vt 0.905261 0.062312
vt 0.909788 0.055316
vt 0.906843 0.059832
vt 0.913212 0.062362
vt 0.914204 0.057064
vt 0.920065 0.062263
vt 0.918954 0.056989
vt 0.926357 0.059549
vt 0.923313 0.055103
vt 0.931130 0.054635
vt 0.926616 0.051693
vt 0.933657 0.048269
vt 0.928361 0.047280
vt 0.933556 0.041420
vt 0.928284 0.042532
vt 0.930842 0.035129
vt 0.926395 0.038175
vt 0.925927 0.030356
vt 0.922983 0.034870
vt 0.919562 0.027825
vt 0.918569 0.033123
vt 0.912710 0.027922
vt 0.913819 0.033195
vt 0.906417 0.030633
vt 0.909460 0.035079
vt 0.901642 0.035546
vt 0.906155 0.038489
vt 0.899111 0.041913
vt 0.904408 0.042904
vt 0.926395 0.038175
vt 0.919920 0.042812
vt 0.920532 0.044335
vt 0.928284 0.042532
vt 0.899211 0.048765
vt 0.904485 0.047654
vt 0.901927 0.055058
vt 0.906374 0.052011
vt 0.926614 0.306659
vt 0.926614 0.297118
vt 0.922962 0.288304
vt 0.916216 0.281557
vt 0.907402 0.277906
vt 0.897861 0.277906
vt 0.889046 0.281557
vt 0.882300 0.288304
vt 0.878649 0.297118
vt 0.878649 0.306659
vt 0.882300 0.315474
vt 0.889046 0.322220
vt 0.897861 0.325871
vt 0.907402 0.325871
vt 0.916216 0.322220
vt 0.922962 0.315474
vt 0.884394 0.066462
vt 0.899516 0.056743
vt 0.878649 0.052591
vt 0.896339 0.049400
vt 0.923891 0.082820
vt 0.937757 0.077075
vt 0.928041 0.061959
vt 0.920699 0.065134
vt 0.948367 0.066462
vt 0.933608 0.056216
vt 0.954109 0.052599
vt 0.936552 0.048781
vt 0.954109 0.037594
vt 0.936427 0.040785
vt 0.948368 0.023731
vt 0.933251 0.033445
vt 0.937761 0.013119
vt 0.927510 0.027878
vt 0.923901 0.007370
vt 0.920076 0.024930
vt 0.908893 0.007361
vt 0.912078 0.025050
vt 0.895021 0.013097
vt 0.904734 0.028222
vt 0.884400 0.023707
vt 0.899163 0.033963
vt 0.878650 0.037577
vt 0.896216 0.041400
vt 0.914006 0.048553
vt 0.915524 0.049195
vt 0.917168 0.049231
vt 0.918694 0.048633
vt 0.919867 0.047489
vt 0.920502 0.045977
vt 0.920532 0.044335
vt 0.919920 0.042812
vt 0.918767 0.041638
vt 0.917244 0.041003
vt 0.915604 0.040960
vt 0.914079 0.041557
vt 0.912905 0.042697
vt 0.912261 0.044207
vt 0.912239 0.045848
vt 0.912859 0.047371
vt 0.909788 0.055316
vt 0.914006 0.048553
vt 0.912859 0.047371
vt 0.906374 0.052011
vt 0.912239 0.045848
vt 0.904485 0.047654
vt 0.922983 0.034870
vt 0.918767 0.041638
vt 0.914204 0.057064
vt 0.915524 0.049195
vt 0.918569 0.033123
vt 0.917244 0.041003
vt 0.918954 0.056989
vt 0.917168 0.049231
vt 0.913819 0.033195
vt 0.915604 0.040960
vt 0.923313 0.055103
vt 0.918694 0.048633
vt 0.909460 0.035079
vt 0.914079 0.041557
vt 0.926616 0.051693
vt 0.919867 0.047489
vt 0.906155 0.038489
vt 0.912905 0.042697
vt 0.928361 0.047280
vt 0.920502 0.045977
vt 0.904408 0.042904
vt 0.912261 0.044207
vt 0.906061 0.061046
vt 0.900739 0.055880
vt 0.906061 0.061046
vt 0.900739 0.055880
vt 0.912954 0.063783
vt 0.912954 0.063783
vt 0.920370 0.063674
vt 0.920370 0.063674
vt 0.927179 0.060736
vt 0.927179 0.060736
vt 0.932343 0.055416
vt 0.932343 0.055416
vt 0.935077 0.048527
vt 0.935077 0.048527
vt 0.934967 0.041114
vt 0.934967 0.041114
vt 0.932028 0.034308
vt 0.932028 0.034308
vt 0.926710 0.029142
vt 0.926710 0.029142
vt 0.919820 0.026405
vt 0.919820 0.026405
vt 0.912406 0.026510
vt 0.912406 0.026510
vt 0.905596 0.029445
vt 0.905596 0.029445
vt 0.900428 0.034764
vt 0.900428 0.034764
vt 0.897691 0.041655
vt 0.897691 0.041655
vt 0.897800 0.049071
vt 0.897800 0.049071
vn 0.0000 0.9239 0.3827
vn -0.1938 0.9063 0.3754
vn -0.1938 0.6937 0.6937
vn 0.0000 0.7071 0.7071
vn -1.0000 0.0000 0.0000
vn -0.9767 0.1517 0.1517
vn -0.9767 0.1982 0.0821
vn -0.9767 0.0821 0.1982
vn -0.9767 0.0000 0.2146
vn -0.9767 -0.0821 0.1982
vn -0.9767 -0.1517 0.1517
vn -0.9767 -0.1982 0.0821
vn -0.9767 -0.2146 0.0000
vn -0.9767 -0.1982 -0.0821
vn -0.9767 -0.1517 -0.1517
vn -0.9767 -0.0821 -0.1982
vn -0.9767 0.0000 -0.2146
vn -0.9767 0.0821 -0.1982
vn -0.9767 0.1517 -0.1517
vn -0.6781 0.7349 0.0000
vn -0.6781 0.6790 -0.2812
vn -0.9767 0.1982 -0.0821
vn -0.9767 0.2146 0.0000
vn 1.0000 0.0000 0.0000
vn 0.0000 1.0000 0.0000
vn -0.1938 0.9810 0.0000
vn 0.0000 0.9239 -0.3827
vn -0.1938 0.9063 -0.3754
vn 0.0000 0.3827 0.9239
vn -0.1938 0.3754 0.9063
vn -0.1938 0.0000 0.9810
vn 0.0000 0.0000 1.0000
vn -0.1938 -0.3754 0.9063
vn 0.0000 -0.3827 0.9239
vn -0.1938 -0.6937 0.6937
vn 0.0000 -0.7071 0.7071
vn -0.1938 -0.9063 0.3754
vn 0.0000 -0.9239 0.3827
vn -0.1938 -0.9810 0.0000
vn 0.0000 -1.0000 0.0000
vn -0.1938 -0.9063 -0.3754
vn 0.0000 -0.9239 -0.3827
vn -0.1938 -0.6937 -0.6937
vn 0.0000 -0.7071 -0.7071
vn -0.1938 -0.3754 -0.9063
vn 0.0000 -0.3827 -0.9239
vn -0.1938 0.0000 -0.9810
vn 0.0000 0.0000 -1.0000
vn -0.1938 0.3754 -0.9063
vn 0.0000 0.3827 -0.9239
vn -0.1938 0.6937 -0.6937
vn 0.0000 0.7071 -0.7071
vn -0.6781 -0.6790 -0.2812
vn -0.6781 -0.7349 0.0000
vn -0.6781 -0.6790 0.2812
vn -0.6781 0.6790 0.2812
vn -0.6781 -0.5196 -0.5197
vn -0.6781 0.5196 0.5197
vn -0.6781 -0.2812 -0.6790
vn -0.6781 0.2812 0.6790
vn -0.6781 0.0000 -0.7349
vn -0.6781 0.0000 0.7349
vn -0.6781 0.2812 -0.6790
vn -0.6781 -0.2812 0.6790
vn -0.6781 0.5196 -0.5197
vn -0.6781 -0.5197 0.5197
vn -0.3890 0.9212 0.0000
vn -0.3890 0.8511 0.3525
vn -0.9265 0.3477 0.1440
vn -0.9265 0.3764 0.0000
vn -0.3890 0.6514 0.6514
vn -0.9265 0.2661 0.2661
vn -0.3890 0.3525 0.8511
vn -0.9265 0.1440 0.3477
vn -0.3890 0.0000 0.9212
vn -0.9265 0.0000 0.3764
vn -0.3890 -0.3525 0.8511
vn -0.9265 -0.1440 0.3477
vn -0.3890 -0.6514 0.6514
vn -0.9265 -0.2661 0.2661
vn -0.3890 -0.8511 0.3525
vn -0.9265 -0.3477 0.1440
vn -0.3890 -0.9212 0.0000
vn -0.9265 -0.3764 0.0000
vn -0.3890 -0.8511 -0.3525
vn -0.9265 -0.3477 -0.1440
vn -0.3890 -0.6514 -0.6514
vn -0.9265 -0.2661 -0.2661
vn -0.3890 -0.3525 -0.8511
vn -0.9265 -0.1440 -0.3477
vn -0.3890 0.0000 -0.9212
vn -0.9265 0.0000 -0.3764
vn -0.3890 0.3525 -0.8511
vn -0.9265 0.1440 -0.3477
vn -0.3890 0.6514 -0.6514
vn -0.9265 0.2661 -0.2661
vn -0.3890 0.8511 -0.3525
vn -0.9265 0.3477 -0.1440
vn 0.1938 0.6937 0.6937
vn 0.1938 0.9063 0.3754
vn 0.9767 0.1982 0.0821
vn 0.9767 0.1517 0.1517
vn 0.9767 0.0821 0.1982
vn 0.9767 0.0000 0.2146
vn 0.9767 -0.0821 0.1982
vn 0.9767 -0.1517 0.1517
vn 0.9767 -0.1983 0.0821
vn 0.9767 -0.2146 0.0000
vn 0.9767 -0.1982 -0.0821
vn 0.9767 -0.1517 -0.1517
vn 0.9767 -0.0821 -0.1982
vn 0.9767 0.0000 -0.2146
vn 0.9767 0.0821 -0.1982
vn 0.9767 0.1517 -0.1517
vn 0.6781 0.7349 0.0000
vn 0.6781 0.6790 -0.2812
vn 0.9767 0.1982 -0.0821
vn 0.9767 0.2146 0.0000
vn 0.1938 0.9810 0.0000
vn 0.1938 0.9063 -0.3754
vn 0.1938 0.0000 0.9810
vn 0.1938 0.3754 0.9063
vn 0.1938 -0.3754 0.9063
vn 0.1938 -0.6937 0.6937
vn 0.1938 -0.9063 0.3754
vn 0.1938 -0.9810 0.0000
vn 0.1938 -0.9063 -0.3754
vn 0.1938 -0.6937 -0.6937
vn 0.1938 -0.3754 -0.9063
vn 0.1938 0.0000 -0.9810
vn 0.1938 0.3754 -0.9063
vn 0.1938 0.6937 -0.6937
vn 0.6781 -0.6790 -0.2812
vn 0.6781 -0.7349 0.0000
vn 0.6781 -0.6790 0.2812
vn 0.6781 0.6790 0.2812
vn 0.6781 -0.5197 -0.5197
vn 0.6781 0.5197 0.5197
vn 0.6781 -0.2812 -0.6790
vn 0.6781 0.2812 0.6790
vn 0.6781 0.0000 -0.7349
vn 0.6781 0.0000 0.7349
vn 0.6781 0.2812 -0.6790
vn 0.6781 -0.2812 0.6790
vn 0.6781 0.5197 -0.5197
vn 0.6781 -0.5197 0.5197
vn 0.3890 0.8511 0.3525
vn 0.3890 0.9212 0.0000
vn 0.9265 0.3477 0.1440
vn 0.9265 0.3764 0.0000
vn 0.3890 0.6514 0.6514
vn 0.9265 0.2661 0.2661
vn 0.3890 0.3525 0.8511
vn 0.9265 0.1440 0.3477
vn 0.3890 0.0000 0.9212
vn 0.9265 0.0000 0.3764
vn 0.3890 -0.3525 0.8511
vn 0.9265 -0.1440 0.3477
vn 0.3890 -0.6514 0.6514
vn 0.9265 -0.2661 0.2661
vn 0.3890 -0.8511 0.3525
vn 0.9265 -0.3477 0.1440
vn 0.3890 -0.9212 0.0000
vn 0.9265 -0.3764 0.0000
vn 0.3890 -0.8511 -0.3525
vn 0.9265 -0.3477 -0.1440
vn 0.3890 -0.6514 -0.6514
vn 0.9265 -0.2661 -0.2661
vn 0.3890 -0.3525 -0.8511
vn 0.9265 -0.1440 -0.3477
vn 0.3890 0.0000 -0.9212
vn 0.9265 0.0000 -0.3764
vn 0.3890 0.3525 -0.8511
vn 0.9265 0.1440 -0.3477
vn 0.3890 0.6514 -0.6514
vn 0.9265 0.2661 -0.2661
vn 0.3890 0.8511 -0.3525
vn 0.9265 0.3477 -0.1440
usemtl WoodToy1
s 1
f 1683/1864/1205 1730/1865/1206 1736/1866/1207 1875/1867/1208
f 1684/1868/1209 1891/1869/1209 1735/1870/1210 1729/1871/1211
f 1891/1869/1209 1892/1872/1209 1738/1873/1212 1735/1870/1210
f 1892/1872/1209 1893/1874/1209 1741/1875/1213 1738/1873/1212
f 1893/1874/1209 1894/1876/1209 1744/1877/1214 1741/1875/1213
f 1894/1876/1209 1895/1878/1209 1747/1879/1215 1744/1877/1214
f 1895/1878/1209 1896/1880/1209 1750/1881/1216 1747/1879/1215
f 1896/1880/1209 1897/1882/1209 1753/1883/1217 1750/1881/1216
f 1897/1882/1209 1898/1884/1209 1756/1885/1218 1753/1883/1217
f 1898/1884/1209 1899/1886/1209 1759/1887/1219 1756/1885/1218
f 1899/1886/1209 1900/1888/1209 1762/1889/1220 1759/1887/1219
f 1900/1888/1209 1901/1890/1209 1765/1891/1221 1762/1889/1220
f 1901/1890/1209 1902/1892/1209 1768/1893/1222 1765/1891/1221
f 1902/1892/1209 1903/1894/1209 1771/1895/1223 1768/1893/1222
f 1698/1896/1224 1696/1897/1225 1720/1898/1225 1913/1899/1224
f 1903/1894/1209 1904/1900/1209 1774/1901/1226 1771/1895/1223
f 1904/1900/1209 1682/1902/1209 1733/1903/1227 1774/1901/1226
f 1873/1904/1228 1874/1905/1228 1685/1906/1228 1876/1907/1228 1877/1908/1228 1878/1909/1228 1879/1910/1228 1880/1911/1228 1881/1912/1228 1882/1913/1228 1883/1914/1228 1884/1915/1228 1885/1916/1228 1886/1917/1228 1887/1918/1228 1888/1919/1228
f 1681/1920/1229 1732/1921/1230 1730/1865/1206 1683/1864/1205
f 1711/1922/1231 1775/1923/1232 1732/1921/1230 1681/1920/1229
f 1687/1924/1233 1739/1925/1234 1742/1926/1235 1689/1927/1236
f 1689/1927/1236 1742/1926/1235 1745/1928/1237 1691/1929/1238
f 1691/1929/1238 1745/1928/1237 1748/1930/1239 1693/1931/1240
f 1693/1931/1240 1748/1930/1239 1751/1932/1241 1695/1933/1242
f 1695/1933/1242 1751/1932/1241 1754/1934/1243 1697/1935/1244
f 1697/1935/1244 1754/1934/1243 1757/1936/1245 1699/1937/1246
f 1699/1937/1246 1757/1936/1245 1760/1938/1247 1701/1939/1248
f 1701/1939/1248 1760/1938/1247 1763/1940/1249 1703/1941/1250
f 1703/1941/1250 1763/1940/1249 1766/1942/1251 1705/1943/1252
f 1705/1943/1252 1766/1942/1251 1769/1944/1253 1707/1945/1254
f 1707/1945/1254 1769/1944/1253 1772/1946/1255 1709/1947/1256
f 1709/1947/1256 1772/1946/1255 1775/1923/1232 1711/1922/1231
f 1875/1867/1208 1736/1866/1207 1739/1925/1234 1687/1924/1233
f 1905/1948/1209 1906/1949/1209 1920/1950/1209 1919/1951/1209 1918/1952/1209 1917/1953/1209 1916/1954/1209 1915/1955/1209 1914/1956/1209 1721/1957/1209 1912/1958/1209 1911/1959/1209 1910/1960/1209 1909/1961/1209 1908/1962/1209 1907/1963/1209
f 1889/1964/1257 1890/1965/1258 1714/1966/1258 1713/1967/1257
f 1890/1965/1258 1712/1968/1259 1728/1969/1259 1714/1966/1258
f 1700/1970/1260 1698/1896/1224 1913/1899/1224 1722/1971/1260
f 1686/1972/1261 1889/1964/1257 1713/1967/1257 1715/1973/1261
f 1702/1974/1262 1700/1970/1260 1722/1971/1260 1723/1975/1262
f 1688/1976/1263 1686/1972/1261 1715/1973/1261 1716/1977/1263
f 1704/1978/1264 1702/1974/1262 1723/1975/1262 1724/1979/1264
f 1690/1980/1265 1688/1976/1263 1716/1977/1263 1717/1981/1265
f 1706/1982/1266 1704/1978/1264 1724/1979/1264 1725/1983/1266
f 1692/1984/1267 1690/1980/1265 1717/1981/1265 1718/1985/1267
f 1708/1986/1268 1706/1982/1266 1725/1983/1266 1726/1987/1268
f 1694/1988/1269 1692/1984/1267 1718/1985/1267 1719/1989/1269
f 1710/1990/1270 1708/1986/1268 1726/1987/1268 1727/1991/1270
f 1696/1897/1225 1694/1988/1269 1719/1989/1269 1720/1898/1225
f 1712/1968/1259 1710/1990/1270 1727/1991/1270 1728/1969/1259
f 1730/1865/1206 1732/1921/1230 1921/1992/1271 1922/1993/1272
f 1731/1994/1273 1734/1995/1274 1733/1903/1227 1729/1871/1211
f 1736/1866/1207 1730/1865/1206 1922/1993/1272 1923/1996/1275
f 1737/1997/1276 1731/1994/1273 1729/1871/1211 1735/1870/1210
f 1739/1925/1234 1736/1866/1207 1923/1996/1275 1924/1998/1277
f 1740/1999/1278 1737/1997/1276 1735/1870/1210 1738/1873/1212
f 1742/1926/1235 1739/1925/1234 1924/1998/1277 1925/2000/1279
f 1743/2001/1280 1740/1999/1278 1738/1873/1212 1741/1875/1213
f 1745/1928/1237 1742/1926/1235 1925/2000/1279 1926/2002/1281
f 1746/2003/1282 1743/2001/1280 1741/1875/1213 1744/1877/1214
f 1748/1930/1239 1745/1928/1237 1926/2002/1281 1927/2004/1283
f 1749/2005/1284 1746/2003/1282 1744/1877/1214 1747/1879/1215
f 1751/1932/1241 1748/1930/1239 1927/2004/1283 1928/2006/1285
f 1752/2007/1286 1749/2005/1284 1747/1879/1215 1750/1881/1216
f 1754/1934/1243 1751/1932/1241 1928/2006/1285 1929/2008/1287
f 1755/2009/1288 1752/2007/1286 1750/1881/1216 1753/1883/1217
f 1757/1936/1245 1754/1934/1243 1929/2008/1287 1930/2010/1289
f 1758/2011/1290 1755/2009/1288 1753/1883/1217 1756/1885/1218
f 1760/1938/1247 1757/1936/1245 1930/2010/1289 1931/2012/1291
f 1761/2013/1292 1758/2011/1290 1756/1885/1218 1759/1887/1219
f 1763/1940/1249 1760/1938/1247 1931/2012/1291 1932/2014/1293
f 1764/2015/1294 1761/2013/1292 1759/1887/1219 1762/1889/1220
f 1766/1942/1251 1763/1940/1249 1932/2014/1293 1933/2016/1295
f 1767/2017/1296 1764/2015/1294 1762/1889/1220 1765/1891/1221
f 1769/1944/1253 1766/1942/1251 1933/2016/1295 1934/2018/1297
f 1770/2019/1298 1767/2017/1296 1765/1891/1221 1768/1893/1222
f 1772/1946/1255 1769/1944/1253 1934/2018/1297 1935/2020/1299
f 1773/2021/1300 1770/2019/1298 1768/1893/1222 1771/1895/1223
f 1775/1923/1232 1772/1946/1255 1935/2020/1299 1936/2022/1301
f 1776/2023/1302 1773/2021/1300 1771/1895/1223 1774/1901/1226
f 1732/1921/1230 1775/1923/1232 1936/2022/1301 1921/1992/1271
f 1734/1995/1274 1776/2023/1302 1774/1901/1226 1733/1903/1227
f 1682/1902/1209 1684/1868/1209 1729/1871/1211 1733/1903/1227
f 1779/2024/1205 1939/2025/1208 1832/2026/1303 1826/2027/1304
f 1780/2028/1228 1825/2029/1305 1831/2030/1306 1955/2031/1228
f 1955/2031/1228 1831/2030/1306 1834/2032/1307 1956/2033/1228
f 1956/2033/1228 1834/2032/1307 1837/2034/1308 1957/2035/1228
f 1957/2035/1228 1837/2034/1308 1840/2036/1309 1958/2037/1228
f 1958/2037/1228 1840/2036/1309 1843/2038/1310 1959/2039/1228
f 1959/2039/1228 1843/2038/1310 1846/2040/1311 1960/2041/1228
f 1960/2041/1228 1846/2040/1311 1849/2042/1312 1961/2043/1228
f 1961/2043/1228 1849/2042/1312 1852/2044/1313 1962/2045/1228
f 1962/2045/1228 1852/2044/1313 1855/2046/1314 1963/2047/1228
f 1963/2047/1228 1855/2046/1314 1858/2048/1315 1964/2049/1228
f 1964/2049/1228 1858/2048/1315 1861/2050/1316 1965/2051/1228
f 1965/2051/1228 1861/2050/1316 1864/2052/1317 1966/2053/1228
f 1966/2053/1228 1864/2052/1317 1867/2054/1318 1967/2055/1228
f 1794/2056/1319 1977/2057/1319 1816/2058/1320 1792/2059/1320
f 1967/2055/1228 1867/2054/1318 1870/2060/1321 1968/2061/1228
f 1968/2061/1228 1870/2060/1321 1829/2062/1322 1778/2063/1228
f 1937/2064/1209 1952/2065/1209 1951/2066/1209 1950/2067/1209 1949/2068/1209 1948/2069/1209 1947/2070/1209 1946/2071/1209 1945/2072/1209 1944/2073/1209 1943/2074/1209 1942/2075/1209 1941/2076/1209 1940/2077/1209 1781/2078/1209 1938/2079/1209
f 1777/2080/1229 1779/2024/1205 1826/2027/1304 1828/2081/1323
f 1807/2082/1231 1777/2080/1229 1828/2081/1323 1871/2083/1324
f 1783/2084/1233 1785/2085/1236 1838/2086/1325 1835/2087/1326
f 1785/2085/1236 1787/2088/1238 1841/2089/1327 1838/2086/1325
f 1787/2088/1238 1789/2090/1240 1844/2091/1328 1841/2089/1327
f 1789/2090/1240 1791/2092/1242 1847/2093/1329 1844/2091/1328
f 1791/2092/1242 1793/2094/1244 1850/2095/1330 1847/2093/1329
f 1793/2094/1244 1795/2096/1246 1853/2097/1331 1850/2095/1330
f 1795/2096/1246 1797/2098/1248 1856/2099/1332 1853/2097/1331
f 1797/2098/1248 1799/2100/1250 1859/2101/1333 1856/2099/1332
f 1799/2100/1250 1801/2102/1252 1862/2103/1334 1859/2101/1333
f 1801/2102/1252 1803/2104/1254 1865/2105/1335 1862/2103/1334
f 1803/2104/1254 1805/2106/1256 1868/2107/1336 1865/2105/1335
f 1805/2106/1256 1807/2082/1231 1871/2083/1324 1868/2107/1336
f 1939/2025/1208 1783/2084/1233 1835/2087/1326 1832/2026/1303
f 1969/2108/1228 1971/2109/1228 1972/2110/1228 1973/2111/1228 1974/2112/1228 1975/2113/1228 1976/2114/1228 1817/2115/1228 1978/2116/1228 1979/2117/1228 1980/2118/1228 1981/2119/1228 1982/2120/1228 1983/2121/1228 1984/2122/1228 1970/2123/1228
f 1953/2124/1337 1809/2125/1337 1810/2126/1338 1954/2127/1338
f 1954/2127/1338 1810/2126/1338 1824/2128/1339 1808/2129/1339
f 1796/2130/1340 1818/2131/1340 1977/2057/1319 1794/2056/1319
f 1782/2132/1341 1811/2133/1341 1809/2125/1337 1953/2124/1337
f 1798/2134/1342 1819/2135/1342 1818/2131/1340 1796/2130/1340
f 1784/2136/1343 1812/2137/1343 1811/2133/1341 1782/2132/1341
f 1800/2138/1344 1820/2139/1344 1819/2135/1342 1798/2134/1342
f 1786/2140/1345 1813/2141/1345 1812/2137/1343 1784/2136/1343
f 1802/2142/1346 1821/2143/1346 1820/2139/1344 1800/2138/1344
f 1788/2144/1347 1814/2145/1347 1813/2141/1345 1786/2140/1345
f 1804/2146/1348 1822/2147/1348 1821/2143/1346 1802/2142/1346
f 1790/2148/1349 1815/2149/1349 1814/2145/1347 1788/2144/1347
f 1806/2150/1350 1823/2151/1350 1822/2147/1348 1804/2146/1348
f 1792/2059/1320 1816/2058/1320 1815/2149/1349 1790/2148/1349
f 1808/2129/1339 1824/2128/1339 1823/2151/1350 1806/2150/1350
f 1826/2027/1304 1986/2152/1351 1985/2153/1352 1828/2081/1323
f 1827/2154/1353 1825/2029/1305 1829/2062/1322 1830/2155/1354
f 1832/2026/1303 1987/2156/1355 1986/2152/1351 1826/2027/1304
f 1833/2157/1356 1831/2030/1306 1825/2029/1305 1827/2154/1353
f 1835/2087/1326 1988/2158/1357 1987/2156/1355 1832/2026/1303
f 1836/2159/1358 1834/2032/1307 1831/2030/1306 1833/2157/1356
f 1838/2086/1325 1989/2160/1359 1988/2158/1357 1835/2087/1326
f 1839/2161/1360 1837/2034/1308 1834/2032/1307 1836/2159/1358
f 1841/2089/1327 1990/2162/1361 1989/2160/1359 1838/2086/1325
f 1842/2163/1362 1840/2036/1309 1837/2034/1308 1839/2161/1360
f 1844/2091/1328 1991/2164/1363 1990/2162/1361 1841/2089/1327
f 1845/2165/1364 1843/2038/1310 1840/2036/1309 1842/2163/1362
f 1847/2093/1329 1992/2166/1365 1991/2164/1363 1844/2091/1328
f 1848/2167/1366 1846/2040/1311 1843/2038/1310 1845/2165/1364
f 1850/2095/1330 1993/2168/1367 1992/2166/1365 1847/2093/1329
f 1851/2169/1368 1849/2042/1312 1846/2040/1311 1848/2167/1366
f 1853/2097/1331 1994/2170/1369 1993/2168/1367 1850/2095/1330
f 1854/2171/1370 1852/2044/1313 1849/2042/1312 1851/2169/1368
f 1856/2099/1332 1995/2172/1371 1994/2170/1369 1853/2097/1331
f 1857/2173/1372 1855/2046/1314 1852/2044/1313 1854/2171/1370
f 1859/2101/1333 1996/2174/1373 1995/2172/1371 1856/2099/1332
f 1860/2175/1374 1858/2048/1315 1855/2046/1314 1857/2173/1372
f 1862/2103/1334 1997/2176/1375 1996/2174/1373 1859/2101/1333
f 1863/2177/1376 1861/2050/1316 1858/2048/1315 1860/2175/1374
f 1865/2105/1335 1998/2178/1377 1997/2176/1375 1862/2103/1334
f 1866/2179/1378 1864/2052/1317 1861/2050/1316 1863/2177/1376
f 1868/2107/1336 1999/2180/1379 1998/2178/1377 1865/2105/1335
f 1869/2181/1380 1867/2054/1318 1864/2052/1317 1866/2179/1378
f 1871/2083/1324 2000/2182/1381 1999/2180/1379 1868/2107/1336
f 1872/2183/1382 1870/2060/1321 1867/2054/1318 1869/2181/1380
f 1828/2081/1323 1985/2153/1352 2000/2182/1381 1871/2083/1324
f 1830/2155/1354 1829/2062/1322 1870/2060/1321 1872/2183/1382
f 1778/2063/1228 1829/2062/1322 1825/2029/1305 1780/2028/1228
o Cylinder.004
v -11.412777 1.232082 3.933231
v -11.839843 1.002290 3.933231
v -11.412777 1.185261 4.168612
v -11.839843 0.972962 4.080675
v -11.412777 1.051929 4.368159
v -11.839843 0.889441 4.205672
v -11.412777 0.852382 4.501492
v -11.839843 0.764444 4.289192
v -11.412777 0.617000 4.548312
v -11.839843 0.617000 4.318521
v -11.412777 0.381619 4.501492
v -11.839843 0.469556 4.289192
v -11.412777 0.182072 4.368159
v -11.839843 0.344559 4.205672
v -11.412777 0.048739 4.168612
v -11.839843 0.261039 4.080675
v -11.412777 0.001919 3.933231
v -11.839843 0.231710 3.933231
v -11.412777 0.048739 3.697850
v -11.839843 0.261039 3.785787
v -11.412777 0.182072 3.498303
v -11.839843 0.344559 3.660790
v -11.412777 0.381619 3.364970
v -11.839843 0.469556 3.577270
v -11.412777 0.617000 3.318150
v -11.839843 0.617000 3.547941
v -11.412777 0.852382 3.364970
v -11.839843 0.764444 3.577270
v -11.412777 1.051929 3.498303
v -11.839843 0.889441 3.660790
v -11.412777 1.185261 3.697850
v -11.839843 0.972962 3.785787
v -11.617237 0.783189 4.002069
v -11.617237 0.796881 3.933231
v -11.617237 0.744195 4.060426
v -11.617237 0.685838 4.099420
v -11.617237 0.617000 4.113112
v -11.617237 0.548163 4.099420
v -11.617237 0.489805 4.060426
v -11.617237 0.450812 4.002069
v -11.617237 0.437119 3.933231
v -11.617237 0.450812 3.864393
v -11.617237 0.489805 3.806036
v -11.617237 0.548163 3.767042
v -11.617237 0.617000 3.753350
v -11.617237 0.685838 3.767042
v -11.617237 0.744195 3.806036
v -11.617237 0.783189 3.864393
v -11.839843 1.131084 4.146172
v -11.782330 1.185261 4.168612
v -11.822998 1.169393 4.162040
v -11.782330 1.232082 3.933231
v -11.839843 1.173441 3.933231
v -11.822998 1.214906 3.933231
v -11.839843 1.010463 4.326694
v -11.782330 1.051928 4.368159
v -11.822998 1.039784 4.356014
v -11.839843 0.829941 4.447315
v -11.782330 0.852382 4.501492
v -11.822998 0.845809 4.485624
v -11.839843 0.617000 4.489671
v -11.782330 0.617000 4.548312
v -11.822998 0.617000 4.531137
v -11.839843 0.404060 4.447315
v -11.782330 0.381619 4.501492
v -11.822998 0.388192 4.485624
v -11.839843 0.223537 4.326694
v -11.782330 0.182072 4.368159
v -11.822998 0.194217 4.356014
v -11.839843 0.102916 4.146172
v -11.782330 0.048739 4.168612
v -11.822998 0.064607 4.162040
v -11.839843 0.060560 3.933231
v -11.782330 0.001919 3.933231
v -11.822998 0.019094 3.933231
v -11.839843 0.102916 3.720290
v -11.782330 0.048739 3.697850
v -11.822998 0.064607 3.704422
v -11.839843 0.223537 3.539768
v -11.782330 0.182072 3.498303
v -11.822998 0.194217 3.510448
v -11.839843 0.404060 3.419147
v -11.782330 0.381619 3.364970
v -11.822998 0.388192 3.380838
v -11.839843 0.617000 3.376790
v -11.782330 0.617000 3.318150
v -11.822998 0.617000 3.335325
v -11.839843 0.829941 3.419147
v -11.782330 0.852382 3.364970
v -11.822998 0.845809 3.380838
v -11.839843 1.010463 3.539768
v -11.782330 1.051928 3.498303
v -11.822998 1.039783 3.510448
v -11.839843 1.131084 3.720290
v -11.782330 1.185261 3.697850
v -11.822998 1.169393 3.704422
v -8.587222 1.232082 3.933231
v -8.160156 1.002290 3.933231
v -8.587222 1.185261 4.168612
v -8.160156 0.972962 4.080675
v -8.587222 1.051929 4.368159
v -8.160156 0.889441 4.205672
v -8.587222 0.852382 4.501492
v -8.160156 0.764444 4.289193
v -8.587222 0.617000 4.548312
v -8.160156 0.617000 4.318521
v -8.587222 0.381619 4.501492
v -8.160156 0.469556 4.289193
v -8.587223 0.182072 4.368159
v -8.160156 0.344559 4.205672
v -8.587223 0.048739 4.168612
v -8.160156 0.261039 4.080675
v -8.587223 0.001919 3.933231
v -8.160156 0.231710 3.933231
v -8.587223 0.048739 3.697850
v -8.160156 0.261039 3.785787
v -8.587223 0.182072 3.498303
v -8.160156 0.344559 3.660790
v -8.587222 0.381619 3.364970
v -8.160156 0.469556 3.577270
v -8.587222 0.617000 3.318150
v -8.160156 0.617000 3.547941
v -8.587222 0.852382 3.364970
v -8.160156 0.764444 3.577270
v -8.587222 1.051928 3.498303
v -8.160156 0.889441 3.660790
v -8.587222 1.185261 3.697850
v -8.160156 0.972962 3.785787
v -8.382763 0.783189 4.002069
v -8.382763 0.796881 3.933231
v -8.382763 0.744195 4.060426
v -8.382763 0.685838 4.099420
v -8.382763 0.617000 4.113112
v -8.382763 0.548163 4.099420
v -8.382763 0.489805 4.060426
v -8.382763 0.450812 4.002069
v -8.382763 0.437119 3.933231
v -8.382763 0.450812 3.864393
v -8.382763 0.489805 3.806036
v -8.382763 0.548163 3.767043
v -8.382763 0.617000 3.753350
v -8.382763 0.685838 3.767043
v -8.382763 0.744195 3.806036
v -8.382763 0.783189 3.864393
v -8.160156 1.131084 4.146172
v -8.217670 1.185261 4.168612
v -8.177002 1.169393 4.162040
v -8.217670 1.232082 3.933231
v -8.160156 1.173441 3.933231
v -8.177002 1.214906 3.933231
v -8.160156 1.010463 4.326694
v -8.217670 1.051928 4.368159
v -8.177002 1.039784 4.356014
v -8.160156 0.829941 4.447315
v -8.217670 0.852382 4.501492
v -8.177002 0.845809 4.485624
v -8.160156 0.617000 4.489672
v -8.217670 0.617000 4.548312
v -8.177002 0.617000 4.531137
v -8.160156 0.404060 4.447315
v -8.217670 0.381619 4.501492
v -8.177002 0.388192 4.485624
v -8.160156 0.223537 4.326694
v -8.217670 0.182072 4.368159
v -8.177002 0.194217 4.356014
v -8.160156 0.102916 4.146172
v -8.217670 0.048739 4.168612
v -8.177002 0.064607 4.162040
v -8.160156 0.060560 3.933231
v -8.217670 0.001919 3.933231
v -8.177002 0.019094 3.933231
v -8.160156 0.102916 3.720290
v -8.217670 0.048739 3.697850
v -8.177002 0.064607 3.704422
v -8.160156 0.223537 3.539768
v -8.217670 0.182072 3.498303
v -8.177002 0.194217 3.510448
v -8.160156 0.404060 3.419147
v -8.217670 0.381619 3.364970
v -8.177002 0.388192 3.380838
v -8.160156 0.617000 3.376791
v -8.217670 0.617000 3.318150
v -8.177002 0.617000 3.335325
v -8.160156 0.829941 3.419147
v -8.217670 0.852382 3.364970
v -8.177002 0.845809 3.380838
v -8.160156 1.010463 3.539768
v -8.217670 1.051928 3.498303
v -8.177002 1.039783 3.510448
v -8.160156 1.131084 3.720290
v -8.217670 1.185261 3.697850
v -8.177002 1.169393 3.704422
v -11.412777 1.232082 3.933231
v -11.412777 1.185261 4.168612
v -11.412777 1.051929 4.368159
v -11.412777 0.852382 4.501492
v -11.412777 0.617000 4.548312
v -11.412777 0.381619 4.501492
v -11.412777 0.182072 4.368159
v -11.412777 0.048739 4.168612
v -11.412777 0.001919 3.933231
v -11.412777 0.048739 3.697850
v -11.412777 0.182072 3.498303
v -11.412777 0.381619 3.364970
v -11.412777 0.617000 3.318150
v -11.412777 0.852382 3.364970
v -11.412777 1.051929 3.498303
v -11.412777 1.185261 3.697850
v -11.839843 0.972962 4.080675
v -11.839843 1.002290 3.933231
v -11.839843 0.889441 4.205672
v -11.839843 0.764444 4.289192
v -11.839843 0.617000 4.318521
v -11.839843 0.469556 4.289192
v -11.839843 0.344559 4.205672
v -11.839843 0.261039 4.080675
v -11.839843 0.231710 3.933231
v -11.839843 0.261039 3.785787
v -11.839843 0.344559 3.660790
v -11.839843 0.469556 3.577270
v -11.839843 0.617000 3.547941
v -11.839843 0.764444 3.577270
v -11.839843 0.889441 3.660790
v -11.839843 0.972962 3.785787
v -11.617237 0.783189 4.002069
v -11.617237 0.796881 3.933231
v -11.617237 0.744195 4.060426
v -11.617237 0.685838 4.099420
v -11.617237 0.617000 4.113112
v -11.617237 0.548163 4.099420
v -11.617237 0.489805 4.060426
v -11.617237 0.450812 4.002069
v -11.617237 0.437119 3.933231
v -11.617237 0.450812 3.864393
v -11.617237 0.489805 3.806036
v -11.617237 0.548163 3.767042
v -11.617237 0.617000 3.753350
v -11.617237 0.685838 3.767042
v -11.617237 0.744195 3.806036
v -11.617237 0.783189 3.864393
v -11.822998 1.214906 3.933231
v -11.822998 1.169393 4.162040
v -11.822998 1.039784 4.356014
v -11.822998 0.845809 4.485624
v -11.822998 0.617000 4.531137
v -11.822998 0.388192 4.485624
v -11.822998 0.194217 4.356014
v -11.822998 0.064607 4.162040
v -11.822998 0.019094 3.933231
v -11.822998 0.064607 3.704422
v -11.822998 0.194217 3.510448
v -11.822998 0.388192 3.380838
v -11.822998 0.617000 3.335325
v -11.822998 0.845809 3.380838
v -11.822998 1.039783 3.510448
v -11.822998 1.169393 3.704422
v -8.587222 1.232082 3.933231
v -8.587222 1.185261 4.168612
v -8.587222 1.051929 4.368159
v -8.587222 0.852382 4.501492
v -8.587222 0.617000 4.548312
v -8.587222 0.381619 4.501492
v -8.587223 0.182072 4.368159
v -8.587223 0.048739 4.168612
v -8.587223 0.001919 3.933231
v -8.587223 0.048739 3.697850
v -8.587223 0.182072 3.498303
v -8.587222 0.381619 3.364970
v -8.587222 0.617000 3.318150
v -8.587222 0.852382 3.364970
v -8.587222 1.051928 3.498303
v -8.587222 1.185261 3.697850
v -8.160156 0.972962 4.080675
v -8.160156 1.002290 3.933231
v -8.160156 0.889441 4.205672
v -8.160156 0.764444 4.289193
v -8.160156 0.617000 4.318521
v -8.160156 0.469556 4.289193
v -8.160156 0.344559 4.205672
v -8.160156 0.261039 4.080675
v -8.160156 0.231710 3.933231
v -8.160156 0.261039 3.785787
v -8.160156 0.344559 3.660790
v -8.160156 0.469556 3.577270
v -8.160156 0.617000 3.547941
v -8.160156 0.764444 3.577270
v -8.160156 0.889441 3.660790
v -8.160156 0.972962 3.785787
v -8.382763 0.783189 4.002069
v -8.382763 0.796881 3.933231
v -8.382763 0.744195 4.060426
v -8.382763 0.685838 4.099420
v -8.382763 0.617000 4.113112
v -8.382763 0.548163 4.099420
v -8.382763 0.489805 4.060426
v -8.382763 0.450812 4.002069
v -8.382763 0.437119 3.933231
v -8.382763 0.450812 3.864393
v -8.382763 0.489805 3.806036
v -8.382763 0.548163 3.767043
v -8.382763 0.617000 3.753350
v -8.382763 0.685838 3.767043
v -8.382763 0.744195 3.806036
v -8.382763 0.783189 3.864393
v -8.177002 1.214906 3.933231
v -8.177002 1.169393 4.162040
v -8.177002 1.039784 4.356014
v -8.177002 0.845809 4.485624
v -8.177002 0.617000 4.531137
v -8.177002 0.388192 4.485624
v -8.177002 0.194217 4.356014
v -8.177002 0.064607 4.162040
v -8.177002 0.019094 3.933231
v -8.177002 0.064607 3.704422
v -8.177002 0.194217 3.510448
v -8.177002 0.388192 3.380838
v -8.177002 0.617000 3.335325
v -8.177002 0.845809 3.380838
v -8.177002 1.039783 3.510448
v -8.177002 1.169393 3.704422
vt 0.895011 0.257441
vt 0.905261 0.242675
vt 0.912699 0.245622
vt 0.908881 0.263185
vt 0.909788 0.235680
vt 0.914204 0.237427
vt 0.913212 0.242726
vt 0.906843 0.240196
vt 0.918954 0.237353
vt 0.920065 0.242626
vt 0.923313 0.235466
vt 0.926357 0.239913
vt 0.926616 0.232056
vt 0.931130 0.234998
vt 0.928361 0.227644
vt 0.933657 0.228633
vt 0.928284 0.222896
vt 0.933556 0.221783
vt 0.926395 0.218538
vt 0.930842 0.215493
vt 0.922983 0.215234
vt 0.925927 0.210720
vt 0.918569 0.213487
vt 0.919562 0.208189
vt 0.913819 0.213559
vt 0.912710 0.208285
vt 0.909460 0.215443
vt 0.906417 0.210996
vt 0.906155 0.218853
vt 0.901642 0.215910
vt 0.904408 0.223268
vt 0.899111 0.222277
vt 0.926395 0.218538
vt 0.928284 0.222896
vt 0.920532 0.224699
vt 0.919920 0.223175
vt 0.904485 0.228017
vt 0.899211 0.229129
vt 0.906374 0.232375
vt 0.901927 0.235421
vt 0.767081 0.928914
vt 0.763429 0.937729
vt 0.756683 0.944475
vt 0.747868 0.948126
vt 0.738328 0.948126
vt 0.729513 0.944475
vt 0.722767 0.937729
vt 0.719116 0.928914
vt 0.719116 0.919373
vt 0.722767 0.910559
vt 0.729513 0.903812
vt 0.738328 0.900161
vt 0.747868 0.900161
vt 0.756683 0.903812
vt 0.763429 0.910559
vt 0.767081 0.919373
vt 0.884394 0.246826
vt 0.899516 0.237107
vt 0.878649 0.232955
vt 0.896339 0.229764
vt 0.923891 0.263183
vt 0.920699 0.245498
vt 0.928041 0.242323
vt 0.937757 0.257438
vt 0.933608 0.236580
vt 0.948367 0.246826
vt 0.936552 0.229145
vt 0.954109 0.232963
vt 0.936427 0.221149
vt 0.954109 0.217958
vt 0.933251 0.213809
vt 0.948368 0.204095
vt 0.927510 0.208242
vt 0.937761 0.193482
vt 0.920076 0.205294
vt 0.923901 0.187734
vt 0.912078 0.205414
vt 0.908893 0.187724
vt 0.904734 0.208585
vt 0.895021 0.193460
vt 0.899163 0.214327
vt 0.884400 0.204071
vt 0.896216 0.221764
vt 0.878650 0.217941
vt 0.914006 0.228916
vt 0.912859 0.227735
vt 0.912239 0.226212
vt 0.912261 0.224570
vt 0.912905 0.223061
vt 0.914079 0.221920
vt 0.915604 0.221324
vt 0.917244 0.221367
vt 0.918767 0.222002
vt 0.919920 0.223175
vt 0.920532 0.224699
vt 0.920502 0.226341
vt 0.919867 0.227853
vt 0.918694 0.228996
vt 0.917168 0.229595
vt 0.915524 0.229559
vt 0.909788 0.235680
vt 0.906374 0.232375
vt 0.912859 0.227735
vt 0.914006 0.228916
vt 0.904485 0.228017
vt 0.912239 0.226212
vt 0.922983 0.215234
vt 0.918767 0.222002
vt 0.914204 0.237427
vt 0.915524 0.229559
vt 0.918569 0.213487
vt 0.917244 0.221367
vt 0.918954 0.237353
vt 0.917168 0.229595
vt 0.913819 0.213559
vt 0.915604 0.221324
vt 0.923313 0.235466
vt 0.918694 0.228996
vt 0.909460 0.215443
vt 0.914079 0.221920
vt 0.926616 0.232056
vt 0.919867 0.227853
vt 0.906155 0.218853
vt 0.912905 0.223061
vt 0.928361 0.227644
vt 0.920502 0.226341
vt 0.904408 0.223268
vt 0.912261 0.224570
vt 0.900739 0.236244
vt 0.906061 0.241410
vt 0.906061 0.241410
vt 0.900739 0.236244
vt 0.912954 0.244147
vt 0.912954 0.244147
vt 0.920370 0.244038
vt 0.920370 0.244038
vt 0.927179 0.241099
vt 0.927179 0.241099
vt 0.932343 0.235780
vt 0.932343 0.235780
vt 0.935077 0.228890
vt 0.935077 0.228890
vt 0.934967 0.221478
vt 0.934967 0.221478
vt 0.932028 0.214671
vt 0.932028 0.214671
vt 0.926710 0.209506
vt 0.926710 0.209506
vt 0.919820 0.206768
vt 0.919820 0.206768
vt 0.912406 0.206874
vt 0.912406 0.206874
vt 0.905596 0.209809
vt 0.905596 0.209809
vt 0.900428 0.215127
vt 0.900428 0.215127
vt 0.897691 0.222019
vt 0.897691 0.222019
vt 0.897800 0.229435
vt 0.897800 0.229435
vt 0.895011 0.257441
vt 0.908881 0.263185
vt 0.912699 0.245622
vt 0.905261 0.242675
vt 0.909788 0.235680
vt 0.906843 0.240196
vt 0.913212 0.242726
vt 0.914204 0.237427
vt 0.920065 0.242626
vt 0.918954 0.237353
vt 0.926357 0.239913
vt 0.923313 0.235466
vt 0.931130 0.234998
vt 0.926616 0.232056
vt 0.933657 0.228633
vt 0.928361 0.227644
vt 0.933556 0.221783
vt 0.928284 0.222896
vt 0.930842 0.215493
vt 0.926395 0.218538
vt 0.925927 0.210720
vt 0.922983 0.215234
vt 0.919562 0.208189
vt 0.918569 0.213487
vt 0.912710 0.208285
vt 0.913819 0.213559
vt 0.906417 0.210996
vt 0.909460 0.215443
vt 0.901642 0.215910
vt 0.906155 0.218853
vt 0.899111 0.222277
vt 0.904408 0.223268
vt 0.926395 0.218538
vt 0.919920 0.223175
vt 0.920532 0.224699
vt 0.928284 0.222896
vt 0.899211 0.229129
vt 0.904485 0.228017
vt 0.901927 0.235421
vt 0.906374 0.232375
vt 0.767081 0.928914
vt 0.767081 0.919373
vt 0.763429 0.910559
vt 0.756683 0.903812
vt 0.747868 0.900161
vt 0.738328 0.900161
vt 0.729513 0.903812
vt 0.722767 0.910559
vt 0.719116 0.919373
vt 0.719116 0.928914
vt 0.722767 0.937729
vt 0.729513 0.944475
vt 0.738328 0.948126
vt 0.747868 0.948126
vt 0.756683 0.944475
vt 0.763429 0.937729
vt 0.884394 0.246826
vt 0.899516 0.237107
vt 0.878649 0.232955
vt 0.896339 0.229764
vt 0.923891 0.263183
vt 0.937757 0.257438
vt 0.928041 0.242323
vt 0.920699 0.245498
vt 0.948367 0.246826
vt 0.933608 0.236580
vt 0.954109 0.232963
vt 0.936552 0.229145
vt 0.954109 0.217958
vt 0.936427 0.221149
vt 0.948368 0.204095
vt 0.933251 0.213809
vt 0.937761 0.193482
vt 0.927510 0.208242
vt 0.923901 0.187734
vt 0.920076 0.205294
vt 0.908893 0.187724
vt 0.912078 0.205414
vt 0.895021 0.193460
vt 0.904734 0.208585
vt 0.884400 0.204071
vt 0.899163 0.214327
vt 0.878650 0.217941
vt 0.896216 0.221764
vt 0.914006 0.228916
vt 0.915524 0.229559
vt 0.917168 0.229595
vt 0.918694 0.228996
vt 0.919867 0.227853
vt 0.920502 0.226341
vt 0.920532 0.224699
vt 0.919920 0.223175
vt 0.918767 0.222002
vt 0.917244 0.221367
vt 0.915604 0.221324
vt 0.914079 0.221920
vt 0.912905 0.223061
vt 0.912261 0.224570
vt 0.912239 0.226212
vt 0.912859 0.227735
vt 0.909788 0.235680
vt 0.914006 0.228916
vt 0.912859 0.227735
vt 0.906374 0.232375
vt 0.912239 0.226212
vt 0.904485 0.228017
vt 0.922983 0.215234
vt 0.918767 0.222002
vt 0.914204 0.237427
vt 0.915524 0.229559
vt 0.918569 0.213487
vt 0.917244 0.221367
vt 0.918954 0.237353
vt 0.917168 0.229595
vt 0.913819 0.213559
vt 0.915604 0.221324
vt 0.923313 0.235466
vt 0.918694 0.228996
vt 0.909460 0.215443
vt 0.914079 0.221920
vt 0.926616 0.232056
vt 0.919867 0.227853
vt 0.906155 0.218853
vt 0.912905 0.223061
vt 0.928361 0.227644
vt 0.920502 0.226341
vt 0.904408 0.223268
vt 0.912261 0.224570
vt 0.906061 0.241410
vt 0.900739 0.236244
vt 0.906061 0.241410
vt 0.900739 0.236244
vt 0.912954 0.244147
vt 0.912954 0.244147
vt 0.920370 0.244038
vt 0.920370 0.244038
vt 0.927179 0.241099
vt 0.927179 0.241099
vt 0.932343 0.235780
vt 0.932343 0.235780
vt 0.935077 0.228890
vt 0.935077 0.228890
vt 0.934967 0.221478
vt 0.934967 0.221478
vt 0.932028 0.214671
vt 0.932028 0.214671
vt 0.926710 0.209506
vt 0.926710 0.209506
vt 0.919820 0.206768
vt 0.919820 0.206768
vt 0.912406 0.206874
vt 0.912406 0.206874
vt 0.905596 0.209809
vt 0.905596 0.209809
vt 0.900428 0.215127
vt 0.900428 0.215127
vt 0.897691 0.222019
vt 0.897691 0.222019
vt 0.897800 0.229435
vt 0.897800 0.229435
vn 0.0000 0.9239 0.3827
vn -0.1938 0.9063 0.3754
vn -0.1938 0.6937 0.6937
vn 0.0000 0.7071 0.7071
vn -1.0000 0.0000 0.0000
vn -0.9767 0.1517 0.1517
vn -0.9767 0.1982 0.0821
vn -0.9767 0.0821 0.1982
vn -0.9767 0.0000 0.2146
vn -0.9767 -0.0821 0.1982
vn -0.9767 -0.1517 0.1517
vn -0.9767 -0.1982 0.0821
vn -0.9767 -0.2146 0.0000
vn -0.9767 -0.1982 -0.0821
vn -0.9767 -0.1517 -0.1517
vn -0.9767 -0.0821 -0.1982
vn -0.9767 0.0000 -0.2146
vn -0.9767 0.0821 -0.1982
vn -0.9767 0.1517 -0.1517
vn -0.6781 0.7349 0.0000
vn -0.6781 0.6790 -0.2812
vn -0.9767 0.1982 -0.0821
vn -0.9767 0.2146 0.0000
vn 1.0000 0.0000 0.0000
vn 0.0000 1.0000 0.0000
vn -0.1938 0.9810 0.0000
vn 0.0000 0.9239 -0.3827
vn -0.1938 0.9063 -0.3754
vn 0.0000 0.3827 0.9239
vn -0.1938 0.3754 0.9063
vn -0.1938 0.0000 0.9810
vn 0.0000 0.0000 1.0000
vn -0.1938 -0.3754 0.9063
vn 0.0000 -0.3827 0.9239
vn -0.1938 -0.6937 0.6937
vn 0.0000 -0.7071 0.7071
vn -0.1938 -0.9063 0.3754
vn 0.0000 -0.9239 0.3827
vn -0.1938 -0.9810 0.0000
vn 0.0000 -1.0000 0.0000
vn -0.1938 -0.9063 -0.3754
vn 0.0000 -0.9239 -0.3827
vn -0.1938 -0.6937 -0.6937
vn 0.0000 -0.7071 -0.7071
vn -0.1938 -0.3754 -0.9063
vn 0.0000 -0.3827 -0.9239
vn -0.1938 0.0000 -0.9810
vn 0.0000 0.0000 -1.0000
vn -0.1938 0.3754 -0.9063
vn 0.0000 0.3827 -0.9239
vn -0.1938 0.6937 -0.6937
vn 0.0000 0.7071 -0.7071
vn -0.6781 -0.6790 -0.2812
vn -0.6781 -0.7349 0.0000
vn -0.6781 -0.6790 0.2812
vn -0.6781 0.6790 0.2812
vn -0.6781 -0.5196 -0.5197
vn -0.6781 0.5196 0.5197
vn -0.6781 -0.2812 -0.6790
vn -0.6781 0.2812 0.6790
vn -0.6781 0.0000 -0.7349
vn -0.6781 0.0000 0.7349
vn -0.6781 0.2812 -0.6790
vn -0.6781 -0.2812 0.6790
vn -0.6781 0.5196 -0.5197
vn -0.6781 -0.5196 0.5197
vn -0.3890 0.9212 0.0000
vn -0.3890 0.8511 0.3525
vn -0.9265 0.3477 0.1440
vn -0.9265 0.3764 0.0000
vn -0.3890 0.6514 0.6514
vn -0.9265 0.2661 0.2661
vn -0.3890 0.3525 0.8511
vn -0.9265 0.1440 0.3477
vn -0.3890 0.0000 0.9212
vn -0.9265 0.0000 0.3764
vn -0.3890 -0.3525 0.8511
vn -0.9265 -0.1440 0.3477
vn -0.3890 -0.6514 0.6514
vn -0.9265 -0.2661 0.2661
vn -0.3890 -0.8511 0.3525
vn -0.9265 -0.3477 0.1440
vn -0.3890 -0.9212 0.0000
vn -0.9265 -0.3764 0.0000
vn -0.3890 -0.8511 -0.3525
vn -0.9265 -0.3477 -0.1440
vn -0.3890 -0.6514 -0.6514
vn -0.9265 -0.2661 -0.2661
vn -0.3890 -0.3525 -0.8511
vn -0.9265 -0.1440 -0.3477
vn -0.3890 0.0000 -0.9212
vn -0.9265 0.0000 -0.3764
vn -0.3890 0.3525 -0.8511
vn -0.9265 0.1440 -0.3477
vn -0.3890 0.6514 -0.6514
vn -0.9265 0.2661 -0.2661
vn -0.3890 0.8511 -0.3525
vn -0.9265 0.3477 -0.1440
vn 0.1938 0.6937 0.6937
vn 0.1938 0.9063 0.3754
vn 0.9767 0.1982 0.0821
vn 0.9767 0.1517 0.1517
vn 0.9767 0.0821 0.1982
vn 0.9767 0.0000 0.2146
vn 0.9767 -0.0821 0.1982
vn 0.9767 -0.1517 0.1517
vn 0.9767 -0.1982 0.0821
vn 0.9767 -0.2146 0.0000
vn 0.9767 -0.1983 -0.0821
vn 0.9767 -0.1517 -0.1517
vn 0.9767 -0.0821 -0.1982
vn 0.9767 0.0000 -0.2146
vn 0.9767 0.0821 -0.1982
vn 0.9767 0.1517 -0.1517
vn 0.6781 0.7349 0.0000
vn 0.6781 0.6790 -0.2812
vn 0.9767 0.1983 -0.0821
vn 0.9767 0.2146 0.0000
vn 0.1938 0.9810 0.0000
vn 0.1938 0.9063 -0.3754
vn 0.1938 0.0000 0.9810
vn 0.1938 0.3754 0.9063
vn 0.1938 -0.3754 0.9063
vn 0.1938 -0.6937 0.6937
vn 0.1938 -0.9063 0.3754
vn 0.1938 -0.9810 0.0000
vn 0.1938 -0.9063 -0.3754
vn 0.1938 -0.6937 -0.6937
vn 0.1938 -0.3754 -0.9063
vn 0.1938 0.0000 -0.9810
vn 0.1938 0.3754 -0.9063
vn 0.1938 0.6937 -0.6937
vn 0.6781 -0.6790 -0.2812
vn 0.6781 -0.7349 0.0000
vn 0.6781 -0.6790 0.2812
vn 0.6781 0.6790 0.2812
vn 0.6781 -0.5197 -0.5197
vn 0.6781 0.5197 0.5197
vn 0.6781 -0.2812 -0.6790
vn 0.6781 0.2812 0.6790
vn 0.6781 0.0000 -0.7349
vn 0.6781 0.0000 0.7349
vn 0.6781 0.2812 -0.6790
vn 0.6781 -0.2812 0.6790
vn 0.6781 0.5197 -0.5197
vn 0.6781 -0.5197 0.5197
vn 0.3890 0.8511 0.3525
vn 0.3890 0.9212 0.0000
vn 0.9265 0.3477 0.1440
vn 0.9265 0.3764 0.0000
vn 0.3890 0.6514 0.6514
vn 0.9265 0.2661 0.2661
vn 0.3890 0.3525 0.8511
vn 0.9265 0.1440 0.3477
vn 0.3890 0.0000 0.9212
vn 0.9265 0.0000 0.3764
vn 0.3890 -0.3525 0.8511
vn 0.9265 -0.1440 0.3477
vn 0.3890 -0.6514 0.6514
vn 0.9265 -0.2661 0.2661
vn 0.3890 -0.8511 0.3525
vn 0.9265 -0.3477 0.1440
vn 0.3890 -0.9212 0.0000
vn 0.9265 -0.3764 0.0000
vn 0.3890 -0.8511 -0.3525
vn 0.9265 -0.3477 -0.1440
vn 0.3890 -0.6514 -0.6514
vn 0.9265 -0.2661 -0.2661
vn 0.3890 -0.3525 -0.8511
vn 0.9265 -0.1440 -0.3477
vn 0.3890 0.0000 -0.9212
vn 0.9265 0.0000 -0.3764
vn 0.3890 0.3525 -0.8511
vn 0.9265 0.1440 -0.3477
vn 0.3890 0.6514 -0.6514
vn 0.9265 0.2661 -0.2661
vn 0.3890 0.8511 -0.3525
vn 0.9265 0.3477 -0.1440
usemtl WoodToy1
s 1
f 2003/2184/1383 2050/2185/1384 2056/2186/1385 2195/2187/1386
f 2004/2188/1387 2211/2189/1387 2055/2190/1388 2049/2191/1389
f 2211/2189/1387 2212/2192/1387 2058/2193/1390 2055/2190/1388
f 2212/2192/1387 2213/2194/1387 2061/2195/1391 2058/2193/1390
f 2213/2194/1387 2214/2196/1387 2064/2197/1392 2061/2195/1391
f 2214/2196/1387 2215/2198/1387 2067/2199/1393 2064/2197/1392
f 2215/2198/1387 2216/2200/1387 2070/2201/1394 2067/2199/1393
f 2216/2200/1387 2217/2202/1387 2073/2203/1395 2070/2201/1394
f 2217/2202/1387 2218/2204/1387 2076/2205/1396 2073/2203/1395
f 2218/2204/1387 2219/2206/1387 2079/2207/1397 2076/2205/1396
f 2219/2206/1387 2220/2208/1387 2082/2209/1398 2079/2207/1397
f 2220/2208/1387 2221/2210/1387 2085/2211/1399 2082/2209/1398
f 2221/2210/1387 2222/2212/1387 2088/2213/1400 2085/2211/1399
f 2222/2212/1387 2223/2214/1387 2091/2215/1401 2088/2213/1400
f 2018/2216/1402 2016/2217/1403 2040/2218/1403 2233/2219/1402
f 2223/2214/1387 2224/2220/1387 2094/2221/1404 2091/2215/1401
f 2224/2220/1387 2002/2222/1387 2053/2223/1405 2094/2221/1404
f 2193/2224/1406 2194/2225/1406 2005/2226/1406 2196/2227/1406 2197/2228/1406 2198/2229/1406 2199/2230/1406 2200/2231/1406 2201/2232/1406 2202/2233/1406 2203/2234/1406 2204/2235/1406 2205/2236/1406 2206/2237/1406 2207/2238/1406 2208/2239/1406
f 2001/2240/1407 2052/2241/1408 2050/2185/1384 2003/2184/1383
f 2031/2242/1409 2095/2243/1410 2052/2241/1408 2001/2240/1407
f 2007/2244/1411 2059/2245/1412 2062/2246/1413 2009/2247/1414
f 2009/2247/1414 2062/2246/1413 2065/2248/1415 2011/2249/1416
f 2011/2249/1416 2065/2248/1415 2068/2250/1417 2013/2251/1418
f 2013/2251/1418 2068/2250/1417 2071/2252/1419 2015/2253/1420
f 2015/2253/1420 2071/2252/1419 2074/2254/1421 2017/2255/1422
f 2017/2255/1422 2074/2254/1421 2077/2256/1423 2019/2257/1424
f 2019/2257/1424 2077/2256/1423 2080/2258/1425 2021/2259/1426
f 2021/2259/1426 2080/2258/1425 2083/2260/1427 2023/2261/1428
f 2023/2261/1428 2083/2260/1427 2086/2262/1429 2025/2263/1430
f 2025/2263/1430 2086/2262/1429 2089/2264/1431 2027/2265/1432
f 2027/2265/1432 2089/2264/1431 2092/2266/1433 2029/2267/1434
f 2029/2267/1434 2092/2266/1433 2095/2243/1410 2031/2242/1409
f 2195/2187/1386 2056/2186/1385 2059/2245/1412 2007/2244/1411
f 2225/2268/1387 2226/2269/1387 2240/2270/1387 2239/2271/1387 2238/2272/1387 2237/2273/1387 2236/2274/1387 2235/2275/1387 2234/2276/1387 2041/2277/1387 2232/2278/1387 2231/2279/1387 2230/2280/1387 2229/2281/1387 2228/2282/1387 2227/2283/1387
f 2209/2284/1435 2210/2285/1436 2034/2286/1436 2033/2287/1435
f 2210/2285/1436 2032/2288/1437 2048/2289/1437 2034/2286/1436
f 2020/2290/1438 2018/2216/1402 2233/2219/1402 2042/2291/1438
f 2006/2292/1439 2209/2284/1435 2033/2287/1435 2035/2293/1439
f 2022/2294/1440 2020/2290/1438 2042/2291/1438 2043/2295/1440
f 2008/2296/1441 2006/2292/1439 2035/2293/1439 2036/2297/1441
f 2024/2298/1442 2022/2294/1440 2043/2295/1440 2044/2299/1442
f 2010/2300/1443 2008/2296/1441 2036/2297/1441 2037/2301/1443
f 2026/2302/1444 2024/2298/1442 2044/2299/1442 2045/2303/1444
f 2012/2304/1445 2010/2300/1443 2037/2301/1443 2038/2305/1445
f 2028/2306/1446 2026/2302/1444 2045/2303/1444 2046/2307/1446
f 2014/2308/1447 2012/2304/1445 2038/2305/1445 2039/2309/1447
f 2030/2310/1448 2028/2306/1446 2046/2307/1446 2047/2311/1448
f 2016/2217/1403 2014/2308/1447 2039/2309/1447 2040/2218/1403
f 2032/2288/1437 2030/2310/1448 2047/2311/1448 2048/2289/1437
f 2050/2185/1384 2052/2241/1408 2241/2312/1449 2242/2313/1450
f 2051/2314/1451 2054/2315/1452 2053/2223/1405 2049/2191/1389
f 2056/2186/1385 2050/2185/1384 2242/2313/1450 2243/2316/1453
f 2057/2317/1454 2051/2314/1451 2049/2191/1389 2055/2190/1388
f 2059/2245/1412 2056/2186/1385 2243/2316/1453 2244/2318/1455
f 2060/2319/1456 2057/2317/1454 2055/2190/1388 2058/2193/1390
f 2062/2246/1413 2059/2245/1412 2244/2318/1455 2245/2320/1457
f 2063/2321/1458 2060/2319/1456 2058/2193/1390 2061/2195/1391
f 2065/2248/1415 2062/2246/1413 2245/2320/1457 2246/2322/1459
f 2066/2323/1460 2063/2321/1458 2061/2195/1391 2064/2197/1392
f 2068/2250/1417 2065/2248/1415 2246/2322/1459 2247/2324/1461
f 2069/2325/1462 2066/2323/1460 2064/2197/1392 2067/2199/1393
f 2071/2252/1419 2068/2250/1417 2247/2324/1461 2248/2326/1463
f 2072/2327/1464 2069/2325/1462 2067/2199/1393 2070/2201/1394
f 2074/2254/1421 2071/2252/1419 2248/2326/1463 2249/2328/1465
f 2075/2329/1466 2072/2327/1464 2070/2201/1394 2073/2203/1395
f 2077/2256/1423 2074/2254/1421 2249/2328/1465 2250/2330/1467
f 2078/2331/1468 2075/2329/1466 2073/2203/1395 2076/2205/1396
f 2080/2258/1425 2077/2256/1423 2250/2330/1467 2251/2332/1469
f 2081/2333/1470 2078/2331/1468 2076/2205/1396 2079/2207/1397
f 2083/2260/1427 2080/2258/1425 2251/2332/1469 2252/2334/1471
f 2084/2335/1472 2081/2333/1470 2079/2207/1397 2082/2209/1398
f 2086/2262/1429 2083/2260/1427 2252/2334/1471 2253/2336/1473
f 2087/2337/1474 2084/2335/1472 2082/2209/1398 2085/2211/1399
f 2089/2264/1431 2086/2262/1429 2253/2336/1473 2254/2338/1475
f 2090/2339/1476 2087/2337/1474 2085/2211/1399 2088/2213/1400
f 2092/2266/1433 2089/2264/1431 2254/2338/1475 2255/2340/1477
f 2093/2341/1478 2090/2339/1476 2088/2213/1400 2091/2215/1401
f 2095/2243/1410 2092/2266/1433 2255/2340/1477 2256/2342/1479
f 2096/2343/1480 2093/2341/1478 2091/2215/1401 2094/2221/1404
f 2052/2241/1408 2095/2243/1410 2256/2342/1479 2241/2312/1449
f 2054/2315/1452 2096/2343/1480 2094/2221/1404 2053/2223/1405
f 2002/2222/1387 2004/2188/1387 2049/2191/1389 2053/2223/1405
f 2099/2344/1383 2259/2345/1386 2152/2346/1481 2146/2347/1482
f 2100/2348/1406 2145/2349/1483 2151/2350/1484 2275/2351/1406
f 2275/2351/1406 2151/2350/1484 2154/2352/1485 2276/2353/1406
f 2276/2353/1406 2154/2352/1485 2157/2354/1486 2277/2355/1406
f 2277/2355/1406 2157/2354/1486 2160/2356/1487 2278/2357/1406
f 2278/2357/1406 2160/2356/1487 2163/2358/1488 2279/2359/1406
f 2279/2359/1406 2163/2358/1488 2166/2360/1489 2280/2361/1406
f 2280/2361/1406 2166/2360/1489 2169/2362/1490 2281/2363/1406
f 2281/2363/1406 2169/2362/1490 2172/2364/1491 2282/2365/1406
f 2282/2365/1406 2172/2364/1491 2175/2366/1492 2283/2367/1406
f 2283/2367/1406 2175/2366/1492 2178/2368/1493 2284/2369/1406
f 2284/2369/1406 2178/2368/1493 2181/2370/1494 2285/2371/1406
f 2285/2371/1406 2181/2370/1494 2184/2372/1495 2286/2373/1406
f 2286/2373/1406 2184/2372/1495 2187/2374/1496 2287/2375/1406
f 2114/2376/1497 2297/2377/1497 2136/2378/1498 2112/2379/1498
f 2287/2375/1406 2187/2374/1496 2190/2380/1499 2288/2381/1406
f 2288/2381/1406 2190/2380/1499 2149/2382/1500 2098/2383/1406
f 2257/2384/1387 2272/2385/1387 2271/2386/1387 2270/2387/1387 2269/2388/1387 2268/2389/1387 2267/2390/1387 2266/2391/1387 2265/2392/1387 2264/2393/1387 2263/2394/1387 2262/2395/1387 2261/2396/1387 2260/2397/1387 2101/2398/1387 2258/2399/1387
f 2097/2400/1407 2099/2344/1383 2146/2347/1482 2148/2401/1501
f 2127/2402/1409 2097/2400/1407 2148/2401/1501 2191/2403/1502
f 2103/2404/1411 2105/2405/1414 2158/2406/1503 2155/2407/1504
f 2105/2405/1414 2107/2408/1416 2161/2409/1505 2158/2406/1503
f 2107/2408/1416 2109/2410/1418 2164/2411/1506 2161/2409/1505
f 2109/2410/1418 2111/2412/1420 2167/2413/1507 2164/2411/1506
f 2111/2412/1420 2113/2414/1422 2170/2415/1508 2167/2413/1507
f 2113/2414/1422 2115/2416/1424 2173/2417/1509 2170/2415/1508
f 2115/2416/1424 2117/2418/1426 2176/2419/1510 2173/2417/1509
f 2117/2418/1426 2119/2420/1428 2179/2421/1511 2176/2419/1510
f 2119/2420/1428 2121/2422/1430 2182/2423/1512 2179/2421/1511
f 2121/2422/1430 2123/2424/1432 2185/2425/1513 2182/2423/1512
f 2123/2424/1432 2125/2426/1434 2188/2427/1514 2185/2425/1513
f 2125/2426/1434 2127/2402/1409 2191/2403/1502 2188/2427/1514
f 2259/2345/1386 2103/2404/1411 2155/2407/1504 2152/2346/1481
f 2289/2428/1406 2291/2429/1406 2292/2430/1406 2293/2431/1406 2294/2432/1406 2295/2433/1406 2296/2434/1406 2137/2435/1406 2298/2436/1406 2299/2437/1406 2300/2438/1406 2301/2439/1406 2302/2440/1406 2303/2441/1406 2304/2442/1406 2290/2443/1406
f 2273/2444/1515 2129/2445/1515 2130/2446/1516 2274/2447/1516
f 2274/2447/1516 2130/2446/1516 2144/2448/1517 2128/2449/1517
f 2116/2450/1518 2138/2451/1518 2297/2377/1497 2114/2376/1497
f 2102/2452/1519 2131/2453/1519 2129/2445/1515 2273/2444/1515
f 2118/2454/1520 2139/2455/1520 2138/2451/1518 2116/2450/1518
f 2104/2456/1521 2132/2457/1521 2131/2453/1519 2102/2452/1519
f 2120/2458/1522 2140/2459/1522 2139/2455/1520 2118/2454/1520
f 2106/2460/1523 2133/2461/1523 2132/2457/1521 2104/2456/1521
f 2122/2462/1524 2141/2463/1524 2140/2459/1522 2120/2458/1522
f 2108/2464/1525 2134/2465/1525 2133/2461/1523 2106/2460/1523
f 2124/2466/1526 2142/2467/1526 2141/2463/1524 2122/2462/1524
f 2110/2468/1527 2135/2469/1527 2134/2465/1525 2108/2464/1525
f 2126/2470/1528 2143/2471/1528 2142/2467/1526 2124/2466/1526
f 2112/2379/1498 2136/2378/1498 2135/2469/1527 2110/2468/1527
f 2128/2449/1517 2144/2448/1517 2143/2471/1528 2126/2470/1528
f 2146/2347/1482 2306/2472/1529 2305/2473/1530 2148/2401/1501
f 2147/2474/1531 2145/2349/1483 2149/2382/1500 2150/2475/1532
f 2152/2346/1481 2307/2476/1533 2306/2472/1529 2146/2347/1482
f 2153/2477/1534 2151/2350/1484 2145/2349/1483 2147/2474/1531
f 2155/2407/1504 2308/2478/1535 2307/2476/1533 2152/2346/1481
f 2156/2479/1536 2154/2352/1485 2151/2350/1484 2153/2477/1534
f 2158/2406/1503 2309/2480/1537 2308/2478/1535 2155/2407/1504
f 2159/2481/1538 2157/2354/1486 2154/2352/1485 2156/2479/1536
f 2161/2409/1505 2310/2482/1539 2309/2480/1537 2158/2406/1503
f 2162/2483/1540 2160/2356/1487 2157/2354/1486 2159/2481/1538
f 2164/2411/1506 2311/2484/1541 2310/2482/1539 2161/2409/1505
f 2165/2485/1542 2163/2358/1488 2160/2356/1487 2162/2483/1540
f 2167/2413/1507 2312/2486/1543 2311/2484/1541 2164/2411/1506
f 2168/2487/1544 2166/2360/1489 2163/2358/1488 2165/2485/1542
f 2170/2415/1508 2313/2488/1545 2312/2486/1543 2167/2413/1507
f 2171/2489/1546 2169/2362/1490 2166/2360/1489 2168/2487/1544
f 2173/2417/1509 2314/2490/1547 2313/2488/1545 2170/2415/1508
f 2174/2491/1548 2172/2364/1491 2169/2362/1490 2171/2489/1546
f 2176/2419/1510 2315/2492/1549 2314/2490/1547 2173/2417/1509
f 2177/2493/1550 2175/2366/1492 2172/2364/1491 2174/2491/1548
f 2179/2421/1511 2316/2494/1551 2315/2492/1549 2176/2419/1510
f 2180/2495/1552 2178/2368/1493 2175/2366/1492 2177/2493/1550
f 2182/2423/1512 2317/2496/1553 2316/2494/1551 2179/2421/1511
f 2183/2497/1554 2181/2370/1494 2178/2368/1493 2180/2495/1552
f 2185/2425/1513 2318/2498/1555 2317/2496/1553 2182/2423/1512
f 2186/2499/1556 2184/2372/1495 2181/2370/1494 2183/2497/1554
f 2188/2427/1514 2319/2500/1557 2318/2498/1555 2185/2425/1513
f 2189/2501/1558 2187/2374/1496 2184/2372/1495 2186/2499/1556
f 2191/2403/1502 2320/2502/1559 2319/2500/1557 2188/2427/1514
f 2192/2503/1560 2190/2380/1499 2187/2374/1496 2189/2501/1558
f 2148/2401/1501 2305/2473/1530 2320/2502/1559 2191/2403/1502
f 2150/2475/1532 2149/2382/1500 2190/2380/1499 2192/2503/1560
f 2098/2383/1406 2149/2382/1500 2145/2349/1483 2100/2348/1406
o Cylinder.005
v -9.043257 0.879935 4.886446
v -9.043257 0.879935 5.020305
v -9.056432 0.813701 4.886446
v -9.056432 0.813701 5.020305
v -9.093950 0.757551 4.886446
v -9.093950 0.757551 5.020305
v -9.150100 0.720033 4.886446
v -9.150100 0.720033 5.020305
v -9.216333 0.706858 4.886446
v -9.216333 0.706858 5.020305
v -9.282567 0.720033 4.886446
v -9.282567 0.720033 5.020305
v -9.338717 0.757551 4.886446
v -9.338717 0.757551 5.020305
v -9.376235 0.813701 4.886446
v -9.376235 0.813701 5.020305
v -9.389410 0.879934 4.886446
v -9.389410 0.879934 5.020305
v -9.376235 0.946168 4.886446
v -9.376235 0.946168 5.020305
v -9.338717 1.002318 4.886446
v -9.338717 1.002318 5.020305
v -9.282567 1.039836 4.886446
v -9.282567 1.039836 5.020305
v -9.216333 1.053011 4.886446
v -9.216333 1.053011 5.020305
v -9.150100 1.039836 4.886446
v -9.150100 1.039836 5.020305
v -9.093950 1.002318 4.886446
v -9.093950 1.002318 5.020305
v -9.056432 0.946168 4.886446
v -9.056432 0.946168 5.020305
v -10.956743 0.879935 4.886447
v -10.956743 0.879935 5.020306
v -10.943568 0.813701 4.886447
v -10.943568 0.813701 5.020306
v -10.906050 0.757551 4.886447
v -10.906050 0.757551 5.020306
v -10.849900 0.720033 4.886447
v -10.849900 0.720033 5.020306
v -10.783667 0.706858 4.886447
v -10.783667 0.706858 5.020306
v -10.717433 0.720033 4.886447
v -10.717433 0.720033 5.020306
v -10.661283 0.757551 4.886447
v -10.661283 0.757551 5.020306
v -10.623765 0.813701 4.886447
v -10.623765 0.813701 5.020306
v -10.610590 0.879934 4.886447
v -10.610590 0.879934 5.020306
v -10.623765 0.946168 4.886447
v -10.623765 0.946168 5.020306
v -10.661283 1.002318 4.886447
v -10.661283 1.002318 5.020306
v -10.717433 1.039836 4.886447
v -10.717433 1.039836 5.020306
v -10.783667 1.053011 4.886447
v -10.783667 1.053011 5.020306
v -10.849900 1.039836 4.886447
v -10.849900 1.039836 5.020306
v -10.906050 1.002318 4.886447
v -10.906050 1.002318 5.020306
v -10.943568 0.946168 4.886447
v -10.943568 0.946168 5.020306
v -9.056432 0.813701 5.020305
v -9.043257 0.879935 5.020305
v -9.093950 0.757551 5.020305
v -9.150100 0.720033 5.020305
v -9.216333 0.706858 5.020305
v -9.282567 0.720033 5.020305
v -9.338717 0.757551 5.020305
v -9.376235 0.813701 5.020305
v -9.389410 0.879934 5.020305
v -9.376235 0.946168 5.020305
v -9.338717 1.002318 5.020305
v -9.282567 1.039836 5.020305
v -9.216333 1.053011 5.020305
v -9.150100 1.039836 5.020305
v -9.093950 1.002318 5.020305
v -9.056432 0.946168 5.020305
v -10.943568 0.813701 5.020306
v -10.956743 0.879935 5.020306
v -10.906050 0.757551 5.020306
v -10.849900 0.720033 5.020306
v -10.783667 0.706858 5.020306
v -10.717433 0.720033 5.020306
v -10.661283 0.757551 5.020306
v -10.623765 0.813701 5.020306
v -10.610590 0.879934 5.020306
v -10.623765 0.946168 5.020306
v -10.661283 1.002318 5.020306
v -10.717433 1.039836 5.020306
v -10.783667 1.053011 5.020306
v -10.849900 1.039836 5.020306
v -10.906050 1.002318 5.020306
v -10.943568 0.946168 5.020306
vt 0.850977 0.492697
vt 0.719116 0.492697
vt 0.719116 0.467484
vt 0.850977 0.467484
vt 0.719116 0.442271
vt 0.850977 0.442271
vt 0.719116 0.417057
vt 0.850977 0.417057
vt 0.719116 0.391844
vt 0.850977 0.391844
vt 0.850977 0.795258
vt 0.719116 0.795258
vt 0.719116 0.770045
vt 0.850977 0.770045
vt 0.719116 0.744831
vt 0.850977 0.744831
vt 0.719116 0.719618
vt 0.850977 0.719618
vt 0.719116 0.694404
vt 0.850977 0.694404
vt 0.719116 0.669191
vt 0.850977 0.669191
vt 0.719116 0.643978
vt 0.850977 0.643978
vt 0.719116 0.618764
vt 0.850977 0.618764
vt 0.719116 0.593551
vt 0.850977 0.593551
vt 0.719116 0.568338
vt 0.850977 0.568338
vt 0.719116 0.543124
vt 0.850977 0.543124
vt 0.569224 0.878361
vt 0.551395 0.860533
vt 0.541747 0.837239
vt 0.541747 0.812025
vt 0.551395 0.788731
vt 0.569224 0.770903
vt 0.592518 0.761254
vt 0.617731 0.761254
vt 0.641026 0.770903
vt 0.658854 0.788731
vt 0.668503 0.812025
vt 0.668503 0.837239
vt 0.658854 0.860533
vt 0.641026 0.878361
vt 0.617732 0.888010
vt 0.592518 0.888010
vt 0.719116 0.517911
vt 0.850977 0.517911
vt 0.850977 0.492697
vt 0.850977 0.467484
vt 0.719116 0.467484
vt 0.719116 0.492697
vt 0.850977 0.442271
vt 0.719116 0.442271
vt 0.850977 0.417057
vt 0.719116 0.417057
vt 0.850977 0.391844
vt 0.719116 0.391844
vt 0.850977 0.795258
vt 0.850977 0.770045
vt 0.719116 0.770045
vt 0.719116 0.795258
vt 0.850977 0.744831
vt 0.719116 0.744831
vt 0.850977 0.719618
vt 0.719116 0.719618
vt 0.850977 0.694404
vt 0.719116 0.694404
vt 0.850977 0.669191
vt 0.719116 0.669191
vt 0.850977 0.643978
vt 0.719116 0.643978
vt 0.850977 0.618764
vt 0.719116 0.618764
vt 0.850977 0.593551
vt 0.719116 0.593551
vt 0.850977 0.568338
vt 0.719116 0.568338
vt 0.850977 0.543124
vt 0.719116 0.543124
vt 0.569224 0.878361
vt 0.592518 0.888010
vt 0.617732 0.888010
vt 0.641026 0.878361
vt 0.658854 0.860533
vt 0.668503 0.837239
vt 0.668503 0.812025
vt 0.658854 0.788731
vt 0.641026 0.770903
vt 0.617731 0.761254
vt 0.592518 0.761254
vt 0.569224 0.770903
vt 0.551395 0.788731
vt 0.541747 0.812025
vt 0.541747 0.837239
vt 0.551395 0.860533
vt 0.850977 0.517911
vt 0.719116 0.517911
vn 1.0000 0.0000 0.0000
vn 0.9239 -0.3827 0.0000
vn 0.7071 -0.7071 0.0000
vn 0.3827 -0.9239 0.0000
vn 0.0000 -1.0000 0.0000
vn -0.3827 -0.9239 0.0000
vn -0.7071 -0.7071 0.0000
vn -0.9239 -0.3827 0.0000
vn -1.0000 0.0000 0.0000
vn -0.9239 0.3827 0.0000
vn -0.7071 0.7071 0.0000
vn -0.3827 0.9239 0.0000
vn 0.0000 1.0000 0.0000
vn 0.3827 0.9239 0.0000
vn 0.7071 0.7071 0.0000
vn 0.0000 0.0000 1.0000
vn 0.9239 0.3827 0.0000
usemtl WoodToy1
s 1
f 2321/2504/1561 2386/2505/1561 2385/2506/1562 2323/2507/1562
f 2323/2507/1562 2385/2506/1562 2387/2508/1563 2325/2509/1563
f 2325/2509/1563 2387/2508/1563 2388/2510/1564 2327/2511/1564
f 2327/2511/1564 2388/2510/1564 2389/2512/1565 2329/2513/1565
f 2329/2514/1565 2389/2515/1565 2390/2516/1566 2331/2517/1566
f 2331/2517/1566 2390/2516/1566 2391/2518/1567 2333/2519/1567
f 2333/2519/1567 2391/2518/1567 2392/2520/1568 2335/2521/1568
f 2335/2521/1568 2392/2520/1568 2393/2522/1569 2337/2523/1569
f 2337/2523/1569 2393/2522/1569 2394/2524/1570 2339/2525/1570
f 2339/2525/1570 2394/2524/1570 2395/2526/1571 2341/2527/1571
f 2341/2527/1571 2395/2526/1571 2396/2528/1572 2343/2529/1572
f 2343/2529/1572 2396/2528/1572 2397/2530/1573 2345/2531/1573
f 2345/2531/1573 2397/2530/1573 2398/2532/1574 2347/2533/1574
f 2347/2533/1574 2398/2532/1574 2399/2534/1575 2349/2535/1575
f 2324/2536/1576 2322/2537/1576 2400/2538/1576 2350/2539/1576 2348/2540/1576 2346/2541/1576 2344/2542/1576 2342/2543/1576 2340/2544/1576 2338/2545/1576 2336/2546/1576 2334/2547/1576 2332/2548/1576 2330/2549/1576 2328/2550/1576 2326/2551/1576
f 2349/2535/1575 2399/2534/1575 2352/2552/1577 2351/2553/1577
f 2351/2553/1577 2352/2552/1577 2386/2505/1561 2321/2504/1561
f 2353/2554/1569 2355/2555/1568 2401/2556/1568 2402/2557/1569
f 2355/2555/1568 2357/2558/1567 2403/2559/1567 2401/2556/1568
f 2357/2558/1567 2359/2560/1566 2404/2561/1566 2403/2559/1567
f 2359/2560/1566 2361/2562/1565 2405/2563/1565 2404/2561/1566
f 2361/2564/1565 2363/2565/1564 2406/2566/1564 2405/2567/1565
f 2363/2565/1564 2365/2568/1563 2407/2569/1563 2406/2566/1564
f 2365/2568/1563 2367/2570/1562 2408/2571/1562 2407/2569/1563
f 2367/2570/1562 2369/2572/1561 2409/2573/1561 2408/2571/1562
f 2369/2572/1561 2371/2574/1577 2410/2575/1577 2409/2573/1561
f 2371/2574/1577 2373/2576/1575 2411/2577/1575 2410/2575/1577
f 2373/2576/1575 2375/2578/1574 2412/2579/1574 2411/2577/1575
f 2375/2578/1574 2377/2580/1573 2413/2581/1573 2412/2579/1574
f 2377/2580/1573 2379/2582/1572 2414/2583/1572 2413/2581/1573
f 2379/2582/1572 2381/2584/1571 2415/2585/1571 2414/2583/1572
f 2356/2586/1576 2358/2587/1576 2360/2588/1576 2362/2589/1576 2364/2590/1576 2366/2591/1576 2368/2592/1576 2370/2593/1576 2372/2594/1576 2374/2595/1576 2376/2596/1576 2378/2597/1576 2380/2598/1576 2382/2599/1576 2416/2600/1576 2354/2601/1576
f 2381/2584/1571 2383/2602/1570 2384/2603/1570 2415/2585/1571
f 2383/2602/1570 2353/2554/1569 2402/2557/1569 2384/2603/1570
o Cube.003_Cube.005
v 0.912179 2.052837 -1.941681
v 0.912179 2.052837 -1.581540
v 0.912179 1.732482 -1.924046
v 0.912179 1.732482 -1.546272
v 0.912179 2.052837 -1.216691
v 0.912179 1.728074 -1.216691
v 0.912179 1.422923 -1.884369
v 0.912179 1.533366 -1.132138
v 0.912179 2.132083 -0.000000
v 0.912179 2.815400 -0.000000
v 0.912179 2.292687 -0.000000
v 0.912179 2.577923 -0.000000
v 0.912179 2.079204 -0.333343
v 0.912179 2.926230 -1.941681
v 0.912179 2.926230 -0.803053
v 0.912179 1.313574 -1.328003
v 0.912179 2.322156 -0.600721
v 0.912179 2.322156 -1.216691
v 0.912179 2.322156 -1.941681
v 0.912179 2.322156 -1.581540
v 0.912179 2.926230 -1.581540
v 0.912179 2.617455 -1.941681
v 0.912179 2.617455 -1.581540
v 0.912179 2.617455 -0.701887
v 0.912179 2.926230 -1.216691
v 0.912179 2.617455 -1.216691
v 0.912179 1.225509 -1.868792
v 0.000000 3.217067 0.000000
v 0.000000 1.880571 0.000000
v -0.000000 1.161022 -2.423895
v -0.000000 1.419965 -2.536137
v -0.000000 1.723796 -2.648455
v -0.000000 2.065817 -2.750466
v -0.000000 3.404756 -2.284107
v -0.000000 3.324118 -2.508442
v -0.000000 3.151168 -2.692436
v -0.000000 2.921715 -2.788614
v -0.000000 3.359731 -0.885892
v -0.000000 3.427617 -1.244246
v -0.000000 3.462626 -1.580979
v -0.000000 3.449591 -1.949723
v -0.000000 1.161407 -1.046853
v -0.000000 1.381362 -0.875046
v -0.000000 1.641527 -0.606074
v -0.000000 1.805015 -0.326470
v -0.000000 2.649984 -2.810759
v -0.000000 2.336704 -2.796796
v -0.000000 0.695815 -1.764722
v -0.000000 0.756008 -2.016975
v -0.000000 0.903945 -2.243335
v -0.000000 1.037642 -2.346351
v -0.000000 0.737905 -1.508867
v -0.000000 0.869406 -1.272663
v -0.000000 1.010077 -1.147517
v 0.912179 1.087195 -1.457542
v 0.778644 1.880571 -0.000000
v 0.912179 2.017635 -0.000000
v 0.845411 1.898934 -0.000000
v 0.894288 1.949103 -0.000000
v 0.912179 3.084759 -0.000000
v 0.778644 3.217067 -0.000000
v 0.894288 3.150913 -0.000000
v 0.845411 3.199341 -0.000000
v 0.778644 2.065817 -2.750466
v 0.912178 2.063560 -2.609803
v 0.845411 2.065515 -2.731621
v 0.894288 2.064689 -2.680134
v 0.912178 1.242626 -2.319052
v 0.778644 1.161022 -2.423895
v 0.894288 1.207604 -2.372445
v 0.845411 1.176430 -2.411359
v 0.778644 1.723796 -2.648455
v 0.912178 1.725482 -2.507880
v 0.845411 1.724022 -2.629622
v 0.894288 1.724639 -2.578167
v 0.778644 1.419965 -2.536137
v 0.912178 1.420610 -2.394017
v 0.845411 1.420052 -2.517097
v 0.894288 1.420288 -2.465077
v 0.912178 2.922462 -2.648429
v 0.778644 2.921715 -2.788614
v 0.894288 2.922089 -2.718521
v 0.845411 2.921815 -2.769832
v 0.912178 3.274129 -2.252749
v 0.778644 3.404756 -2.284107
v 0.894288 3.339442 -2.268428
v 0.845411 3.387255 -2.279906
v 0.912178 3.066000 -2.588074
v 0.778644 3.151168 -2.692436
v 0.894288 3.108584 -2.640254
v 0.845411 3.139758 -2.678454
v 0.912178 3.207833 -2.437184
v 0.778644 3.324118 -2.508442
v 0.894288 3.265976 -2.472813
v 0.845411 3.308539 -2.498896
v 0.912179 1.948505 -0.298705
v 0.778644 1.805015 -0.326470
v 0.894288 1.876760 -0.312588
v 0.845411 1.824239 -0.322751
v 0.778644 1.161407 -1.046853
v 0.912179 1.229059 -1.171849
v 0.845411 1.170471 -1.063599
v 0.894288 1.195233 -1.109351
v 0.778644 1.641527 -0.606074
v 0.912179 1.666142 -0.779738
v 0.845411 1.644825 -0.629341
v 0.894288 1.653835 -0.692906
v 0.778644 1.381362 -0.875046
v 0.912179 1.453726 -0.997439
v 0.845411 1.391057 -0.891443
v 0.894288 1.417544 -0.936242
v 0.778644 3.359731 -0.885892
v 0.912179 3.217352 -0.837277
v 0.845411 3.340656 -0.879379
v 0.894288 3.288541 -0.861584
v 0.912179 3.311578 -1.953999
v 0.778644 3.449591 -1.949723
v 0.894288 3.380584 -1.951861
v 0.845411 3.431100 -1.950296
v 0.912179 3.291210 -1.234492
v 0.778644 3.427617 -1.244246
v 0.894288 3.359413 -1.239369
v 0.845411 3.409342 -1.242939
v 0.912179 3.326975 -1.581121
v 0.778644 3.462626 -1.580979
v 0.894288 3.394800 -1.581050
v 0.845411 3.444452 -1.580999
v 0.912178 2.334324 -2.656921
v 0.778644 2.336704 -2.796796
v 0.894288 2.335514 -2.726859
v 0.845411 2.336385 -2.778056
v 0.778644 2.649984 -2.810759
v 0.912178 2.644758 -2.671144
v 0.845411 2.649284 -2.792054
v 0.894288 2.647371 -2.740952
v 0.912179 0.838064 -1.795731
v 0.778644 0.695815 -1.764722
v 0.894288 0.766940 -1.780226
v 0.845411 0.714873 -1.768877
v 0.912178 1.143101 -2.250429
v 0.778644 1.037642 -2.346351
v 0.894288 1.096735 -2.307595
v 0.845411 1.060290 -2.341216
v 0.912179 0.876815 -1.957736
v 0.778644 0.756008 -2.016975
v 0.894288 0.816411 -1.987356
v 0.845411 0.772193 -2.009039
v 0.912178 1.003356 -2.151357
v 0.778644 0.903945 -2.243335
v 0.894288 0.953650 -2.197346
v 0.845411 0.917264 -2.231012
v 0.912179 1.046294 -1.293112
v 0.778644 1.010077 -1.147517
v 0.894288 1.028185 -1.220314
v 0.845411 1.014929 -1.167023
v 0.912179 0.949571 -1.379194
v 0.778644 0.869406 -1.272663
v 0.894288 0.909489 -1.325929
v 0.845411 0.880146 -1.286936
v 0.778644 0.737905 -1.508867
v 0.912179 0.889223 -1.486632
v 0.845411 0.758178 -1.505888
v 0.894288 0.813564 -1.497749
v 0.912179 2.870815 -0.401526
v 0.912179 2.597689 -0.350943
v 0.912179 2.307421 -0.300360
v -0.000000 3.258791 -0.423107
v 0.912179 3.121447 -0.398800
v 0.894288 3.190119 -0.410953
v 0.845411 3.240390 -0.419851
v 0.778644 3.258791 -0.423107
v 0.912179 2.052837 1.941681
v 0.912179 2.052837 1.581540
v 0.912179 1.732482 1.924046
v 0.912179 1.732482 1.546272
v 0.912179 2.052837 1.216691
v 0.912179 1.728074 1.216691
v 0.912179 1.422923 1.884369
v 0.912179 1.533366 1.132138
v 0.912179 2.079204 0.333343
v 0.912179 2.926230 1.941681
v 0.912179 2.926230 0.803052
v 0.912179 1.313574 1.328003
v 0.912179 2.322156 0.600721
v 0.912179 2.322156 1.216691
v 0.912179 2.322156 1.941681
v 0.912179 2.322156 1.581540
v 0.912179 2.926230 1.581540
v 0.912179 2.617455 1.941681
v 0.912179 2.617455 1.581540
v 0.912179 2.617455 0.701887
v 0.912179 2.926230 1.216691
v 0.912179 2.617455 1.216691
v 0.912179 1.225509 1.868792
v 0.000000 1.161022 2.423895
v 0.000000 1.419965 2.536137
v 0.000000 1.723796 2.648455
v 0.000000 2.065817 2.750466
v 0.000000 3.404756 2.284107
v 0.000000 3.324118 2.508442
v 0.000000 3.151168 2.692436
v 0.000000 2.921715 2.788614
v 0.000000 3.359731 0.885892
v 0.000000 3.427617 1.244246
v 0.000000 3.462626 1.580979
v 0.000000 3.449591 1.949723
v 0.000000 1.161407 1.046853
v 0.000000 1.381362 0.875046
v 0.000000 1.641527 0.606074
v 0.000000 1.805015 0.326470
v 0.000000 2.649984 2.810759
v 0.000000 2.336704 2.796796
v 0.000000 0.695815 1.764722
v 0.000000 0.756008 2.016975
v 0.000000 0.903945 2.243335
v 0.000000 1.037642 2.346351
v 0.000000 0.737905 1.508867
v 0.000000 0.869406 1.272663
v 0.000000 1.010077 1.147517
v 0.912179 1.087195 1.457542
v 0.778644 2.065817 2.750466
v 0.912179 2.063560 2.609803
v 0.845411 2.065515 2.731621
v 0.894288 2.064689 2.680134
v 0.912179 1.242626 2.319052
v 0.778644 1.161022 2.423895
v 0.894288 1.207604 2.372445
v 0.845411 1.176430 2.411359
v 0.778644 1.723796 2.648455
v 0.912179 1.725482 2.507880
v 0.845411 1.724022 2.629622
v 0.894288 1.724639 2.578167
v 0.778644 1.419965 2.536137
v 0.912179 1.420610 2.394017
v 0.845411 1.420052 2.517097
v 0.894288 1.420288 2.465077
v 0.912179 2.922462 2.648429
v 0.778644 2.921715 2.788614
v 0.894288 2.922089 2.718521
v 0.845411 2.921815 2.769832
v 0.912179 3.274129 2.252749
v 0.778644 3.404756 2.284107
v 0.894288 3.339442 2.268428
v 0.845411 3.387255 2.279906
v 0.912179 3.066000 2.588074
v 0.778644 3.151168 2.692436
v 0.894288 3.108584 2.640254
v 0.845411 3.139758 2.678454
v 0.912179 3.207833 2.437184
v 0.778644 3.324118 2.508442
v 0.894288 3.265976 2.472813
v 0.845411 3.308539 2.498896
v 0.912179 1.948505 0.298705
v 0.778644 1.805015 0.326470
v 0.894288 1.876760 0.312588
v 0.845411 1.824239 0.322751
v 0.778644 1.161407 1.046853
v 0.912179 1.229059 1.171849
v 0.845411 1.170471 1.063599
v 0.894288 1.195233 1.109351
v 0.778644 1.641527 0.606074
v 0.912179 1.666142 0.779738
v 0.845411 1.644825 0.629341
v 0.894288 1.653835 0.692906
v 0.778644 1.381362 0.875046
v 0.912179 1.453726 0.997439
v 0.845411 1.391057 0.891443
v 0.894288 1.417544 0.936242
v 0.778644 3.359731 0.885892
v 0.912179 3.217352 0.837277
v 0.845411 3.340656 0.879378
v 0.894288 3.288541 0.861584
v 0.912179 3.311578 1.953999
v 0.778644 3.449591 1.949723
v 0.894288 3.380584 1.951861
v 0.845411 3.431100 1.950296
v 0.912179 3.291210 1.234492
v 0.778644 3.427617 1.244246
v 0.894288 3.359413 1.239369
v 0.845411 3.409342 1.242939
v 0.912179 3.326975 1.581121
v 0.778644 3.462626 1.580979
v 0.894288 3.394800 1.581050
v 0.845411 3.444452 1.580999
v 0.912179 2.334324 2.656921
v 0.778644 2.336704 2.796796
v 0.894288 2.335514 2.726859
v 0.845411 2.336385 2.778056
v 0.778644 2.649984 2.810759
v 0.912179 2.644758 2.671144
v 0.845411 2.649284 2.792054
v 0.894288 2.647371 2.740952
v 0.912179 0.838064 1.795731
v 0.778644 0.695815 1.764722
v 0.894288 0.766940 1.780226
v 0.845411 0.714873 1.768877
v 0.912179 1.143101 2.250429
v 0.778644 1.037642 2.346351
v 0.894288 1.096735 2.307595
v 0.845411 1.060290 2.341216
v 0.912179 0.876815 1.957736
v 0.778644 0.756008 2.016975
v 0.894288 0.816411 1.987356
v 0.845411 0.772193 2.009039
v 0.912179 1.003356 2.151357
v 0.778644 0.903945 2.243335
v 0.894288 0.953650 2.197346
v 0.845411 0.917264 2.231012
v 0.912179 1.046294 1.293112
v 0.778644 1.010077 1.147517
v 0.894288 1.028185 1.220314
v 0.845411 1.014929 1.167023
v 0.912179 0.949571 1.379194
v 0.778644 0.869406 1.272663
v 0.894288 0.909489 1.325929
v 0.845411 0.880146 1.286936
v 0.778644 0.737905 1.508867
v 0.912179 0.889223 1.486632
v 0.845411 0.758178 1.505888
v 0.894288 0.813564 1.497749
v 0.912179 2.870815 0.401526
v 0.912179 2.597689 0.350943
v 0.912179 2.307421 0.300360
v 0.000000 3.258791 0.423107
v 0.912179 3.121447 0.398800
v 0.894288 3.190119 0.410953
v 0.845411 3.240390 0.419851
v 0.778644 3.258791 0.423107
v -0.912179 2.052837 -1.941681
v -0.912179 2.052837 -1.581540
v -0.912179 1.732482 -1.924046
v -0.912179 1.732482 -1.546272
v -0.912179 2.052837 -1.216691
v -0.912179 1.728074 -1.216691
v -0.912179 1.422923 -1.884369
v -0.912179 1.533366 -1.132138
v -0.912179 2.132083 0.000000
v -0.912179 2.815400 0.000000
v -0.912179 2.292687 0.000000
v -0.912179 2.577923 0.000000
v -0.912179 2.079204 -0.333343
v -0.912179 2.926230 -1.941681
v -0.912179 2.926230 -0.803052
v -0.912179 1.313574 -1.328003
v -0.912179 2.322156 -0.600721
v -0.912179 2.322156 -1.216691
v -0.912179 2.322156 -1.941681
v -0.912179 2.322156 -1.581540
v -0.912179 2.926230 -1.581540
v -0.912179 2.617455 -1.941681
v -0.912179 2.617455 -1.581540
v -0.912179 2.617455 -0.701887
v -0.912179 2.926230 -1.216691
v -0.912179 2.617455 -1.216691
v -0.912179 1.225509 -1.868792
v -0.912179 1.087195 -1.457542
v -0.778644 1.880571 0.000000
v -0.912179 2.017635 0.000000
v -0.845411 1.898934 0.000000
v -0.894288 1.949103 0.000000
v -0.912179 3.084759 0.000000
v -0.778644 3.217067 0.000000
v -0.894288 3.150913 0.000000
v -0.845411 3.199341 0.000000
v -0.778644 2.065817 -2.750466
v -0.912179 2.063560 -2.609803
v -0.845411 2.065515 -2.731621
v -0.894288 2.064689 -2.680134
v -0.912179 1.242626 -2.319052
v -0.778644 1.161022 -2.423895
v -0.894288 1.207604 -2.372445
v -0.845411 1.176430 -2.411359
v -0.778644 1.723796 -2.648455
v -0.912179 1.725482 -2.507880
v -0.845411 1.724022 -2.629622
v -0.894288 1.724639 -2.578167
v -0.778644 1.419965 -2.536137
v -0.912179 1.420610 -2.394017
v -0.845411 1.420052 -2.517097
v -0.894288 1.420288 -2.465077
v -0.912179 2.922462 -2.648429
v -0.778644 2.921715 -2.788614
v -0.894288 2.922089 -2.718521
v -0.845411 2.921815 -2.769832
v -0.912179 3.274129 -2.252749
v -0.778644 3.404756 -2.284107
v -0.894288 3.339442 -2.268428
v -0.845411 3.387255 -2.279906
v -0.912179 3.066000 -2.588074
v -0.778644 3.151168 -2.692436
v -0.894288 3.108584 -2.640254
v -0.845411 3.139758 -2.678454
v -0.912179 3.207833 -2.437184
v -0.778644 3.324118 -2.508442
v -0.894288 3.265976 -2.472813
v -0.845411 3.308539 -2.498896
v -0.912179 1.948505 -0.298705
v -0.778644 1.805015 -0.326470
v -0.894288 1.876760 -0.312588
v -0.845411 1.824239 -0.322751
v -0.778644 1.161407 -1.046853
v -0.912179 1.229059 -1.171849
v -0.845411 1.170471 -1.063599
v -0.894288 1.195233 -1.109351
v -0.778644 1.641527 -0.606074
v -0.912179 1.666142 -0.779738
v -0.845411 1.644825 -0.629341
v -0.894288 1.653835 -0.692906
v -0.778644 1.381362 -0.875046
v -0.912179 1.453726 -0.997439
v -0.845411 1.391057 -0.891443
v -0.894288 1.417544 -0.936242
v -0.778644 3.359731 -0.885892
v -0.912179 3.217352 -0.837277
v -0.845411 3.340656 -0.879378
v -0.894288 3.288541 -0.861584
v -0.912179 3.311578 -1.953999
v -0.778644 3.449591 -1.949723
v -0.894288 3.380584 -1.951861
v -0.845411 3.431100 -1.950296
v -0.912179 3.291210 -1.234492
v -0.778644 3.427617 -1.244246
v -0.894288 3.359413 -1.239369
v -0.845411 3.409342 -1.242939
v -0.912179 3.326975 -1.581121
v -0.778644 3.462626 -1.580979
v -0.894288 3.394800 -1.581050
v -0.845411 3.444452 -1.580999
v -0.912179 2.334324 -2.656921
v -0.778644 2.336704 -2.796796
v -0.894288 2.335514 -2.726859
v -0.845411 2.336385 -2.778056
v -0.778644 2.649984 -2.810759
v -0.912179 2.644758 -2.671144
v -0.845411 2.649284 -2.792054
v -0.894288 2.647371 -2.740952
v -0.912179 0.838064 -1.795731
v -0.778644 0.695815 -1.764722
v -0.894288 0.766940 -1.780226
v -0.845411 0.714873 -1.768877
v -0.912179 1.143101 -2.250429
v -0.778644 1.037642 -2.346351
v -0.894288 1.096735 -2.307595
v -0.845411 1.060290 -2.341216
v -0.912179 0.876815 -1.957736
v -0.778644 0.756008 -2.016975
v -0.894288 0.816411 -1.987356
v -0.845411 0.772193 -2.009039
v -0.912179 1.003356 -2.151357
v -0.778644 0.903945 -2.243335
v -0.894288 0.953650 -2.197346
v -0.845411 0.917264 -2.231012
v -0.912179 1.046294 -1.293112
v -0.778644 1.010077 -1.147517
v -0.894288 1.028185 -1.220314
v -0.845411 1.014929 -1.167023
v -0.912179 0.949571 -1.379194
v -0.778644 0.869406 -1.272663
v -0.894288 0.909489 -1.325929
v -0.845411 0.880146 -1.286936
v -0.778644 0.737905 -1.508867
v -0.912179 0.889223 -1.486632
v -0.845411 0.758178 -1.505888
v -0.894288 0.813564 -1.497749
v -0.912179 2.870815 -0.401526
v -0.912179 2.597689 -0.350943
v -0.912179 2.307421 -0.300360
v -0.912179 3.121447 -0.398800
v -0.894288 3.190119 -0.410953
v -0.845411 3.240390 -0.419851
v -0.778644 3.258791 -0.423107
v -0.912179 2.052837 1.941681
v -0.912179 2.052837 1.581540
v -0.912179 1.732482 1.924046
v -0.912179 1.732482 1.546272
v -0.912179 2.052837 1.216691
v -0.912179 1.728074 1.216691
v -0.912179 1.422923 1.884369
v -0.912179 1.533366 1.132138
v -0.912179 2.079204 0.333343
v -0.912179 2.926230 1.941681
v -0.912179 2.926230 0.803053
v -0.912179 1.313574 1.328003
v -0.912179 2.322156 0.600721
v -0.912179 2.322156 1.216691
v -0.912179 2.322156 1.941681
v -0.912179 2.322156 1.581540
v -0.912179 2.926230 1.581540
v -0.912179 2.617455 1.941681
v -0.912179 2.617455 1.581540
v -0.912179 2.617455 0.701887
v -0.912179 2.926230 1.216691
v -0.912179 2.617455 1.216691
v -0.912179 1.225509 1.868792
v -0.912179 1.087195 1.457542
v -0.778644 2.065817 2.750466
v -0.912178 2.063560 2.609803
v -0.845411 2.065515 2.731621
v -0.894288 2.064689 2.680134
v -0.912178 1.242626 2.319052
v -0.778644 1.161022 2.423895
v -0.894288 1.207604 2.372445
v -0.845411 1.176430 2.411359
v -0.778644 1.723796 2.648455
v -0.912178 1.725482 2.507880
v -0.845411 1.724022 2.629622
v -0.894288 1.724639 2.578167
v -0.778644 1.419965 2.536137
v -0.912178 1.420610 2.394017
v -0.845411 1.420052 2.517097
v -0.894288 1.420288 2.465077
v -0.912178 2.922462 2.648429
v -0.778644 2.921715 2.788614
v -0.894288 2.922089 2.718521
v -0.845411 2.921815 2.769832
v -0.912178 3.274129 2.252749
v -0.778644 3.404756 2.284107
v -0.894288 3.339442 2.268428
v -0.845411 3.387255 2.279906
v -0.912178 3.066000 2.588074
v -0.778644 3.151168 2.692436
v -0.894288 3.108584 2.640254
v -0.845411 3.139758 2.678454
v -0.912178 3.207833 2.437184
v -0.778644 3.324118 2.508442
v -0.894288 3.265976 2.472813
v -0.845411 3.308539 2.498896
v -0.912179 1.948505 0.298705
v -0.778644 1.805015 0.326470
v -0.894288 1.876760 0.312588
v -0.845411 1.824239 0.322751
v -0.778644 1.161407 1.046853
v -0.912179 1.229059 1.171849
v -0.845411 1.170471 1.063599
v -0.894288 1.195233 1.109351
v -0.778644 1.641527 0.606074
v -0.912179 1.666142 0.779738
v -0.845411 1.644825 0.629341
v -0.894288 1.653835 0.692906
v -0.778644 1.381362 0.875046
v -0.912179 1.453726 0.997439
v -0.845411 1.391057 0.891443
v -0.894288 1.417544 0.936242
v -0.778644 3.359731 0.885892
v -0.912179 3.217352 0.837277
v -0.845411 3.340656 0.879379
v -0.894288 3.288541 0.861584
v -0.912179 3.311578 1.953999
v -0.778644 3.449591 1.949723
v -0.894288 3.380584 1.951861
v -0.845411 3.431100 1.950296
v -0.912179 3.291210 1.234492
v -0.778644 3.427617 1.244246
v -0.894288 3.359413 1.239369
v -0.845411 3.409342 1.242939
v -0.912179 3.326975 1.581121
v -0.778644 3.462626 1.580979
v -0.894288 3.394800 1.581050
v -0.845411 3.444452 1.580999
v -0.912178 2.334324 2.656921
v -0.778644 2.336704 2.796796
v -0.894288 2.335514 2.726859
v -0.845411 2.336385 2.778056
v -0.778644 2.649984 2.810759
v -0.912178 2.644758 2.671144
v -0.845411 2.649284 2.792054
v -0.894288 2.647371 2.740952
v -0.912179 0.838064 1.795731
v -0.778644 0.695815 1.764722
v -0.894288 0.766940 1.780226
v -0.845411 0.714873 1.768877
v -0.912178 1.143101 2.250429
v -0.778644 1.037642 2.346351
v -0.894288 1.096735 2.307595
v -0.845411 1.060290 2.341216
v -0.912179 0.876815 1.957736
v -0.778644 0.756008 2.016975
v -0.894288 0.816411 1.987356
v -0.845411 0.772193 2.009039
v -0.912178 1.003356 2.151357
v -0.778644 0.903945 2.243335
v -0.894288 0.953650 2.197346
v -0.845411 0.917264 2.231012
v -0.912179 1.046294 1.293112
v -0.778644 1.010077 1.147517
v -0.894288 1.028185 1.220314
v -0.845411 1.014929 1.167023
v -0.912179 0.949571 1.379194
v -0.778644 0.869406 1.272663
v -0.894288 0.909489 1.325929
v -0.845411 0.880146 1.286936
v -0.778644 0.737905 1.508867
v -0.912179 0.889223 1.486632
v -0.845411 0.758178 1.505888
v -0.894288 0.813564 1.497749
v -0.912179 2.870815 0.401526
v -0.912179 2.597689 0.350943
v -0.912179 2.307421 0.300360
v -0.912179 3.121447 0.398800
v -0.894288 3.190119 0.410953
v -0.845411 3.240390 0.419851
v -0.778644 3.258791 0.423107
vt 0.765392 0.250973
vt 0.705425 0.250973
vt 0.705425 0.231526
vt 0.765392 0.231526
vt 0.765392 0.414372
vt 0.765392 0.447115
vt 0.705425 0.447115
vt 0.705425 0.414372
vt 0.051307 0.435373
vt 0.052731 0.384193
vt 0.075831 0.384879
vt 0.071158 0.438732
vt 0.058395 0.263999
vt 0.037919 0.263858
vt 0.040636 0.231073
vt 0.062949 0.231073
vt 0.705425 0.118566
vt 0.765392 0.118566
vt 0.765392 0.146053
vt 0.705425 0.146053
vt 0.765392 0.071883
vt 0.705425 0.071883
vt 0.705425 0.060661
vt 0.765392 0.060661
vt 0.135137 0.257024
vt 0.124056 0.259487
vt 0.120133 0.231073
vt 0.129990 0.231073
vt 0.705425 0.093619
vt 0.765392 0.093619
vt 0.118280 0.387144
vt 0.120024 0.359748
vt 0.144635 0.358891
vt 0.142421 0.387414
vt 0.121928 0.331473
vt 0.147253 0.333521
vt 0.327886 0.588611
vt 0.387853 0.588611
vt 0.387853 0.613556
vt 0.327886 0.613556
vt 0.327886 0.559792
vt 0.387853 0.559792
vt 0.155594 0.299153
vt 0.170664 0.318819
vt 0.163127 0.328696
vt 0.165596 0.386184
vt 0.178004 0.345806
vt 0.186160 0.334991
vt 0.100770 0.330295
vt 0.102975 0.280987
vt 0.099397 0.358575
vt 0.097993 0.385950
vt 0.076798 0.357637
vt 0.053249 0.357005
vt 0.053659 0.328945
vt 0.077680 0.329428
vt 0.053939 0.296387
vt 0.078781 0.288564
vt 0.765392 0.269332
vt 0.765392 0.295315
vt 0.705425 0.295315
vt 0.705425 0.269332
vt 0.041372 0.430499
vt 0.031615 0.419754
vt 0.026837 0.406674
vt 0.023845 0.384743
vt 0.030879 0.299201
vt 0.025440 0.330260
vt 0.765392 0.191368
vt 0.705425 0.191368
vt 0.705425 0.167217
vt 0.765392 0.167218
vt 0.022798 0.356735
vt 0.387853 0.538297
vt 0.327886 0.538297
vt 0.327886 0.524300
vt 0.387853 0.524300
vt 0.765392 0.377893
vt 0.705425 0.377893
vt 0.705425 0.349804
vt 0.765392 0.349804
vt 0.705425 0.323731
vt 0.765392 0.323731
vt 0.765392 0.212365
vt 0.705425 0.212365
vt 0.705425 0.006864
vt 0.765392 0.006864
vt 0.765392 0.026836
vt 0.705425 0.026836
vt 0.082607 0.231073
vt 0.080815 0.260017
vt 0.106462 0.231073
vt 0.104948 0.256221
vt 0.094076 0.439312
vt 0.140260 0.431196
vt 0.114433 0.437148
vt 0.207826 0.383525
vt 0.180127 0.386325
vt 0.193210 0.357732
vt 0.206866 0.361733
vt 0.327886 0.488979
vt 0.387853 0.488979
vt 0.387853 0.509799
vt 0.327886 0.509799
vt 0.705425 0.047662
vt 0.765392 0.047662
vt 0.176952 0.418842
vt 0.204206 0.394492
vt 0.194654 0.407498
vt 0.184430 0.414196
vt 0.198034 0.346381
vt 0.203786 0.353662
vt 0.327886 0.469010
vt 0.387853 0.469010
vt 0.163564 0.423870
vt 0.153175 0.258123
vt 0.164369 0.281824
vt 0.160248 0.285863
vt 0.147386 0.259107
vt 0.157467 0.291945
vt 0.141312 0.258548
vt 0.182273 0.306168
vt 0.178186 0.309937
vt 0.174354 0.314216
vt 0.197199 0.322431
vt 0.193369 0.326300
vt 0.189698 0.330534
vt 0.179447 0.423032
vt 0.163415 0.429365
vt 0.182322 0.427382
vt 0.163784 0.434760
vt 0.185200 0.431887
vt 0.165059 0.439957
vt 0.140054 0.436663
vt 0.140259 0.442053
vt 0.141192 0.447298
vt 0.114023 0.442572
vt 0.113930 0.447933
vt 0.114412 0.453228
vt 0.027358 0.422359
vt 0.021950 0.407905
vt 0.023066 0.425012
vt 0.016983 0.409219
vt 0.018693 0.427730
vt 0.011812 0.410644
vt 0.038180 0.434133
vt 0.034978 0.437938
vt 0.031646 0.442158
vt 0.050880 0.440552
vt 0.050108 0.445680
vt 0.048776 0.450756
vt 0.020003 0.330657
vt 0.025114 0.301171
vt 0.014590 0.330776
vt 0.019447 0.302357
vt 0.009203 0.330390
vt 0.013937 0.302184
vt 0.017474 0.356729
vt 0.012162 0.356694
vt 0.006864 0.356593
vt 0.018496 0.384625
vt 0.013160 0.384674
vt 0.007856 0.385007
vt 0.093335 0.455282
vt 0.069319 0.454483
vt 0.069905 0.449290
vt 0.093340 0.449987
vt 0.070529 0.444024
vt 0.093632 0.444671
vt 0.213041 0.382996
vt 0.208368 0.396893
vt 0.218182 0.382812
vt 0.212675 0.399278
vt 0.223236 0.383171
vt 0.217329 0.401713
vt 0.198150 0.411011
vt 0.201696 0.414526
vt 0.205333 0.418089
vt 0.187723 0.418597
vt 0.191162 0.422428
vt 0.195085 0.426165
vt 0.207308 0.350363
vt 0.212160 0.363166
vt 0.211188 0.347296
vt 0.217409 0.363945
vt 0.215684 0.344505
vt 0.222623 0.363648
vt 0.200486 0.341255
vt 0.203408 0.336584
vt 0.207062 0.332694
vt 0.032176 0.264904
vt 0.026498 0.265472
vt 0.020915 0.265204
vt 0.327886 0.639363
vt 0.387853 0.639363
vt 0.136148 0.231073
vt 0.142187 0.231073
vt 0.147951 0.231073
vt 0.029348 0.231073
vt 0.023777 0.231073
vt 0.034987 0.231073
vt 0.765392 0.828336
vt 0.765392 0.808889
vt 0.825358 0.808889
vt 0.825358 0.828336
vt 0.765392 0.479858
vt 0.705425 0.479858
vt 0.051307 0.026773
vt 0.071158 0.023414
vt 0.075831 0.077268
vt 0.052731 0.077953
vt 0.058395 0.198147
vt 0.037919 0.198288
vt 0.825358 0.695929
vt 0.825358 0.723416
vt 0.765392 0.723416
vt 0.765392 0.695929
vt 0.765392 0.649247
vt 0.765392 0.638024
vt 0.825358 0.638024
vt 0.825358 0.649247
vt 0.135137 0.205122
vt 0.124056 0.202659
vt 0.825358 0.670982
vt 0.765392 0.670982
vt 0.118280 0.075002
vt 0.142421 0.074732
vt 0.144636 0.103256
vt 0.120024 0.102398
vt 0.147253 0.128626
vt 0.121928 0.130673
vt 0.327886 0.690114
vt 0.327886 0.665170
vt 0.387853 0.665170
vt 0.387853 0.690114
vt 0.327886 0.718934
vt 0.387853 0.718934
vt 0.155594 0.162994
vt 0.163127 0.133450
vt 0.170664 0.143327
vt 0.165596 0.075962
vt 0.178004 0.116340
vt 0.186160 0.127156
vt 0.102975 0.181159
vt 0.100770 0.131851
vt 0.099397 0.103572
vt 0.097993 0.076196
vt 0.076798 0.104510
vt 0.053249 0.105141
vt 0.077680 0.132718
vt 0.053659 0.133201
vt 0.053939 0.165759
vt 0.078781 0.173582
vt 0.765392 0.846695
vt 0.825358 0.846695
vt 0.825358 0.872678
vt 0.765392 0.872678
vt 0.023845 0.077403
vt 0.026837 0.055472
vt 0.031615 0.042392
vt 0.041373 0.031647
vt 0.030879 0.162945
vt 0.025440 0.131886
vt 0.765392 0.768732
vt 0.765392 0.744581
vt 0.825358 0.744581
vt 0.825358 0.768732
vt 0.022798 0.105411
vt 0.387853 0.740429
vt 0.387853 0.754426
vt 0.327886 0.754426
vt 0.327886 0.740429
vt 0.765392 0.516337
vt 0.765392 0.544426
vt 0.705425 0.544426
vt 0.705425 0.516337
vt 0.765392 0.570499
vt 0.705425 0.570499
vt 0.765392 0.901094
vt 0.825358 0.901094
vt 0.765392 0.789728
vt 0.825358 0.789728
vt 0.825358 0.584227
vt 0.825358 0.604200
vt 0.765392 0.604200
vt 0.765392 0.584227
vt 0.080816 0.202129
vt 0.104948 0.205925
vt 0.094077 0.022834
vt 0.114433 0.024998
vt 0.140260 0.030950
vt 0.207826 0.078622
vt 0.206866 0.100414
vt 0.193210 0.104414
vt 0.180127 0.075821
vt 0.327886 0.789746
vt 0.327886 0.768926
vt 0.387853 0.768926
vt 0.387853 0.789746
vt 0.825358 0.625025
vt 0.765392 0.625025
vt 0.176953 0.043304
vt 0.184430 0.047950
vt 0.194654 0.054648
vt 0.204206 0.067654
vt 0.203786 0.108484
vt 0.198034 0.115765
vt 0.327886 0.809716
vt 0.387853 0.809716
vt 0.163564 0.038276
vt 0.153175 0.204023
vt 0.147386 0.203039
vt 0.160248 0.176283
vt 0.164369 0.180322
vt 0.141312 0.203599
vt 0.157467 0.170201
vt 0.178186 0.152209
vt 0.182273 0.155978
vt 0.174354 0.147930
vt 0.193369 0.135846
vt 0.197199 0.139715
vt 0.189698 0.131612
vt 0.163415 0.032781
vt 0.179447 0.039114
vt 0.163784 0.027387
vt 0.182323 0.034764
vt 0.165059 0.022189
vt 0.185201 0.030259
vt 0.140054 0.025484
vt 0.140260 0.020093
vt 0.141193 0.014848
vt 0.114023 0.019574
vt 0.113931 0.014213
vt 0.114412 0.008918
vt 0.021950 0.054241
vt 0.027358 0.039787
vt 0.016983 0.052927
vt 0.023066 0.037134
vt 0.011813 0.051502
vt 0.018693 0.034416
vt 0.038180 0.028013
vt 0.034979 0.024208
vt 0.031646 0.019989
vt 0.050880 0.021594
vt 0.050108 0.016466
vt 0.048776 0.011391
vt 0.025114 0.160975
vt 0.020003 0.131489
vt 0.019447 0.159789
vt 0.014590 0.131370
vt 0.013937 0.159962
vt 0.009203 0.131756
vt 0.017474 0.105417
vt 0.012162 0.105452
vt 0.006864 0.105553
vt 0.018497 0.077521
vt 0.013160 0.077472
vt 0.007856 0.077139
vt 0.093335 0.006864
vt 0.093340 0.012159
vt 0.069905 0.012856
vt 0.069320 0.007663
vt 0.093632 0.017475
vt 0.070529 0.018122
vt 0.208368 0.065253
vt 0.213041 0.079150
vt 0.212675 0.062868
vt 0.218182 0.079334
vt 0.217329 0.060433
vt 0.223236 0.078975
vt 0.198150 0.051135
vt 0.201696 0.047621
vt 0.205333 0.044057
vt 0.187723 0.043549
vt 0.191162 0.039718
vt 0.195085 0.035982
vt 0.212160 0.098980
vt 0.207308 0.111783
vt 0.217409 0.098201
vt 0.211188 0.114850
vt 0.222623 0.098498
vt 0.215684 0.117642
vt 0.200486 0.120891
vt 0.203408 0.125562
vt 0.207062 0.129452
vt 0.032176 0.197242
vt 0.026498 0.196674
vt 0.020915 0.196942
vt 0.825358 0.231526
vt 0.825358 0.250973
vt 0.825358 0.414372
vt 0.825358 0.447115
vt 0.281407 0.026773
vt 0.301259 0.023414
vt 0.305932 0.077268
vt 0.282832 0.077953
vt 0.288496 0.198147
vt 0.293050 0.231073
vt 0.270737 0.231073
vt 0.268019 0.198288
vt 0.825358 0.118566
vt 0.825358 0.146053
vt 0.825358 0.060661
vt 0.825358 0.071884
vt 0.365237 0.205122
vt 0.360090 0.231073
vt 0.350233 0.231073
vt 0.354157 0.202659
vt 0.825358 0.093619
vt 0.348380 0.075002
vt 0.372521 0.074732
vt 0.374736 0.103255
vt 0.350124 0.102398
vt 0.377353 0.128626
vt 0.352028 0.130673
vt 0.267920 0.613555
vt 0.267920 0.588611
vt 0.267920 0.559792
vt 0.385694 0.162993
vt 0.393228 0.133450
vt 0.400765 0.143327
vt 0.395696 0.075962
vt 0.408104 0.116340
vt 0.416260 0.127156
vt 0.333075 0.181159
vt 0.330870 0.131851
vt 0.329497 0.103572
vt 0.328093 0.076196
vt 0.306899 0.104509
vt 0.283349 0.105141
vt 0.307780 0.132718
vt 0.283760 0.133201
vt 0.284040 0.165759
vt 0.308881 0.173582
vt 0.825358 0.269332
vt 0.825358 0.295315
vt 0.253945 0.077403
vt 0.256937 0.055472
vt 0.261715 0.042392
vt 0.271473 0.031647
vt 0.260979 0.162945
vt 0.255541 0.131886
vt 0.825358 0.167218
vt 0.825358 0.191368
vt 0.252898 0.105411
vt 0.267920 0.538297
vt 0.267920 0.524300
vt 0.825358 0.349804
vt 0.825358 0.377893
vt 0.825358 0.323731
vt 0.825358 0.212365
vt 0.825358 0.006864
vt 0.825358 0.026836
vt 0.310916 0.202129
vt 0.312707 0.231073
vt 0.335048 0.205925
vt 0.336563 0.231073
vt 0.324177 0.022834
vt 0.344533 0.024998
vt 0.370360 0.030950
vt 0.437926 0.078622
vt 0.436966 0.100414
vt 0.423310 0.104414
vt 0.410228 0.075821
vt 0.267920 0.509799
vt 0.267920 0.488979
vt 0.825358 0.047662
vt 0.407053 0.043304
vt 0.414531 0.047950
vt 0.424754 0.054648
vt 0.434307 0.067654
vt 0.433886 0.108484
vt 0.428134 0.115765
vt 0.267920 0.469010
vt 0.393664 0.038276
vt 0.383275 0.204023
vt 0.377486 0.203039
vt 0.390348 0.176283
vt 0.394469 0.180322
vt 0.371412 0.203598
vt 0.387567 0.170201
vt 0.408287 0.152209
vt 0.412373 0.155978
vt 0.404454 0.147930
vt 0.423469 0.135846
vt 0.427299 0.139715
vt 0.419798 0.131612
vt 0.393516 0.032781
vt 0.409547 0.039114
vt 0.393885 0.027387
vt 0.412423 0.034764
vt 0.395160 0.022189
vt 0.415301 0.030259
vt 0.370154 0.025484
vt 0.370360 0.020093
vt 0.371293 0.014848
vt 0.344123 0.019574
vt 0.344031 0.014213
vt 0.344512 0.008918
vt 0.252051 0.054241
vt 0.257458 0.039787
vt 0.247083 0.052927
vt 0.253167 0.037134
vt 0.241913 0.051502
vt 0.248794 0.034416
vt 0.268280 0.028013
vt 0.265079 0.024208
vt 0.261746 0.019989
vt 0.280980 0.021594
vt 0.280209 0.016466
vt 0.278876 0.011391
vt 0.255214 0.160975
vt 0.250103 0.131489
vt 0.249547 0.159789
vt 0.244690 0.131370
vt 0.244038 0.159962
vt 0.239303 0.131756
vt 0.247574 0.105417
vt 0.242262 0.105452
vt 0.236964 0.105553
vt 0.248597 0.077521
vt 0.243260 0.077472
vt 0.237956 0.077139
vt 0.323435 0.006864
vt 0.323440 0.012159
vt 0.300005 0.012856
vt 0.299420 0.007663
vt 0.323733 0.017475
vt 0.300629 0.018122
vt 0.438468 0.065253
vt 0.443141 0.079150
vt 0.442775 0.062868
vt 0.448282 0.079334
vt 0.447429 0.060433
vt 0.453337 0.078975
vt 0.428250 0.051135
vt 0.431797 0.047621
vt 0.435433 0.044057
vt 0.417823 0.043549
vt 0.421262 0.039718
vt 0.425185 0.035982
vt 0.442260 0.098980
vt 0.437408 0.111783
vt 0.447509 0.098201
vt 0.441289 0.114850
vt 0.452723 0.098498
vt 0.445784 0.117642
vt 0.430586 0.120891
vt 0.433508 0.125562
vt 0.437162 0.129452
vt 0.262276 0.197242
vt 0.256598 0.196674
vt 0.251015 0.196942
vt 0.267920 0.639363
vt 0.366248 0.231073
vt 0.372287 0.231073
vt 0.378052 0.231073
vt 0.259448 0.231073
vt 0.253877 0.231073
vt 0.265087 0.231073
vt 0.705425 0.828336
vt 0.705425 0.808889
vt 0.825358 0.479858
vt 0.281407 0.435373
vt 0.282832 0.384193
vt 0.305932 0.384879
vt 0.301259 0.438732
vt 0.288496 0.263999
vt 0.268019 0.263858
vt 0.705425 0.695929
vt 0.705425 0.723416
vt 0.705425 0.649247
vt 0.705425 0.638024
vt 0.365237 0.257024
vt 0.354157 0.259487
vt 0.705425 0.670982
vt 0.348380 0.387144
vt 0.350124 0.359748
vt 0.374736 0.358891
vt 0.372521 0.387414
vt 0.352028 0.331473
vt 0.377353 0.333521
vt 0.267920 0.690114
vt 0.267920 0.665170
vt 0.267920 0.718934
vt 0.385694 0.299153
vt 0.400765 0.318819
vt 0.393228 0.328696
vt 0.395696 0.386184
vt 0.408104 0.345806
vt 0.416260 0.334990
vt 0.330870 0.330295
vt 0.333075 0.280987
vt 0.329497 0.358575
vt 0.328093 0.385950
vt 0.306899 0.357637
vt 0.283349 0.357005
vt 0.283760 0.328945
vt 0.307780 0.329428
vt 0.284040 0.296387
vt 0.308881 0.288564
vt 0.705425 0.872678
vt 0.705425 0.846695
vt 0.271473 0.430499
vt 0.261715 0.419754
vt 0.256937 0.406674
vt 0.253945 0.384743
vt 0.260979 0.299201
vt 0.255541 0.330260
vt 0.705425 0.768732
vt 0.705425 0.744581
vt 0.252898 0.356735
vt 0.267920 0.740429
vt 0.267920 0.754426
vt 0.825358 0.516337
vt 0.825358 0.544426
vt 0.825358 0.570499
vt 0.705425 0.901094
vt 0.705425 0.789728
vt 0.705425 0.584227
vt 0.705425 0.604200
vt 0.310916 0.260017
vt 0.335048 0.256221
vt 0.324177 0.439312
vt 0.370360 0.431196
vt 0.344533 0.437148
vt 0.437926 0.383525
vt 0.410228 0.386325
vt 0.423310 0.357732
vt 0.436966 0.361733
vt 0.267920 0.789746
vt 0.267920 0.768926
vt 0.705425 0.625025
vt 0.407053 0.418842
vt 0.434307 0.394492
vt 0.424754 0.407498
vt 0.414531 0.414196
vt 0.428134 0.346381
vt 0.433886 0.353662
vt 0.267920 0.809716
vt 0.393664 0.423870
vt 0.383275 0.258123
vt 0.394469 0.281824
vt 0.390348 0.285863
vt 0.377486 0.259107
vt 0.387567 0.291945
vt 0.371412 0.258548
vt 0.412373 0.306168
vt 0.408287 0.309937
vt 0.404454 0.314216
vt 0.427299 0.322431
vt 0.423469 0.326300
vt 0.419798 0.330534
vt 0.409547 0.423032
vt 0.393516 0.429365
vt 0.412423 0.427382
vt 0.393885 0.434760
vt 0.415301 0.431887
vt 0.395159 0.439957
vt 0.370154 0.436663
vt 0.370360 0.442053
vt 0.371293 0.447298
vt 0.344123 0.442572
vt 0.344031 0.447933
vt 0.344512 0.453228
vt 0.257458 0.422359
vt 0.252050 0.407905
vt 0.253166 0.425012
vt 0.247083 0.409219
vt 0.248793 0.427730
vt 0.241913 0.410644
vt 0.268280 0.434133
vt 0.265079 0.437938
vt 0.261746 0.442158
vt 0.280980 0.440552
vt 0.280209 0.445680
vt 0.278876 0.450755
vt 0.250103 0.330657
vt 0.255214 0.301171
vt 0.244690 0.330776
vt 0.249547 0.302357
vt 0.239303 0.330390
vt 0.244038 0.302184
vt 0.247574 0.356729
vt 0.242262 0.356694
vt 0.236964 0.356593
vt 0.248597 0.384625
vt 0.243260 0.384674
vt 0.237956 0.385007
vt 0.323435 0.455282
vt 0.299420 0.454483
vt 0.300005 0.449290
vt 0.323440 0.449987
vt 0.300629 0.444024
vt 0.323732 0.444671
vt 0.443141 0.382996
vt 0.438468 0.396893
vt 0.448282 0.382812
vt 0.442775 0.399278
vt 0.453337 0.383171
vt 0.447429 0.401713
vt 0.428250 0.411011
vt 0.431797 0.414526
vt 0.435433 0.418089
vt 0.417823 0.418597
vt 0.421262 0.422428
vt 0.425185 0.426165
vt 0.437408 0.350363
vt 0.442260 0.363166
vt 0.441289 0.347296
vt 0.447509 0.363945
vt 0.445784 0.344504
vt 0.452723 0.363648
vt 0.430586 0.341255
vt 0.433508 0.336584
vt 0.437162 0.332694
vt 0.262276 0.264904
vt 0.256598 0.265472
vt 0.251015 0.265204
vn 0.0000 0.8526 -0.5225
vn 0.1309 0.8453 -0.5180
vn 0.1290 0.5663 -0.8140
vn 0.0000 0.5701 -0.8216
vn 0.0000 0.9878 0.1559
vn 0.0000 1.0000 0.0000
vn 0.1317 0.9913 0.0000
vn 0.1288 0.9793 0.1561
vn 0.9899 0.0374 -0.1368
vn 1.0000 0.0000 0.0000
vn 0.9915 0.0022 -0.1299
vn 0.9919 0.1259 0.0180
vn 0.9924 0.1229 0.0000
vn 0.1305 -0.3130 -0.9407
vn 0.0000 -0.3164 -0.9486
vn 0.0000 -0.2276 -0.9737
vn 0.1327 -0.2245 -0.9654
vn 0.0000 -0.4663 -0.8846
vn 0.1276 -0.4629 -0.8772
vn 0.1290 -0.5683 -0.8126
vn 0.0000 -0.5719 -0.8203
vn 0.9922 -0.1175 0.0405
vn 0.9940 -0.1091 0.0000
vn 0.1289 -0.3685 -0.9206
vn 0.0000 -0.3724 -0.9281
vn 0.0000 -0.7967 0.6043
vn 0.1211 -0.7963 0.5927
vn 0.1208 -0.9197 0.3736
vn 0.0000 -0.9293 0.3693
vn 0.0000 -0.6688 0.7434
vn 0.1368 -0.6633 0.7357
vn 0.9924 -0.0938 0.0797
vn 0.9928 -0.0790 0.0897
vn 0.9926 -0.0703 0.0984
vn 0.0000 0.9715 -0.2369
vn 0.0000 0.9964 -0.0842
vn 0.1322 0.9877 -0.0830
vn 0.1307 0.9632 -0.2347
vn 0.9891 0.0823 -0.1217
vn 0.9895 0.1230 -0.0754
vn 0.9904 0.1342 -0.0323
vn 0.9913 0.1312 -0.0114
vn 0.9908 0.1325 0.0276
vn 0.9909 0.1327 0.0200
vn 0.0000 0.0184 -0.9998
vn 0.1356 0.0183 -0.9906
vn 0.1348 -0.1052 -0.9853
vn 0.0000 -0.1068 -0.9943
vn 0.9910 0.1339 0.0045
vn 0.1379 -0.5798 0.8030
vn 0.0000 -0.5851 0.8109
vn 0.0000 -0.6107 0.7918
vn 0.1336 -0.6033 0.7862
vn 0.0000 0.9799 0.1996
vn 0.1274 0.9720 0.1973
vn 0.1299 0.9812 0.1429
vn 0.0000 0.9894 0.1449
vn 0.1321 0.9907 0.0335
vn 0.0000 0.9994 0.0341
vn 0.0000 0.2368 -0.9715
vn 0.1313 0.2318 -0.9638
vn 0.1355 -0.9903 -0.0313
vn 0.0000 -0.9994 -0.0356
vn 0.0000 -0.9185 -0.3954
vn 0.1295 -0.9105 -0.3927
vn 0.9914 -0.0148 -0.1299
vn 0.9911 -0.0432 -0.1259
vn 0.9911 -0.0318 -0.1291
vn 0.9901 -0.1402 -0.0102
vn 0.9891 -0.1357 0.0569
vn 0.0000 -0.9442 0.3292
vn 0.1314 -0.9383 0.3200
vn 0.1249 -0.7721 0.6231
vn 0.0000 -0.7801 0.6256
vn 0.1305 -0.7277 -0.6733
vn 0.0000 -0.7340 -0.6791
vn 0.9902 -0.0644 -0.1239
vn 0.9896 -0.1323 -0.0560
vn 0.9901 -0.1023 -0.0961
vn 0.9919 -0.0714 -0.1045
vn 0.9910 -0.0836 0.1043
vn 0.9887 -0.1197 0.0904
vn 0.9908 -0.0511 -0.1255
vn 0.4762 -0.7068 0.5230
vn 0.4774 -0.8124 0.3346
vn 0.8617 -0.4012 0.3106
vn 0.8610 -0.4734 0.1857
vn 0.5193 -0.5720 0.6348
vn 0.8789 -0.3177 0.3557
vn 0.5208 -0.4996 0.6922
vn 0.8787 -0.2787 0.3876
vn 0.8600 -0.2323 -0.4542
vn 0.8613 -0.1905 -0.4710
vn 0.4910 -0.4000 -0.7739
vn 0.4946 -0.3233 -0.8067
vn 0.8641 -0.1608 -0.4769
vn 0.4986 -0.2740 -0.8223
vn 0.8657 -0.1159 -0.4868
vn 0.5030 -0.1961 -0.8417
vn 0.8556 0.4413 -0.2704
vn 0.8605 0.4951 -0.1200
vn 0.4926 0.7420 -0.4547
vn 0.4960 0.8437 -0.2052
vn 0.8521 0.2964 -0.4313
vn 0.4874 0.4984 -0.7169
vn 0.8580 0.1268 -0.4977
vn 0.4956 0.2039 -0.8443
vn 0.8627 0.5003 0.0737
vn 0.8601 0.4997 0.1022
vn 0.4967 0.8589 0.1248
vn 0.4913 0.8536 0.1730
vn 0.8645 0.5022 0.0168
vn 0.5011 0.8649 0.0289
vn 0.8661 0.4980 -0.0424
vn 0.5024 0.8616 -0.0723
vn 0.5103 0.0158 -0.8598
vn 0.5083 -0.0917 -0.8563
vn 0.8701 0.0088 -0.4928
vn 0.8689 -0.0540 -0.4919
vn 0.8621 -0.5061 -0.0255
vn 0.8549 -0.4769 -0.2040
vn 0.5045 -0.8629 -0.0287
vn 0.4901 -0.8004 -0.3451
vn 0.8583 -0.3762 -0.3490
vn 0.4929 -0.6387 -0.5909
vn 0.8633 -0.2821 -0.4183
vn 0.4944 -0.4904 -0.7177
vn 0.8468 -0.4184 0.3284
vn 0.8548 -0.4857 0.1827
vn 0.4784 -0.6836 0.5511
vn 0.4956 -0.8213 0.2825
vn 0.8661 -0.3077 0.3938
vn 0.5053 -0.5255 0.6845
vn 0.8671 0.4924 0.0757
vn 0.4979 0.8564 0.1366
vn 0.0000 -1.0000 0.0000
vn 0.1364 -0.9906 0.0000
vn 0.8866 -0.4625 0.0000
vn 0.5257 -0.8506 0.0000
vn 0.5073 0.8618 0.0000
vn 0.8730 0.4877 0.0000
vn 0.0000 0.8526 0.5225
vn 0.0000 0.5701 0.8216
vn 0.1290 0.5663 0.8140
vn 0.1309 0.8453 0.5180
vn 0.0000 0.9878 -0.1559
vn 0.1288 0.9793 -0.1561
vn 0.9899 0.0374 0.1368
vn 0.9915 0.0022 0.1299
vn 0.9919 0.1259 -0.0180
vn 0.1305 -0.3130 0.9407
vn 0.1327 -0.2245 0.9654
vn 0.0000 -0.2276 0.9737
vn 0.0000 -0.3164 0.9486
vn 0.0000 -0.4663 0.8846
vn 0.0000 -0.5719 0.8203
vn 0.1290 -0.5683 0.8126
vn 0.1276 -0.4629 0.8772
vn 0.9922 -0.1175 -0.0405
vn 0.1289 -0.3685 0.9206
vn 0.0000 -0.3724 0.9281
vn 0.0000 -0.7967 -0.6043
vn 0.0000 -0.9293 -0.3693
vn 0.1208 -0.9197 -0.3736
vn 0.1211 -0.7963 -0.5927
vn 0.0000 -0.6688 -0.7434
vn 0.1368 -0.6633 -0.7357
vn 0.9924 -0.0938 -0.0797
vn 0.9928 -0.0790 -0.0897
vn 0.9926 -0.0703 -0.0984
vn 0.0000 0.9715 0.2369
vn 0.1307 0.9632 0.2347
vn 0.1322 0.9877 0.0830
vn 0.0000 0.9964 0.0842
vn 0.9913 0.1312 0.0114
vn 0.9904 0.1342 0.0323
vn 0.9895 0.1230 0.0754
vn 0.9891 0.0823 0.1217
vn 0.9908 0.1325 -0.0276
vn 0.9909 0.1327 -0.0200
vn 0.0000 0.0184 0.9998
vn 0.0000 -0.1068 0.9943
vn 0.1348 -0.1052 0.9853
vn 0.1356 0.0183 0.9906
vn 0.9910 0.1339 -0.0045
vn 0.1379 -0.5798 -0.8030
vn 0.1336 -0.6033 -0.7862
vn 0.0000 -0.6107 -0.7918
vn 0.0000 -0.5851 -0.8109
vn 0.0000 0.9799 -0.1996
vn 0.0000 0.9894 -0.1449
vn 0.1299 0.9812 -0.1429
vn 0.1274 0.9720 -0.1973
vn 0.0000 0.9994 -0.0341
vn 0.1321 0.9907 -0.0335
vn 0.0000 0.2368 0.9715
vn 0.1313 0.2318 0.9638
vn 0.1355 -0.9903 0.0313
vn 0.1295 -0.9105 0.3927
vn 0.0000 -0.9185 0.3954
vn 0.0000 -0.9994 0.0356
vn 0.9914 -0.0148 0.1299
vn 0.9911 -0.0318 0.1291
vn 0.9911 -0.0432 0.1259
vn 0.9901 -0.1402 0.0102
vn 0.9891 -0.1357 -0.0569
vn 0.0000 -0.9442 -0.3292
vn 0.0000 -0.7801 -0.6256
vn 0.1249 -0.7721 -0.6231
vn 0.1314 -0.9383 -0.3200
vn 0.1305 -0.7277 0.6733
vn 0.0000 -0.7340 0.6791
vn 0.9902 -0.0644 0.1239
vn 0.9919 -0.0714 0.1045
vn 0.9901 -0.1023 0.0961
vn 0.9896 -0.1323 0.0560
vn 0.9887 -0.1197 -0.0904
vn 0.9910 -0.0836 -0.1043
vn 0.9908 -0.0511 0.1255
vn 0.4774 -0.8124 -0.3346
vn 0.4762 -0.7068 -0.5230
vn 0.8610 -0.4734 -0.1857
vn 0.8617 -0.4012 -0.3106
vn 0.5193 -0.5720 -0.6348
vn 0.8789 -0.3177 -0.3557
vn 0.5208 -0.4996 -0.6922
vn 0.8787 -0.2787 -0.3876
vn 0.8613 -0.1905 0.4710
vn 0.8600 -0.2323 0.4542
vn 0.4946 -0.3233 0.8067
vn 0.4910 -0.4000 0.7739
vn 0.8641 -0.1608 0.4769
vn 0.4986 -0.2740 0.8223
vn 0.8657 -0.1159 0.4868
vn 0.5030 -0.1961 0.8417
vn 0.8605 0.4951 0.1200
vn 0.8556 0.4413 0.2704
vn 0.4960 0.8437 0.2052
vn 0.4926 0.7420 0.4547
vn 0.8521 0.2964 0.4313
vn 0.4874 0.4984 0.7169
vn 0.8580 0.1268 0.4977
vn 0.4956 0.2039 0.8443
vn 0.8601 0.4997 -0.1022
vn 0.8627 0.5003 -0.0737
vn 0.4913 0.8536 -0.1730
vn 0.4967 0.8589 -0.1248
vn 0.8645 0.5022 -0.0168
vn 0.5011 0.8649 -0.0289
vn 0.8661 0.4980 0.0424
vn 0.5024 0.8616 0.0723
vn 0.5083 -0.0917 0.8563
vn 0.5103 0.0158 0.8598
vn 0.8689 -0.0540 0.4919
vn 0.8701 0.0088 0.4928
vn 0.8549 -0.4769 0.2040
vn 0.8621 -0.5061 0.0255
vn 0.4901 -0.8004 0.3451
vn 0.5045 -0.8629 0.0287
vn 0.8583 -0.3762 0.3490
vn 0.4929 -0.6387 0.5909
vn 0.8633 -0.2821 0.4183
vn 0.4944 -0.4904 0.7177
vn 0.8548 -0.4857 -0.1827
vn 0.8468 -0.4184 -0.3284
vn 0.4956 -0.8213 -0.2825
vn 0.4784 -0.6836 -0.5511
vn 0.8661 -0.3077 -0.3938
vn 0.5053 -0.5255 -0.6845
vn 0.8671 0.4924 -0.0757
vn 0.4979 0.8564 -0.1366
vn -0.1290 0.5663 -0.8140
vn -0.1309 0.8453 -0.5180
vn -0.1288 0.9793 0.1561
vn -0.1317 0.9913 0.0000
vn -0.9899 0.0374 -0.1368
vn -0.9915 0.0022 -0.1299
vn -1.0000 0.0000 0.0000
vn -0.9924 0.1229 0.0000
vn -0.9919 0.1259 0.0180
vn -0.1305 -0.3130 -0.9407
vn -0.1327 -0.2245 -0.9654
vn -0.1290 -0.5683 -0.8126
vn -0.1276 -0.4629 -0.8772
vn -0.9922 -0.1175 0.0405
vn -0.9940 -0.1091 0.0000
vn -0.1289 -0.3685 -0.9206
vn -0.1208 -0.9197 0.3736
vn -0.1211 -0.7963 0.5927
vn -0.1368 -0.6633 0.7357
vn -0.9924 -0.0938 0.0797
vn -0.9928 -0.0790 0.0897
vn -0.9926 -0.0703 0.0984
vn -0.1307 0.9632 -0.2347
vn -0.1322 0.9877 -0.0830
vn -0.9913 0.1312 -0.0114
vn -0.9904 0.1342 -0.0323
vn -0.9895 0.1230 -0.0754
vn -0.9891 0.0823 -0.1217
vn -0.9908 0.1325 0.0276
vn -0.9909 0.1327 0.0200
vn -0.1348 -0.1052 -0.9853
vn -0.1356 0.0183 -0.9906
vn -0.9910 0.1339 0.0045
vn -0.1379 -0.5798 0.8030
vn -0.1336 -0.6033 0.7862
vn -0.1299 0.9812 0.1429
vn -0.1274 0.9720 0.1973
vn -0.1321 0.9907 0.0335
vn -0.1313 0.2318 -0.9638
vn -0.1355 -0.9903 -0.0313
vn -0.1295 -0.9105 -0.3927
vn -0.9914 -0.0148 -0.1299
vn -0.9911 -0.0318 -0.1291
vn -0.9911 -0.0432 -0.1259
vn -0.9901 -0.1402 -0.0102
vn -0.9891 -0.1357 0.0569
vn -0.1249 -0.7721 0.6231
vn -0.1314 -0.9383 0.3200
vn -0.1305 -0.7277 -0.6733
vn -0.9902 -0.0644 -0.1239
vn -0.9919 -0.0714 -0.1045
vn -0.9901 -0.1023 -0.0961
vn -0.9896 -0.1323 -0.0560
vn -0.9887 -0.1197 0.0904
vn -0.9910 -0.0836 0.1043
vn -0.9908 -0.0511 -0.1255
vn -0.4774 -0.8124 0.3346
vn -0.4762 -0.7068 0.5230
vn -0.8610 -0.4734 0.1857
vn -0.8617 -0.4012 0.3106
vn -0.5193 -0.5720 0.6348
vn -0.8789 -0.3177 0.3557
vn -0.5208 -0.4996 0.6922
vn -0.8787 -0.2787 0.3876
vn -0.8613 -0.1905 -0.4710
vn -0.8600 -0.2323 -0.4542
vn -0.4946 -0.3233 -0.8067
vn -0.4910 -0.4000 -0.7739
vn -0.8641 -0.1608 -0.4769
vn -0.4986 -0.2740 -0.8223
vn -0.8657 -0.1159 -0.4868
vn -0.5030 -0.1961 -0.8417
vn -0.8605 0.4951 -0.1200
vn -0.8556 0.4413 -0.2704
vn -0.4960 0.8437 -0.2052
vn -0.4926 0.7420 -0.4547
vn -0.8521 0.2964 -0.4313
vn -0.4874 0.4984 -0.7169
vn -0.8580 0.1268 -0.4977
vn -0.4956 0.2039 -0.8443
vn -0.8601 0.4997 0.1022
vn -0.8627 0.5003 0.0737
vn -0.4913 0.8536 0.1730
vn -0.4967 0.8589 0.1248
vn -0.8645 0.5022 0.0168
vn -0.5011 0.8649 0.0289
vn -0.8661 0.4980 -0.0424
vn -0.5024 0.8616 -0.0723
vn -0.5083 -0.0917 -0.8563
vn -0.5103 0.0158 -0.8598
vn -0.8689 -0.0540 -0.4919
vn -0.8701 0.0088 -0.4928
vn -0.8549 -0.4769 -0.2040
vn -0.8621 -0.5061 -0.0255
vn -0.4901 -0.8004 -0.3451
vn -0.5045 -0.8629 -0.0287
vn -0.8583 -0.3762 -0.3490
vn -0.4929 -0.6387 -0.5909
vn -0.8633 -0.2821 -0.4183
vn -0.4944 -0.4904 -0.7177
vn -0.8548 -0.4857 0.1827
vn -0.8468 -0.4184 0.3284
vn -0.4956 -0.8213 0.2825
vn -0.4784 -0.6836 0.5511
vn -0.8661 -0.3077 0.3938
vn -0.5053 -0.5255 0.6845
vn -0.8671 0.4924 0.0757
vn -0.4979 0.8564 0.1366
vn -0.1364 -0.9906 0.0000
vn -0.8866 -0.4625 0.0000
vn -0.5257 -0.8506 0.0000
vn -0.5073 0.8618 0.0000
vn -0.8730 0.4877 0.0000
vn -0.1309 0.8453 0.5180
vn -0.1290 0.5663 0.8140
vn -0.1288 0.9793 -0.1561
vn -0.9899 0.0374 0.1368
vn -0.9915 0.0022 0.1299
vn -0.9919 0.1259 -0.0180
vn -0.1305 -0.3130 0.9407
vn -0.1327 -0.2245 0.9654
vn -0.1276 -0.4629 0.8772
vn -0.1290 -0.5683 0.8126
vn -0.9922 -0.1175 -0.0405
vn -0.1289 -0.3685 0.9206
vn -0.1211 -0.7963 -0.5927
vn -0.1208 -0.9197 -0.3736
vn -0.1368 -0.6633 -0.7357
vn -0.9924 -0.0938 -0.0797
vn -0.9928 -0.0790 -0.0897
vn -0.9926 -0.0703 -0.0984
vn -0.1322 0.9877 0.0830
vn -0.1307 0.9632 0.2347
vn -0.9891 0.0823 0.1217
vn -0.9895 0.1230 0.0754
vn -0.9904 0.1342 0.0323
vn -0.9913 0.1312 0.0114
vn -0.9908 0.1325 -0.0276
vn -0.9909 0.1327 -0.0200
vn -0.1356 0.0183 0.9906
vn -0.1348 -0.1052 0.9853
vn -0.9910 0.1339 -0.0045
vn -0.1379 -0.5798 -0.8030
vn -0.1336 -0.6033 -0.7862
vn -0.1274 0.9720 -0.1973
vn -0.1299 0.9812 -0.1429
vn -0.1321 0.9907 -0.0335
vn -0.1313 0.2318 0.9638
vn -0.1355 -0.9903 0.0313
vn -0.1295 -0.9105 0.3927
vn -0.9914 -0.0148 0.1299
vn -0.9911 -0.0432 0.1259
vn -0.9911 -0.0318 0.1291
vn -0.9901 -0.1402 0.0102
vn -0.9891 -0.1357 -0.0569
vn -0.1314 -0.9383 -0.3200
vn -0.1249 -0.7721 -0.6231
vn -0.1305 -0.7277 0.6733
vn -0.9902 -0.0644 0.1239
vn -0.9896 -0.1323 0.0560
vn -0.9901 -0.1023 0.0961
vn -0.9919 -0.0714 0.1045
vn -0.9910 -0.0836 -0.1043
vn -0.9887 -0.1197 -0.0904
vn -0.9908 -0.0511 0.1255
vn -0.4762 -0.7068 -0.5230
vn -0.4774 -0.8124 -0.3346
vn -0.8617 -0.4012 -0.3106
vn -0.8610 -0.4734 -0.1857
vn -0.5193 -0.5720 -0.6348
vn -0.8789 -0.3177 -0.3557
vn -0.5208 -0.4996 -0.6922
vn -0.8787 -0.2787 -0.3876
vn -0.8600 -0.2323 0.4542
vn -0.8613 -0.1905 0.4710
vn -0.4910 -0.4000 0.7739
vn -0.4946 -0.3233 0.8067
vn -0.8641 -0.1608 0.4769
vn -0.4986 -0.2740 0.8223
vn -0.8657 -0.1159 0.4868
vn -0.5030 -0.1961 0.8417
vn -0.8556 0.4413 0.2704
vn -0.8605 0.4951 0.1200
vn -0.4926 0.7420 0.4547
vn -0.4960 0.8437 0.2052
vn -0.8521 0.2964 0.4313
vn -0.4874 0.4984 0.7169
vn -0.8580 0.1268 0.4977
vn -0.4956 0.2039 0.8443
vn -0.8627 0.5003 -0.0737
vn -0.8601 0.4997 -0.1022
vn -0.4967 0.8589 -0.1248
vn -0.4913 0.8536 -0.1730
vn -0.8645 0.5022 -0.0168
vn -0.5011 0.8649 -0.0289
vn -0.8661 0.4980 0.0424
vn -0.5024 0.8616 0.0723
vn -0.5103 0.0158 0.8598
vn -0.5083 -0.0917 0.8563
vn -0.8701 0.0088 0.4928
vn -0.8689 -0.0540 0.4919
vn -0.8621 -0.5061 0.0255
vn -0.8549 -0.4769 0.2040
vn -0.5045 -0.8629 0.0287
vn -0.4901 -0.8004 0.3451
vn -0.8583 -0.3762 0.3490
vn -0.4929 -0.6387 0.5909
vn -0.8633 -0.2821 0.4183
vn -0.4944 -0.4904 0.7177
vn -0.8468 -0.4184 -0.3284
vn -0.8548 -0.4857 -0.1827
vn -0.4784 -0.6836 -0.5511
vn -0.4956 -0.8213 -0.2825
vn -0.8661 -0.3077 -0.3938
vn -0.5053 -0.5255 -0.6845
vn -0.8671 0.4924 -0.0757
vn -0.4979 0.8564 -0.1366
usemtl WoodToy2
s 1
f 2451/2604/1578 2509/2605/1579 2505/2606/1580 2452/2607/1581
f 2583/2608/1582 2444/2609/1583 2477/2610/1584 2587/2611/1585
f 2496/2612/1586 2430/2613/1587 2438/2614/1587 2549/2615/1588
f 2580/2616/1587 2584/2617/1589 2476/2618/1590 2426/2619/1587
f 2488/2620/1591 2448/2621/1592 2449/2622/1593 2480/2623/1594
f 2446/2624/1595 2485/2625/1596 2557/2626/1597 2467/2627/1598
f 2512/2628/1599 2429/2629/1587 2425/2630/1587 2473/2631/1600
f 2492/2632/1601 2447/2633/1602 2448/2621/1592 2488/2620/1591
f 2417/2634/1587 2418/2635/1587 2420/2636/1587 2419/2637/1587
f 2418/2635/1587 2421/2638/1587 2422/2639/1587 2420/2636/1587
f 2460/2640/1603 2520/2641/1604 2513/2642/1605 2461/2643/1606
f 2459/2644/1607 2524/2645/1608 2520/2641/1604 2460/2640/1603
f 2521/2646/1609 2525/2647/1610 2424/2648/1587 2422/2639/1587
f 2423/2649/1587 2419/2637/1587 2420/2636/1587 2432/2650/1587
f 2517/2651/1611 2432/2650/1587 2424/2648/1587 2525/2647/1610
f 2429/2629/1587 2421/2638/1587 2434/2652/1587 2433/2653/1587
f 2421/2638/1587 2418/2635/1587 2436/2654/1587 2434/2652/1587
f 2417/2634/1587 2435/2655/1587 2436/2654/1587 2418/2635/1587
f 2435/2655/1587 2438/2614/1587 2439/2656/1587 2436/2654/1587
f 2430/2613/1587 2437/2657/1587 2439/2656/1587 2438/2614/1587
f 2437/2657/1587 2441/2658/1587 2442/2659/1587 2439/2656/1587
f 2431/2660/1587 2440/2661/1587 2442/2659/1587 2441/2658/1587
f 2440/2661/1587 2433/2653/1587 2434/2652/1587 2442/2659/1587
f 2434/2652/1587 2436/2654/1587 2439/2656/1587 2442/2659/1587
f 2450/2662/1612 2457/2663/1613 2533/2664/1614 2501/2665/1615
f 2429/2629/1587 2512/2628/1599 2421/2638/1587
f 2496/2612/1586 2504/2666/1616 2508/2667/1617 2500/2668/1618 2532/2669/1619 2430/2613/1587
f 2512/2628/1599 2521/2646/1609 2422/2639/1587 2421/2638/1587
f 2432/2650/1587 2420/2636/1587 2422/2639/1587 2424/2648/1587
f 2529/2670/1620 2431/2660/1587 2441/2658/1587 2536/2671/1621
f 2462/2672/1622 2548/2673/1623 2545/2674/1624 2463/2675/1625
f 2536/2671/1621 2441/2658/1587 2437/2657/1587 2540/2676/1626
f 2516/2677/1627 2458/2678/1628 2470/2679/1629 2569/2680/1630
f 2454/2681/1631 2528/2682/1632 2537/2683/1633 2455/2684/1634
f 2458/2678/1628 2516/2677/1627 2524/2645/1608 2459/2644/1607
f 2540/2676/1626 2437/2657/1587 2430/2613/1587 2532/2669/1619
f 2455/2684/1634 2537/2683/1633 2541/2685/1635 2456/2686/1636
f 2456/2686/1636 2541/2685/1635 2533/2664/1614 2457/2663/1613
f 2453/2687/1637 2497/2688/1638 2548/2673/1623 2462/2672/1622
f 2553/2689/1639 2464/2690/1640 2465/2691/1641 2561/2692/1642
f 2485/2625/1596 2446/2624/1595 2447/2633/1602 2492/2632/1601
f 2580/2616/1587 2426/2619/1587 2428/2693/1587 2581/2694/1587
f 2581/2694/1587 2428/2693/1587 2427/2695/1587 2582/2696/1587
f 2582/2696/1587 2427/2695/1587 2425/2630/1587 2429/2629/1587
f 2450/2662/1612 2501/2665/1615 2509/2605/1579 2451/2604/1578
f 2549/2615/1588 2438/2614/1587 2435/2655/1587 2544/2697/1643
f 2417/2634/1587 2419/2637/1587 2489/2698/1644 2481/2699/1645
f 2552/2700/1646 2443/2701/1587 2471/2702/1587 2577/2703/1647
f 2468/2704/1648 2576/2705/1649 2573/2706/1650 2469/2707/1651
f 2544/2697/1643 2435/2655/1587 2417/2634/1587 2481/2699/1645
f 2452/2607/1581 2505/2606/1580 2497/2688/1638 2453/2687/1637
f 2565/2708/1652 2466/2709/1653 2467/2627/1598 2557/2626/1597
f 2484/2710/1654 2443/2701/1587 2552/2700/1646 2560/2711/1655 2564/2712/1656 2556/2713/1657
f 2561/2692/1642 2465/2691/1641 2466/2709/1653 2565/2708/1652
f 2577/2703/1647 2471/2702/1587 2568/2714/1658 2572/2715/1659
f 2464/2716/1640 2553/2717/1639 2576/2705/1649 2468/2704/1648
f 2463/2675/1625 2545/2674/1624 2480/2623/1594 2449/2622/1593
f 2419/2637/1587 2423/2649/1587 2493/2718/1660 2489/2698/1644
f 2423/2649/1587 2443/2701/1587 2484/2710/1654 2493/2718/1660
f 2568/2714/1658 2471/2702/1587 2432/2650/1587 2517/2651/1611
f 2469/2707/1651 2573/2706/1650 2569/2680/1630 2470/2679/1629
f 2432/2650/1587 2471/2702/1587 2443/2701/1587 2423/2649/1587
f 2513/2719/1605 2520/2720/1604 2522/2721/1661 2515/2722/1662
f 2515/2722/1662 2522/2721/1661 2523/2723/1663 2514/2724/1664
f 2514/2724/1664 2523/2723/1663 2521/2646/1609 2512/2628/1599
f 2520/2720/1604 2524/2725/1608 2526/2726/1665 2522/2721/1661
f 2522/2721/1661 2526/2726/1665 2527/2727/1666 2523/2723/1663
f 2523/2723/1663 2527/2727/1666 2525/2647/1610 2521/2646/1609
f 2524/2725/1608 2516/2728/1627 2518/2729/1667 2526/2726/1665
f 2526/2726/1665 2518/2729/1667 2519/2730/1668 2527/2727/1666
f 2527/2727/1666 2519/2730/1668 2517/2651/1611 2525/2647/1610
f 2493/2718/1660 2484/2710/1654 2486/2731/1669 2495/2732/1670
f 2495/2732/1670 2486/2731/1669 2487/2733/1671 2494/2734/1672
f 2494/2734/1672 2487/2733/1671 2485/2735/1596 2492/2736/1601
f 2489/2698/1644 2493/2718/1660 2495/2732/1670 2491/2737/1673
f 2491/2737/1673 2495/2732/1670 2494/2734/1672 2490/2738/1674
f 2490/2738/1674 2494/2734/1672 2492/2736/1601 2488/2739/1591
f 2481/2699/1645 2489/2698/1644 2491/2737/1673 2483/2740/1675
f 2483/2740/1675 2491/2737/1673 2490/2738/1674 2482/2741/1676
f 2482/2741/1676 2490/2738/1674 2488/2739/1591 2480/2742/1594
f 2500/2668/1618 2508/2667/1617 2510/2743/1677 2502/2744/1678
f 2502/2744/1678 2510/2743/1677 2511/2745/1679 2503/2746/1680
f 2503/2746/1680 2511/2745/1679 2509/2747/1579 2501/2748/1615
f 2508/2667/1617 2504/2666/1616 2506/2749/1681 2510/2743/1677
f 2510/2743/1677 2506/2749/1681 2507/2750/1682 2511/2745/1679
f 2511/2745/1679 2507/2750/1682 2505/2751/1580 2509/2747/1579
f 2504/2666/1616 2496/2612/1586 2498/2752/1683 2506/2749/1681
f 2506/2749/1681 2498/2752/1683 2499/2753/1684 2507/2750/1682
f 2507/2750/1682 2499/2753/1684 2497/2754/1638 2505/2751/1580
f 2529/2670/1620 2536/2671/1621 2538/2755/1685 2531/2756/1686
f 2531/2756/1686 2538/2755/1685 2539/2757/1687 2530/2758/1688
f 2530/2758/1688 2539/2757/1687 2537/2759/1633 2528/2760/1632
f 2536/2671/1621 2540/2676/1626 2542/2761/1689 2538/2755/1685
f 2538/2755/1685 2542/2761/1689 2543/2762/1690 2539/2757/1687
f 2539/2757/1687 2543/2762/1690 2541/2763/1635 2537/2759/1633
f 2540/2676/1626 2532/2669/1619 2534/2764/1691 2542/2761/1689
f 2542/2761/1689 2534/2764/1691 2535/2765/1692 2543/2762/1690
f 2543/2762/1690 2535/2765/1692 2533/2766/1614 2541/2763/1635
f 2545/2767/1624 2548/2768/1623 2550/2769/1693 2547/2770/1694
f 2547/2770/1694 2550/2769/1693 2551/2771/1695 2546/2772/1696
f 2546/2772/1696 2551/2771/1695 2549/2615/1588 2544/2697/1643
f 2560/2711/1655 2552/2700/1646 2554/2773/1697 2562/2774/1698
f 2562/2774/1698 2554/2773/1697 2555/2775/1699 2563/2776/1700
f 2563/2776/1700 2555/2775/1699 2553/2777/1639 2561/2778/1642
f 2564/2712/1656 2560/2711/1655 2562/2774/1698 2566/2779/1701
f 2566/2779/1701 2562/2774/1698 2563/2776/1700 2567/2780/1702
f 2567/2780/1702 2563/2776/1700 2561/2778/1642 2565/2781/1652
f 2556/2713/1657 2564/2712/1656 2566/2779/1701 2558/2782/1703
f 2558/2782/1703 2566/2779/1701 2567/2780/1702 2559/2783/1704
f 2559/2783/1704 2567/2780/1702 2565/2781/1652 2557/2784/1597
f 2577/2703/1647 2572/2715/1659 2574/2785/1705 2579/2786/1706
f 2579/2786/1706 2574/2785/1705 2575/2787/1707 2578/2788/1708
f 2578/2788/1708 2575/2787/1707 2573/2789/1650 2576/2790/1649
f 2572/2715/1659 2568/2714/1658 2570/2791/1709 2574/2785/1705
f 2574/2785/1705 2570/2791/1709 2571/2792/1710 2575/2787/1707
f 2575/2787/1707 2571/2792/1710 2569/2793/1630 2573/2789/1650
f 2557/2784/1597 2485/2735/1596 2487/2733/1671 2559/2783/1704
f 2559/2783/1704 2487/2733/1671 2486/2731/1669 2558/2782/1703
f 2558/2782/1703 2486/2731/1669 2484/2710/1654 2556/2713/1657
f 2516/2728/1627 2569/2793/1630 2571/2792/1710 2518/2729/1667
f 2518/2729/1667 2571/2792/1710 2570/2791/1709 2519/2730/1668
f 2519/2730/1668 2570/2791/1709 2568/2714/1658 2517/2651/1611
f 2532/2669/1619 2500/2668/1618 2502/2744/1678 2534/2764/1691
f 2534/2764/1691 2502/2744/1678 2503/2746/1680 2535/2765/1692
f 2535/2765/1692 2503/2746/1680 2501/2748/1615 2533/2766/1614
f 2584/2617/1589 2529/2670/1620 2531/2756/1686 2585/2794/1711
f 2585/2794/1711 2531/2756/1686 2530/2758/1688 2586/2795/1712
f 2586/2795/1712 2530/2758/1688 2528/2760/1632 2587/2796/1585
f 2548/2768/1623 2497/2754/1638 2499/2753/1684 2550/2769/1693
f 2550/2769/1693 2499/2753/1684 2498/2752/1683 2551/2771/1695
f 2551/2771/1695 2498/2752/1683 2496/2612/1586 2549/2615/1588
f 2552/2700/1646 2577/2703/1647 2579/2786/1706 2554/2773/1697
f 2554/2773/1697 2579/2786/1706 2578/2788/1708 2555/2775/1699
f 2555/2775/1699 2578/2788/1708 2576/2790/1649 2553/2777/1639
f 2480/2742/1594 2545/2767/1624 2547/2770/1694 2482/2741/1676
f 2482/2741/1676 2547/2770/1694 2546/2772/1696 2483/2740/1675
f 2483/2740/1675 2546/2772/1696 2544/2697/1643 2481/2699/1645
f 2445/2797/1713 2461/2643/1606 2513/2642/1605 2472/2798/1714
f 2475/2799/1715 2514/2724/1664 2512/2628/1599 2473/2631/1600
f 2474/2800/1716 2515/2722/1662 2514/2724/1664 2475/2799/1715
f 2472/2801/1714 2513/2719/1605 2515/2722/1662 2474/2800/1716
f 2479/2802/1717 2586/2795/1712 2587/2796/1585 2477/2803/1584
f 2478/2804/1718 2585/2794/1711 2586/2795/1712 2479/2802/1717
f 2476/2618/1590 2584/2617/1589 2585/2794/1711 2478/2804/1718
f 2433/2653/1587 2582/2696/1587 2429/2629/1587
f 2440/2661/1587 2581/2694/1587 2582/2696/1587 2433/2653/1587
f 2431/2660/1587 2580/2616/1587 2581/2694/1587 2440/2661/1587
f 2431/2660/1587 2529/2670/1620 2584/2617/1589 2580/2616/1587
f 2454/2681/1631 2583/2608/1582 2587/2611/1585 2528/2682/1632
f 2616/2805/1719 2617/2806/1720 2662/2807/1721 2666/2808/1722
f 2740/2809/1723 2744/2810/1724 2477/2610/1584 2444/2609/1583
f 2653/2811/1725 2706/2812/1726 2605/2813/1587 2597/2814/1587
f 2737/2815/1587 2426/2619/1587 2476/2618/1590 2741/2816/1727
f 2645/2817/1728 2637/2818/1729 2614/2819/1730 2613/2820/1731
f 2611/2821/1732 2632/2822/1733 2714/2823/1734 2642/2824/1735
f 2669/2825/1736 2473/2631/1600 2425/2630/1587 2596/2826/1587
f 2649/2827/1737 2645/2817/1728 2613/2820/1731 2612/2828/1738
f 2588/2829/1587 2590/2830/1587 2591/2831/1587 2589/2832/1587
f 2589/2832/1587 2591/2831/1587 2593/2833/1587 2592/2834/1587
f 2625/2835/1739 2626/2836/1740 2670/2837/1741 2677/2838/1742
f 2624/2839/1743 2625/2835/1739 2677/2838/1742 2681/2840/1744
f 2678/2841/1745 2593/2833/1587 2595/2842/1587 2682/2843/1746
f 2594/2844/1587 2599/2845/1587 2591/2831/1587 2590/2830/1587
f 2674/2846/1747 2682/2843/1746 2595/2842/1587 2599/2845/1587
f 2596/2826/1587 2600/2847/1587 2601/2848/1587 2592/2834/1587
f 2592/2834/1587 2601/2848/1587 2603/2849/1587 2589/2832/1587
f 2588/2829/1587 2589/2832/1587 2603/2849/1587 2602/2850/1587
f 2602/2850/1587 2603/2849/1587 2606/2851/1587 2605/2813/1587
f 2597/2814/1587 2605/2813/1587 2606/2851/1587 2604/2852/1587
f 2604/2852/1587 2606/2851/1587 2609/2853/1587 2608/2854/1587
f 2598/2855/1587 2608/2854/1587 2609/2853/1587 2607/2856/1587
f 2607/2856/1587 2609/2853/1587 2601/2848/1587 2600/2847/1587
f 2601/2848/1587 2609/2853/1587 2606/2851/1587 2603/2849/1587
f 2615/2857/1748 2658/2858/1749 2690/2859/1750 2622/2860/1751
f 2596/2826/1587 2592/2834/1587 2669/2825/1736
f 2653/2811/1725 2597/2814/1587 2689/2861/1752 2657/2862/1753 2665/2863/1754 2661/2864/1755
f 2669/2825/1736 2592/2834/1587 2593/2833/1587 2678/2841/1745
f 2599/2845/1587 2595/2842/1587 2593/2833/1587 2591/2831/1587
f 2686/2865/1756 2693/2866/1757 2608/2854/1587 2598/2855/1587
f 2627/2867/1758 2628/2868/1759 2702/2869/1760 2705/2870/1761
f 2693/2866/1757 2697/2871/1762 2604/2852/1587 2608/2854/1587
f 2673/2872/1763 2726/2873/1764 2635/2874/1765 2623/2875/1766
f 2619/2876/1767 2620/2877/1768 2694/2878/1769 2685/2879/1770
f 2623/2875/1766 2624/2839/1743 2681/2840/1744 2673/2872/1763
f 2697/2871/1762 2689/2861/1752 2597/2814/1587 2604/2852/1587
f 2620/2877/1768 2621/2880/1771 2698/2881/1772 2694/2878/1769
f 2621/2882/1771 2622/2860/1751 2690/2859/1750 2698/2883/1772
f 2618/2884/1773 2627/2867/1758 2705/2870/1761 2654/2885/1774
f 2710/2886/1775 2718/2887/1776 2630/2888/1777 2629/2889/1778
f 2642/2824/1735 2649/2827/1737 2612/2828/1738 2611/2821/1732
f 2737/2815/1587 2738/2890/1587 2428/2693/1587 2426/2619/1587
f 2738/2890/1587 2739/2891/1587 2427/2695/1587 2428/2693/1587
f 2739/2891/1587 2596/2826/1587 2425/2630/1587 2427/2695/1587
f 2615/2857/1748 2616/2805/1719 2666/2808/1722 2658/2858/1749
f 2706/2812/1726 2701/2892/1779 2602/2850/1587 2605/2813/1587
f 2588/2829/1587 2638/2893/1780 2646/2894/1781 2590/2830/1587
f 2709/2895/1782 2734/2896/1783 2636/2897/1587 2610/2898/1587
f 2633/2899/1784 2634/2900/1785 2730/2901/1786 2733/2902/1787
f 2701/2892/1779 2638/2893/1780 2588/2829/1587 2602/2850/1587
f 2617/2806/1720 2618/2884/1773 2654/2885/1774 2662/2807/1721
f 2722/2903/1788 2714/2823/1734 2632/2822/1733 2631/2904/1789
f 2641/2905/1790 2713/2906/1791 2721/2907/1792 2717/2908/1793 2709/2895/1782 2610/2898/1587
f 2718/2887/1776 2722/2903/1788 2631/2904/1789 2630/2888/1777
f 2734/2896/1783 2729/2909/1794 2725/2910/1795 2636/2897/1587
f 2629/2911/1778 2633/2899/1784 2733/2902/1787 2710/2912/1775
f 2628/2868/1759 2614/2819/1730 2637/2818/1729 2702/2869/1760
f 2590/2830/1587 2646/2894/1781 2650/2913/1796 2594/2844/1587
f 2594/2844/1587 2650/2913/1796 2641/2905/1790 2610/2898/1587
f 2725/2910/1795 2674/2846/1747 2599/2845/1587 2636/2897/1587
f 2634/2900/1785 2635/2874/1765 2726/2873/1764 2730/2901/1786
f 2599/2845/1587 2594/2844/1587 2610/2898/1587 2636/2897/1587
f 2670/2914/1741 2672/2915/1797 2679/2916/1798 2677/2917/1742
f 2672/2915/1797 2671/2918/1799 2680/2919/1800 2679/2916/1798
f 2671/2918/1799 2669/2825/1736 2678/2841/1745 2680/2919/1800
f 2677/2917/1742 2679/2916/1798 2683/2920/1801 2681/2921/1744
f 2679/2916/1798 2680/2919/1800 2684/2922/1802 2683/2920/1801
f 2680/2919/1800 2678/2841/1745 2682/2843/1746 2684/2922/1802
f 2681/2921/1744 2683/2920/1801 2675/2923/1803 2673/2924/1763
f 2683/2920/1801 2684/2922/1802 2676/2925/1804 2675/2923/1803
f 2684/2922/1802 2682/2843/1746 2674/2846/1747 2676/2925/1804
f 2650/2913/1796 2652/2926/1805 2643/2927/1806 2641/2905/1790
f 2652/2926/1805 2651/2928/1807 2644/2929/1808 2643/2927/1806
f 2651/2928/1807 2649/2930/1737 2642/2931/1735 2644/2929/1808
f 2646/2894/1781 2648/2932/1809 2652/2926/1805 2650/2913/1796
f 2648/2932/1809 2647/2933/1810 2651/2928/1807 2652/2926/1805
f 2647/2933/1810 2645/2934/1728 2649/2930/1737 2651/2928/1807
f 2638/2893/1780 2640/2935/1811 2648/2932/1809 2646/2894/1781
f 2640/2935/1811 2639/2936/1812 2647/2933/1810 2648/2932/1809
f 2639/2936/1812 2637/2937/1729 2645/2934/1728 2647/2933/1810
f 2657/2862/1753 2659/2938/1813 2667/2939/1814 2665/2863/1754
f 2659/2938/1813 2660/2940/1815 2668/2941/1816 2667/2939/1814
f 2660/2940/1815 2658/2942/1749 2666/2943/1722 2668/2941/1816
f 2665/2863/1754 2667/2939/1814 2663/2944/1817 2661/2864/1755
f 2667/2939/1814 2668/2941/1816 2664/2945/1818 2663/2944/1817
f 2668/2941/1816 2666/2943/1722 2662/2946/1721 2664/2945/1818
f 2661/2864/1755 2663/2944/1817 2655/2947/1819 2653/2811/1725
f 2663/2944/1817 2664/2945/1818 2656/2948/1820 2655/2947/1819
f 2664/2945/1818 2662/2946/1721 2654/2949/1774 2656/2948/1820
f 2686/2865/1756 2688/2950/1821 2695/2951/1822 2693/2866/1757
f 2688/2950/1821 2687/2952/1823 2696/2953/1824 2695/2951/1822
f 2687/2952/1823 2685/2954/1770 2694/2955/1769 2696/2953/1824
f 2693/2866/1757 2695/2951/1822 2699/2956/1825 2697/2871/1762
f 2695/2951/1822 2696/2953/1824 2700/2957/1826 2699/2956/1825
f 2696/2953/1824 2694/2955/1769 2698/2958/1772 2700/2957/1826
f 2697/2871/1762 2699/2956/1825 2691/2959/1827 2689/2861/1752
f 2699/2956/1825 2700/2957/1826 2692/2960/1828 2691/2959/1827
f 2700/2957/1826 2698/2958/1772 2690/2961/1750 2692/2960/1828
f 2702/2962/1760 2704/2963/1829 2707/2964/1830 2705/2965/1761
f 2704/2963/1829 2703/2966/1831 2708/2967/1832 2707/2964/1830
f 2703/2966/1831 2701/2892/1779 2706/2812/1726 2708/2967/1832
f 2717/2908/1793 2719/2968/1833 2711/2969/1834 2709/2895/1782
f 2719/2968/1833 2720/2970/1835 2712/2971/1836 2711/2969/1834
f 2720/2970/1835 2718/2972/1776 2710/2973/1775 2712/2971/1836
f 2721/2907/1792 2723/2974/1837 2719/2968/1833 2717/2908/1793
f 2723/2974/1837 2724/2975/1838 2720/2970/1835 2719/2968/1833
f 2724/2975/1838 2722/2976/1788 2718/2972/1776 2720/2970/1835
f 2713/2906/1791 2715/2977/1839 2723/2974/1837 2721/2907/1792
f 2715/2977/1839 2716/2978/1840 2724/2975/1838 2723/2974/1837
f 2716/2978/1840 2714/2979/1734 2722/2976/1788 2724/2975/1838
f 2734/2896/1783 2736/2980/1841 2731/2981/1842 2729/2909/1794
f 2736/2980/1841 2735/2982/1843 2732/2983/1844 2731/2981/1842
f 2735/2982/1843 2733/2984/1787 2730/2985/1786 2732/2983/1844
f 2729/2909/1794 2731/2981/1842 2727/2986/1845 2725/2910/1795
f 2731/2981/1842 2732/2983/1844 2728/2987/1846 2727/2986/1845
f 2732/2983/1844 2730/2985/1786 2726/2988/1764 2728/2987/1846
f 2714/2979/1734 2716/2978/1840 2644/2929/1808 2642/2931/1735
f 2716/2978/1840 2715/2977/1839 2643/2927/1806 2644/2929/1808
f 2715/2977/1839 2713/2906/1791 2641/2905/1790 2643/2927/1806
f 2673/2924/1763 2675/2923/1803 2728/2987/1846 2726/2988/1764
f 2675/2923/1803 2676/2925/1804 2727/2986/1845 2728/2987/1846
f 2676/2925/1804 2674/2846/1747 2725/2910/1795 2727/2986/1845
f 2689/2861/1752 2691/2959/1827 2659/2938/1813 2657/2862/1753
f 2691/2959/1827 2692/2960/1828 2660/2940/1815 2659/2938/1813
f 2692/2960/1828 2690/2961/1750 2658/2942/1749 2660/2940/1815
f 2741/2816/1727 2742/2989/1847 2688/2950/1821 2686/2865/1756
f 2742/2989/1847 2743/2990/1848 2687/2952/1823 2688/2950/1821
f 2743/2990/1848 2744/2991/1724 2685/2954/1770 2687/2952/1823
f 2705/2965/1761 2707/2964/1830 2656/2948/1820 2654/2949/1774
f 2707/2964/1830 2708/2967/1832 2655/2947/1819 2656/2948/1820
f 2708/2967/1832 2706/2812/1726 2653/2811/1725 2655/2947/1819
f 2709/2895/1782 2711/2969/1834 2736/2980/1841 2734/2896/1783
f 2711/2969/1834 2712/2971/1836 2735/2982/1843 2736/2980/1841
f 2712/2971/1836 2710/2973/1775 2733/2984/1787 2735/2982/1843
f 2637/2937/1729 2639/2936/1812 2704/2963/1829 2702/2962/1760
f 2639/2936/1812 2640/2935/1811 2703/2966/1831 2704/2963/1829
f 2640/2935/1811 2638/2893/1780 2701/2892/1779 2703/2966/1831
f 2445/2797/1713 2472/2798/1714 2670/2837/1741 2626/2836/1740
f 2475/2799/1715 2473/2631/1600 2669/2825/1736 2671/2918/1799
f 2474/2800/1716 2475/2799/1715 2671/2918/1799 2672/2915/1797
f 2472/2801/1714 2474/2800/1716 2672/2915/1797 2670/2914/1741
f 2479/2802/1717 2477/2803/1584 2744/2991/1724 2743/2990/1848
f 2478/2804/1718 2479/2802/1717 2743/2990/1848 2742/2989/1847
f 2476/2618/1590 2478/2804/1718 2742/2989/1847 2741/2816/1727
f 2600/2847/1587 2596/2826/1587 2739/2891/1587
f 2607/2856/1587 2600/2847/1587 2739/2891/1587 2738/2890/1587
f 2598/2855/1587 2607/2856/1587 2738/2890/1587 2737/2815/1587
f 2598/2855/1587 2737/2815/1587 2741/2816/1727 2686/2865/1756
f 2619/2876/1767 2685/2879/1770 2744/2810/1724 2740/2809/1723
f 2451/2604/1578 2452/2607/1581 2806/2992/1849 2810/2993/1850
f 2583/2608/1582 2887/2994/1851 2778/2995/1852 2444/2609/1583
f 2797/2996/1853 2850/2997/1854 2766/2998/1855 2758/2999/1855
f 2881/3000/1855 2754/3001/1855 2777/3002/1856 2884/3003/1857
f 2789/3004/1858 2781/3005/1859 2449/2622/1593 2448/2621/1592
f 2446/2624/1595 2467/2627/1598 2858/3006/1860 2786/3007/1861
f 2813/3008/1862 2774/3009/1863 2753/3010/1855 2757/3011/1855
f 2793/3012/1864 2789/3004/1858 2448/2621/1592 2447/2633/1602
f 2745/3013/1855 2747/3014/1855 2748/3015/1855 2746/3016/1855
f 2746/3016/1855 2748/3015/1855 2750/3017/1855 2749/3018/1855
f 2460/2640/1603 2461/2643/1606 2814/3019/1865 2821/3020/1866
f 2459/2644/1607 2460/2640/1603 2821/3020/1866 2825/3021/1867
f 2822/3022/1868 2750/3017/1855 2752/3023/1855 2826/3024/1869
f 2751/3025/1855 2760/3026/1855 2748/3015/1855 2747/3014/1855
f 2818/3027/1870 2826/3024/1869 2752/3023/1855 2760/3026/1855
f 2757/3011/1855 2761/3028/1855 2762/3029/1855 2749/3018/1855
f 2749/3018/1855 2762/3029/1855 2764/3030/1855 2746/3016/1855
f 2745/3013/1855 2746/3016/1855 2764/3030/1855 2763/3031/1855
f 2763/3031/1855 2764/3030/1855 2767/3032/1855 2766/2998/1855
f 2758/2999/1855 2766/2998/1855 2767/3032/1855 2765/3033/1855
f 2765/3033/1855 2767/3032/1855 2770/3034/1855 2769/3035/1855
f 2759/3036/1855 2769/3035/1855 2770/3034/1855 2768/3037/1855
f 2768/3037/1855 2770/3034/1855 2762/3029/1855 2761/3028/1855
f 2762/3029/1855 2770/3034/1855 2767/3032/1855 2764/3030/1855
f 2450/2662/1612 2802/3038/1871 2834/3039/1872 2457/2663/1613
f 2757/3011/1855 2749/3018/1855 2813/3008/1862
f 2797/2996/1853 2758/2999/1855 2833/3040/1873 2801/3041/1874 2809/3042/1875 2805/3043/1876
f 2813/3008/1862 2749/3018/1855 2750/3017/1855 2822/3022/1868
f 2760/3026/1855 2752/3023/1855 2750/3017/1855 2748/3015/1855
f 2830/3044/1877 2837/3045/1878 2769/3035/1855 2759/3036/1855
f 2462/2672/1622 2463/2675/1625 2846/3046/1879 2849/3047/1880
f 2837/3045/1878 2841/3048/1881 2765/3033/1855 2769/3035/1855
f 2817/3049/1882 2870/3050/1883 2470/2679/1629 2458/2678/1628
f 2454/2681/1631 2455/2684/1634 2838/3051/1884 2829/3052/1885
f 2458/2678/1628 2459/2644/1607 2825/3021/1867 2817/3049/1882
f 2841/3048/1881 2833/3040/1873 2758/2999/1855 2765/3033/1855
f 2455/2684/1634 2456/2686/1636 2842/3053/1886 2838/3051/1884
f 2456/2686/1636 2457/2663/1613 2834/3039/1872 2842/3053/1886
f 2453/2687/1637 2462/2672/1622 2849/3047/1880 2798/3054/1887
f 2854/3055/1888 2862/3056/1889 2465/2691/1641 2464/2690/1640
f 2786/3007/1861 2793/3012/1864 2447/2633/1602 2446/2624/1595
f 2881/3000/1855 2882/3057/1855 2756/3058/1855 2754/3001/1855
f 2882/3057/1855 2883/3059/1855 2755/3060/1855 2756/3058/1855
f 2883/3059/1855 2757/3011/1855 2753/3010/1855 2755/3060/1855
f 2450/2662/1612 2451/2604/1578 2810/2993/1850 2802/3038/1871
f 2850/2997/1854 2845/3061/1890 2763/3031/1855 2766/2998/1855
f 2745/3013/1855 2782/3062/1891 2790/3063/1892 2747/3014/1855
f 2853/3064/1893 2878/3065/1894 2772/3066/1855 2771/3067/1855
f 2468/2704/1648 2469/2707/1651 2874/3068/1895 2877/3069/1896
f 2845/3061/1890 2782/3062/1891 2745/3013/1855 2763/3031/1855
f 2452/2607/1581 2453/2687/1637 2798/3054/1887 2806/2992/1849
f 2866/3070/1897 2858/3006/1860 2467/2627/1598 2466/2709/1653
f 2785/3071/1898 2857/3072/1899 2865/3073/1900 2861/3074/1901 2853/3064/1893 2771/3067/1855
f 2862/3056/1889 2866/3070/1897 2466/2709/1653 2465/2691/1641
f 2878/3065/1894 2873/3075/1902 2869/3076/1903 2772/3066/1855
f 2464/2716/1640 2468/2704/1648 2877/3069/1896 2854/3077/1888
f 2463/2675/1625 2449/2622/1593 2781/3005/1859 2846/3046/1879
f 2747/3014/1855 2790/3063/1892 2794/3078/1904 2751/3025/1855
f 2751/3025/1855 2794/3078/1904 2785/3071/1898 2771/3067/1855
f 2869/3076/1903 2818/3027/1870 2760/3026/1855 2772/3066/1855
f 2469/2707/1651 2470/2679/1629 2870/3050/1883 2874/3068/1895
f 2760/3026/1855 2751/3025/1855 2771/3067/1855 2772/3066/1855
f 2814/3079/1865 2816/3080/1905 2823/3081/1906 2821/3082/1866
f 2816/3080/1905 2815/3083/1907 2824/3084/1908 2823/3081/1906
f 2815/3083/1907 2813/3008/1862 2822/3022/1868 2824/3084/1908
f 2821/3082/1866 2823/3081/1906 2827/3085/1909 2825/3086/1867
f 2823/3081/1906 2824/3084/1908 2828/3087/1910 2827/3085/1909
f 2824/3084/1908 2822/3022/1868 2826/3024/1869 2828/3087/1910
f 2825/3086/1867 2827/3085/1909 2819/3088/1911 2817/3089/1882
f 2827/3085/1909 2828/3087/1910 2820/3090/1912 2819/3088/1911
f 2828/3087/1910 2826/3024/1869 2818/3027/1870 2820/3090/1912
f 2794/3078/1904 2796/3091/1913 2787/3092/1914 2785/3071/1898
f 2796/3091/1913 2795/3093/1915 2788/3094/1916 2787/3092/1914
f 2795/3093/1915 2793/3095/1864 2786/3096/1861 2788/3094/1916
f 2790/3063/1892 2792/3097/1917 2796/3091/1913 2794/3078/1904
f 2792/3097/1917 2791/3098/1918 2795/3093/1915 2796/3091/1913
f 2791/3098/1918 2789/3099/1858 2793/3095/1864 2795/3093/1915
f 2782/3062/1891 2784/3100/1919 2792/3097/1917 2790/3063/1892
f 2784/3100/1919 2783/3101/1920 2791/3098/1918 2792/3097/1917
f 2783/3101/1920 2781/3102/1859 2789/3099/1858 2791/3098/1918
f 2801/3041/1874 2803/3103/1921 2811/3104/1922 2809/3042/1875
f 2803/3103/1921 2804/3105/1923 2812/3106/1924 2811/3104/1922
f 2804/3105/1923 2802/3107/1871 2810/3108/1850 2812/3106/1924
f 2809/3042/1875 2811/3104/1922 2807/3109/1925 2805/3043/1876
f 2811/3104/1922 2812/3106/1924 2808/3110/1926 2807/3109/1925
f 2812/3106/1924 2810/3108/1850 2806/3111/1849 2808/3110/1926
f 2805/3043/1876 2807/3109/1925 2799/3112/1927 2797/2996/1853
f 2807/3109/1925 2808/3110/1926 2800/3113/1928 2799/3112/1927
f 2808/3110/1926 2806/3111/1849 2798/3114/1887 2800/3113/1928
f 2830/3044/1877 2832/3115/1929 2839/3116/1930 2837/3045/1878
f 2832/3115/1929 2831/3117/1931 2840/3118/1932 2839/3116/1930
f 2831/3117/1931 2829/3119/1885 2838/3120/1884 2840/3118/1932
f 2837/3045/1878 2839/3116/1930 2843/3121/1933 2841/3048/1881
f 2839/3116/1930 2840/3118/1932 2844/3122/1934 2843/3121/1933
f 2840/3118/1932 2838/3120/1884 2842/3123/1886 2844/3122/1934
f 2841/3048/1881 2843/3121/1933 2835/3124/1935 2833/3040/1873
f 2843/3121/1933 2844/3122/1934 2836/3125/1936 2835/3124/1935
f 2844/3122/1934 2842/3123/1886 2834/3126/1872 2836/3125/1936
f 2846/3127/1879 2848/3128/1937 2851/3129/1938 2849/3130/1880
f 2848/3128/1937 2847/3131/1939 2852/3132/1940 2851/3129/1938
f 2847/3131/1939 2845/3061/1890 2850/2997/1854 2852/3132/1940
f 2861/3074/1901 2863/3133/1941 2855/3134/1942 2853/3064/1893
f 2863/3133/1941 2864/3135/1943 2856/3136/1944 2855/3134/1942
f 2864/3135/1943 2862/3137/1889 2854/3138/1888 2856/3136/1944
f 2865/3073/1900 2867/3139/1945 2863/3133/1941 2861/3074/1901
f 2867/3139/1945 2868/3140/1946 2864/3135/1943 2863/3133/1941
f 2868/3140/1946 2866/3141/1897 2862/3137/1889 2864/3135/1943
f 2857/3072/1899 2859/3142/1947 2867/3139/1945 2865/3073/1900
f 2859/3142/1947 2860/3143/1948 2868/3140/1946 2867/3139/1945
f 2860/3143/1948 2858/3144/1860 2866/3141/1897 2868/3140/1946
f 2878/3065/1894 2880/3145/1949 2875/3146/1950 2873/3075/1902
f 2880/3145/1949 2879/3147/1951 2876/3148/1952 2875/3146/1950
f 2879/3147/1951 2877/3149/1896 2874/3150/1895 2876/3148/1952
f 2873/3075/1902 2875/3146/1950 2871/3151/1953 2869/3076/1903
f 2875/3146/1950 2876/3148/1952 2872/3152/1954 2871/3151/1953
f 2876/3148/1952 2874/3150/1895 2870/3153/1883 2872/3152/1954
f 2858/3144/1860 2860/3143/1948 2788/3094/1916 2786/3096/1861
f 2860/3143/1948 2859/3142/1947 2787/3092/1914 2788/3094/1916
f 2859/3142/1947 2857/3072/1899 2785/3071/1898 2787/3092/1914
f 2817/3089/1882 2819/3088/1911 2872/3152/1954 2870/3153/1883
f 2819/3088/1911 2820/3090/1912 2871/3151/1953 2872/3152/1954
f 2820/3090/1912 2818/3027/1870 2869/3076/1903 2871/3151/1953
f 2833/3040/1873 2835/3124/1935 2803/3103/1921 2801/3041/1874
f 2835/3124/1935 2836/3125/1936 2804/3105/1923 2803/3103/1921
f 2836/3125/1936 2834/3126/1872 2802/3107/1871 2804/3105/1923
f 2884/3003/1857 2885/3154/1955 2832/3115/1929 2830/3044/1877
f 2885/3154/1955 2886/3155/1956 2831/3117/1931 2832/3115/1929
f 2886/3155/1956 2887/3156/1851 2829/3119/1885 2831/3117/1931
f 2849/3130/1880 2851/3129/1938 2800/3113/1928 2798/3114/1887
f 2851/3129/1938 2852/3132/1940 2799/3112/1927 2800/3113/1928
f 2852/3132/1940 2850/2997/1854 2797/2996/1853 2799/3112/1927
f 2853/3064/1893 2855/3134/1942 2880/3145/1949 2878/3065/1894
f 2855/3134/1942 2856/3136/1944 2879/3147/1951 2880/3145/1949
f 2856/3136/1944 2854/3138/1888 2877/3149/1896 2879/3147/1951
f 2781/3102/1859 2783/3101/1920 2848/3128/1937 2846/3127/1879
f 2783/3101/1920 2784/3100/1919 2847/3131/1939 2848/3128/1937
f 2784/3100/1919 2782/3062/1891 2845/3061/1890 2847/3131/1939
f 2445/2797/1713 2773/3157/1957 2814/3019/1865 2461/2643/1606
f 2776/3158/1958 2774/3009/1863 2813/3008/1862 2815/3083/1907
f 2775/3159/1959 2776/3158/1958 2815/3083/1907 2816/3080/1905
f 2773/3160/1957 2775/3159/1959 2816/3080/1905 2814/3079/1865
f 2780/3161/1960 2778/3162/1852 2887/3156/1851 2886/3155/1956
f 2779/3163/1961 2780/3161/1960 2886/3155/1956 2885/3154/1955
f 2777/3002/1856 2779/3163/1961 2885/3154/1955 2884/3003/1857
f 2761/3028/1855 2757/3011/1855 2883/3059/1855
f 2768/3037/1855 2761/3028/1855 2883/3059/1855 2882/3057/1855
f 2759/3036/1855 2768/3037/1855 2882/3057/1855 2881/3000/1855
f 2759/3036/1855 2881/3000/1855 2884/3003/1857 2830/3044/1877
f 2454/2681/1631 2829/3052/1885 2887/2994/1851 2583/2608/1582
f 2616/2805/1719 2941/3164/1962 2937/3165/1963 2617/2806/1720
f 2740/2809/1723 2444/2609/1583 2778/2995/1852 3018/3166/1964
f 2928/3167/1965 2897/3168/1855 2905/3169/1855 2981/3170/1966
f 3012/3171/1855 3015/3172/1967 2777/3002/1856 2754/3001/1855
f 2920/3173/1968 2613/2820/1731 2614/2819/1730 2912/3174/1969
f 2611/2821/1732 2917/3175/1970 2989/3176/1971 2632/2822/1733
f 2944/3177/1972 2896/3178/1855 2753/3010/1855 2774/3009/1863
f 2924/3179/1973 2612/2828/1738 2613/2820/1731 2920/3173/1968
f 2888/3180/1855 2889/3181/1855 2891/3182/1855 2890/3183/1855
f 2889/3181/1855 2892/3184/1855 2893/3185/1855 2891/3182/1855
f 2625/2835/1739 2952/3186/1974 2945/3187/1975 2626/2836/1740
f 2624/2839/1743 2956/3188/1976 2952/3186/1974 2625/2835/1739
f 2953/3189/1977 2957/3190/1978 2895/3191/1855 2893/3185/1855
f 2894/3192/1855 2890/3183/1855 2891/3182/1855 2899/3193/1855
f 2949/3194/1979 2899/3193/1855 2895/3191/1855 2957/3190/1978
f 2896/3178/1855 2892/3184/1855 2901/3195/1855 2900/3196/1855
f 2892/3184/1855 2889/3181/1855 2903/3197/1855 2901/3195/1855
f 2888/3180/1855 2902/3198/1855 2903/3197/1855 2889/3181/1855
f 2902/3198/1855 2905/3169/1855 2906/3199/1855 2903/3197/1855
f 2897/3168/1855 2904/3200/1855 2906/3199/1855 2905/3169/1855
f 2904/3200/1855 2908/3201/1855 2909/3202/1855 2906/3199/1855
f 2898/3203/1855 2907/3204/1855 2909/3202/1855 2908/3201/1855
f 2907/3204/1855 2900/3196/1855 2901/3195/1855 2909/3202/1855
f 2901/3195/1855 2903/3197/1855 2906/3199/1855 2909/3202/1855
f 2615/2857/1748 2622/2860/1751 2965/3205/1980 2933/3206/1981
f 2896/3178/1855 2944/3177/1972 2892/3184/1855
f 2928/3167/1965 2936/3207/1982 2940/3208/1983 2932/3209/1984 2964/3210/1985 2897/3168/1855
f 2944/3177/1972 2953/3189/1977 2893/3185/1855 2892/3184/1855
f 2899/3193/1855 2891/3182/1855 2893/3185/1855 2895/3191/1855
f 2961/3211/1986 2898/3203/1855 2908/3201/1855 2968/3212/1987
f 2627/2867/1758 2980/3213/1988 2977/3214/1989 2628/2868/1759
f 2968/3212/1987 2908/3201/1855 2904/3200/1855 2972/3215/1990
f 2948/3216/1991 2623/2875/1766 2635/2874/1765 3001/3217/1992
f 2619/2876/1767 2960/3218/1993 2969/3219/1994 2620/2877/1768
f 2623/2875/1766 2948/3216/1991 2956/3188/1976 2624/2839/1743
f 2972/3215/1990 2904/3200/1855 2897/3168/1855 2964/3210/1985
f 2620/2877/1768 2969/3219/1994 2973/3220/1995 2621/2880/1771
f 2621/2882/1771 2973/3221/1995 2965/3205/1980 2622/2860/1751
f 2618/2884/1773 2929/3222/1996 2980/3213/1988 2627/2867/1758
f 2985/3223/1997 2629/2889/1778 2630/2888/1777 2993/3224/1998
f 2917/3175/1970 2611/2821/1732 2612/2828/1738 2924/3179/1973
f 3012/3171/1855 2754/3001/1855 2756/3058/1855 3013/3225/1855
f 3013/3225/1855 2756/3058/1855 2755/3060/1855 3014/3226/1855
f 3014/3226/1855 2755/3060/1855 2753/3010/1855 2896/3178/1855
f 2615/2857/1748 2933/3206/1981 2941/3164/1962 2616/2805/1719
f 2981/3170/1966 2905/3169/1855 2902/3198/1855 2976/3227/1999
f 2888/3180/1855 2890/3183/1855 2921/3228/2000 2913/3229/2001
f 2984/3230/2002 2910/3231/1855 2911/3232/1855 3009/3233/2003
f 2633/2899/1784 3008/3234/2004 3005/3235/2005 2634/2900/1785
f 2976/3227/1999 2902/3198/1855 2888/3180/1855 2913/3229/2001
f 2617/2806/1720 2937/3165/1963 2929/3222/1996 2618/2884/1773
f 2997/3236/2006 2631/2904/1789 2632/2822/1733 2989/3176/1971
f 2916/3237/2007 2910/3231/1855 2984/3230/2002 2992/3238/2008 2996/3239/2009 2988/3240/2010
f 2993/3224/1998 2630/2888/1777 2631/2904/1789 2997/3236/2006
f 3009/3233/2003 2911/3232/1855 3000/3241/2011 3004/3242/2012
f 2629/2911/1778 2985/3243/1997 3008/3234/2004 2633/2899/1784
f 2628/2868/1759 2977/3214/1989 2912/3174/1969 2614/2819/1730
f 2890/3183/1855 2894/3192/1855 2925/3244/2013 2921/3228/2000
f 2894/3192/1855 2910/3231/1855 2916/3237/2007 2925/3244/2013
f 3000/3241/2011 2911/3232/1855 2899/3193/1855 2949/3194/1979
f 2634/2900/1785 3005/3235/2005 3001/3217/1992 2635/2874/1765
f 2899/3193/1855 2911/3232/1855 2910/3231/1855 2894/3192/1855
f 2945/3245/1975 2952/3246/1974 2954/3247/2014 2947/3248/2015
f 2947/3248/2015 2954/3247/2014 2955/3249/2016 2946/3250/2017
f 2946/3250/2017 2955/3249/2016 2953/3189/1977 2944/3177/1972
f 2952/3246/1974 2956/3251/1976 2958/3252/2018 2954/3247/2014
f 2954/3247/2014 2958/3252/2018 2959/3253/2019 2955/3249/2016
f 2955/3249/2016 2959/3253/2019 2957/3190/1978 2953/3189/1977
f 2956/3251/1976 2948/3254/1991 2950/3255/2020 2958/3252/2018
f 2958/3252/2018 2950/3255/2020 2951/3256/2021 2959/3253/2019
f 2959/3253/2019 2951/3256/2021 2949/3194/1979 2957/3190/1978
f 2925/3244/2013 2916/3237/2007 2918/3257/2022 2927/3258/2023
f 2927/3258/2023 2918/3257/2022 2919/3259/2024 2926/3260/2025
f 2926/3260/2025 2919/3259/2024 2917/3261/1970 2924/3262/1973
f 2921/3228/2000 2925/3244/2013 2927/3258/2023 2923/3263/2026
f 2923/3263/2026 2927/3258/2023 2926/3260/2025 2922/3264/2027
f 2922/3264/2027 2926/3260/2025 2924/3262/1973 2920/3265/1968
f 2913/3229/2001 2921/3228/2000 2923/3263/2026 2915/3266/2028
f 2915/3266/2028 2923/3263/2026 2922/3264/2027 2914/3267/2029
f 2914/3267/2029 2922/3264/2027 2920/3265/1968 2912/3268/1969
f 2932/3209/1984 2940/3208/1983 2942/3269/2030 2934/3270/2031
f 2934/3270/2031 2942/3269/2030 2943/3271/2032 2935/3272/2033
f 2935/3272/2033 2943/3271/2032 2941/3273/1962 2933/3274/1981
f 2940/3208/1983 2936/3207/1982 2938/3275/2034 2942/3269/2030
f 2942/3269/2030 2938/3275/2034 2939/3276/2035 2943/3271/2032
f 2943/3271/2032 2939/3276/2035 2937/3277/1963 2941/3273/1962
f 2936/3207/1982 2928/3167/1965 2930/3278/2036 2938/3275/2034
f 2938/3275/2034 2930/3278/2036 2931/3279/2037 2939/3276/2035
f 2939/3276/2035 2931/3279/2037 2929/3280/1996 2937/3277/1963
f 2961/3211/1986 2968/3212/1987 2970/3281/2038 2963/3282/2039
f 2963/3282/2039 2970/3281/2038 2971/3283/2040 2962/3284/2041
f 2962/3284/2041 2971/3283/2040 2969/3285/1994 2960/3286/1993
f 2968/3212/1987 2972/3215/1990 2974/3287/2042 2970/3281/2038
f 2970/3281/2038 2974/3287/2042 2975/3288/2043 2971/3283/2040
f 2971/3283/2040 2975/3288/2043 2973/3289/1995 2969/3285/1994
f 2972/3215/1990 2964/3210/1985 2966/3290/2044 2974/3287/2042
f 2974/3287/2042 2966/3290/2044 2967/3291/2045 2975/3288/2043
f 2975/3288/2043 2967/3291/2045 2965/3292/1980 2973/3289/1995
f 2977/3293/1989 2980/3294/1988 2982/3295/2046 2979/3296/2047
f 2979/3296/2047 2982/3295/2046 2983/3297/2048 2978/3298/2049
f 2978/3298/2049 2983/3297/2048 2981/3170/1966 2976/3227/1999
f 2992/3238/2008 2984/3230/2002 2986/3299/2050 2994/3300/2051
f 2994/3300/2051 2986/3299/2050 2987/3301/2052 2995/3302/2053
f 2995/3302/2053 2987/3301/2052 2985/3303/1997 2993/3304/1998
f 2996/3239/2009 2992/3238/2008 2994/3300/2051 2998/3305/2054
f 2998/3305/2054 2994/3300/2051 2995/3302/2053 2999/3306/2055
f 2999/3306/2055 2995/3302/2053 2993/3304/1998 2997/3307/2006
f 2988/3240/2010 2996/3239/2009 2998/3305/2054 2990/3308/2056
f 2990/3308/2056 2998/3305/2054 2999/3306/2055 2991/3309/2057
f 2991/3309/2057 2999/3306/2055 2997/3307/2006 2989/3310/1971
f 3009/3233/2003 3004/3242/2012 3006/3311/2058 3011/3312/2059
f 3011/3312/2059 3006/3311/2058 3007/3313/2060 3010/3314/2061
f 3010/3314/2061 3007/3313/2060 3005/3315/2005 3008/3316/2004
f 3004/3242/2012 3000/3241/2011 3002/3317/2062 3006/3311/2058
f 3006/3311/2058 3002/3317/2062 3003/3318/2063 3007/3313/2060
f 3007/3313/2060 3003/3318/2063 3001/3319/1992 3005/3315/2005
f 2989/3310/1971 2917/3261/1970 2919/3259/2024 2991/3309/2057
f 2991/3309/2057 2919/3259/2024 2918/3257/2022 2990/3308/2056
f 2990/3308/2056 2918/3257/2022 2916/3237/2007 2988/3240/2010
f 2948/3254/1991 3001/3319/1992 3003/3318/2063 2950/3255/2020
f 2950/3255/2020 3003/3318/2063 3002/3317/2062 2951/3256/2021
f 2951/3256/2021 3002/3317/2062 3000/3241/2011 2949/3194/1979
f 2964/3210/1985 2932/3209/1984 2934/3270/2031 2966/3290/2044
f 2966/3290/2044 2934/3270/2031 2935/3272/2033 2967/3291/2045
f 2967/3291/2045 2935/3272/2033 2933/3274/1981 2965/3292/1980
f 3015/3172/1967 2961/3211/1986 2963/3282/2039 3016/3320/2064
f 3016/3320/2064 2963/3282/2039 2962/3284/2041 3017/3321/2065
f 3017/3321/2065 2962/3284/2041 2960/3286/1993 3018/3322/1964
f 2980/3294/1988 2929/3280/1996 2931/3279/2037 2982/3295/2046
f 2982/3295/2046 2931/3279/2037 2930/3278/2036 2983/3297/2048
f 2983/3297/2048 2930/3278/2036 2928/3167/1965 2981/3170/1966
f 2984/3230/2002 3009/3233/2003 3011/3312/2059 2986/3299/2050
f 2986/3299/2050 3011/3312/2059 3010/3314/2061 2987/3301/2052
f 2987/3301/2052 3010/3314/2061 3008/3316/2004 2985/3303/1997
f 2912/3268/1969 2977/3293/1989 2979/3296/2047 2914/3267/2029
f 2914/3267/2029 2979/3296/2047 2978/3298/2049 2915/3266/2028
f 2915/3266/2028 2978/3298/2049 2976/3227/1999 2913/3229/2001
f 2445/2797/1713 2626/2836/1740 2945/3187/1975 2773/3157/1957
f 2776/3158/1958 2946/3250/2017 2944/3177/1972 2774/3009/1863
f 2775/3159/1959 2947/3248/2015 2946/3250/2017 2776/3158/1958
f 2773/3160/1957 2945/3245/1975 2947/3248/2015 2775/3159/1959
f 2780/3161/1960 3017/3321/2065 3018/3322/1964 2778/3162/1852
f 2779/3163/1961 3016/3320/2064 3017/3321/2065 2780/3161/1960
f 2777/3002/1856 3015/3172/1967 3016/3320/2064 2779/3163/1961
f 2900/3196/1855 3014/3226/1855 2896/3178/1855
f 2907/3204/1855 3013/3225/1855 3014/3226/1855 2900/3196/1855
f 2898/3203/1855 3012/3171/1855 3013/3225/1855 2907/3204/1855
f 2898/3203/1855 2961/3211/1986 3015/3172/1967 3012/3171/1855
f 2619/2876/1767 2740/2809/1723 3018/3166/1964 2960/3218/1993
o Cylinder.006
v 0.926503 1.793738 1.766709
v 0.960996 1.828906 1.766709
v 0.936605 1.818606 1.766709
v 1.157212 1.793738 1.766709
v 1.122719 1.828906 1.766709
v 1.147109 1.818606 1.766709
v 0.926503 1.726979 1.431092
v 0.960996 1.759471 1.417633
v 0.936605 1.749954 1.421575
v 1.157212 1.726979 1.431092
v 1.122719 1.759471 1.417633
v 1.147109 1.749954 1.421575
v 0.926503 1.536867 1.146569
v 0.960995 1.561735 1.121701
v 0.936605 1.554452 1.128985
v 1.157212 1.536867 1.146569
v 1.122719 1.561735 1.121701
v 1.147109 1.554452 1.128985
v 0.926503 1.252345 0.956457
v 0.960995 1.265803 0.923966
v 0.936605 1.261862 0.933482
v 1.157212 1.252345 0.956457
v 1.122719 1.265803 0.923966
v 1.147109 1.261862 0.933482
v 0.926503 0.916728 0.889699
v 0.960995 0.916728 0.854530
v 0.936605 0.916728 0.864831
v 1.157212 0.916728 0.889699
v 1.122719 0.916728 0.854530
v 1.147109 0.916728 0.864831
v 0.926503 0.581111 0.956457
v 0.960995 0.567652 0.923966
v 0.936605 0.571594 0.933482
v 1.157212 0.581111 0.956457
v 1.122719 0.567652 0.923966
v 1.147109 0.571594 0.933482
v 0.926503 0.296588 1.146569
v 0.960995 0.271720 1.121701
v 0.936605 0.279004 1.128985
v 1.157212 0.296588 1.146569
v 1.122719 0.271720 1.121701
v 1.147109 0.279004 1.128985
v 0.926503 0.106476 1.431091
v 0.960995 0.073985 1.417633
v 0.936605 0.083502 1.421575
v 1.157212 0.106476 1.431091
v 1.122719 0.073985 1.417633
v 1.147109 0.083502 1.421575
v 0.926503 0.039718 1.766709
v 0.960995 0.004549 1.766709
v 0.936605 0.014850 1.766709
v 1.157212 0.039718 1.766709
v 1.122719 0.004549 1.766709
v 1.147109 0.014850 1.766709
v 0.926503 0.106476 2.102326
v 0.960995 0.073985 2.115784
v 0.936605 0.083502 2.111842
v 1.157212 0.106476 2.102326
v 1.122719 0.073985 2.115784
v 1.147109 0.083502 2.111842
v 0.926503 0.296588 2.386848
v 0.960995 0.271720 2.411716
v 0.936605 0.279004 2.404433
v 1.157212 0.296588 2.386848
v 1.122719 0.271720 2.411716
v 1.147109 0.279004 2.404433
v 0.926503 0.581111 2.576960
v 0.960996 0.567652 2.609452
v 0.936605 0.571594 2.599935
v 1.157212 0.581111 2.576960
v 1.122719 0.567652 2.609452
v 1.147109 0.571594 2.599935
v 0.926503 0.916728 2.643719
v 0.960996 0.916728 2.678887
v 0.936605 0.916728 2.668587
v 1.157212 0.916728 2.643719
v 1.122719 0.916728 2.678887
v 1.147109 0.916728 2.668587
v 0.926503 1.252345 2.576960
v 0.960996 1.265804 2.609452
v 0.936605 1.261862 2.599935
v 1.157212 1.252345 2.576960
v 1.122719 1.265804 2.609452
v 1.147109 1.261862 2.599935
v 0.926503 1.536867 2.386848
v 0.960996 1.561735 2.411716
v 0.936605 1.554452 2.404433
v 1.157212 1.536867 2.386848
v 1.122719 1.561735 2.411716
v 1.147109 1.554452 2.404433
v 0.926503 1.726979 2.102326
v 0.960996 1.759471 2.115784
v 0.936605 1.749954 2.111842
v 1.157212 1.726979 2.102326
v 1.122719 1.759471 2.115784
v 1.147109 1.749954 2.111842
v 0.926502 1.793738 -1.766709
v 0.960995 1.828906 -1.766709
v 0.936605 1.818606 -1.766709
v 1.157212 1.793738 -1.766709
v 1.122719 1.828906 -1.766709
v 1.147109 1.818606 -1.766709
v 0.926502 1.726979 -1.431092
v 0.960995 1.759471 -1.417633
v 0.936605 1.749954 -1.421575
v 1.157212 1.726979 -1.431092
v 1.122719 1.759471 -1.417633
v 1.147109 1.749954 -1.421575
v 0.926502 1.536867 -1.146569
v 0.960995 1.561735 -1.121701
v 0.936605 1.554452 -1.128985
v 1.157212 1.536867 -1.146569
v 1.122719 1.561735 -1.121701
v 1.147109 1.554452 -1.128985
v 0.926502 1.252345 -0.956457
v 0.960995 1.265803 -0.923966
v 0.936605 1.261862 -0.933482
v 1.157212 1.252345 -0.956457
v 1.122719 1.265803 -0.923966
v 1.147109 1.261862 -0.933482
v 0.926502 0.916728 -0.889699
v 0.960995 0.916728 -0.854530
v 0.936605 0.916728 -0.864831
v 1.157212 0.916728 -0.889699
v 1.122719 0.916728 -0.854530
v 1.147109 0.916728 -0.864831
v 0.926502 0.581111 -0.956457
v 0.960995 0.567652 -0.923966
v 0.936605 0.571594 -0.933482
v 1.157212 0.581111 -0.956457
v 1.122719 0.567652 -0.923966
v 1.147109 0.571594 -0.933482
v 0.926502 0.296588 -1.146569
v 0.960995 0.271720 -1.121701
v 0.936605 0.279004 -1.128985
v 1.157212 0.296588 -1.146569
v 1.122719 0.271720 -1.121701
v 1.147109 0.279004 -1.128985
v 0.926502 0.106476 -1.431091
v 0.960995 0.073985 -1.417633
v 0.936605 0.083502 -1.421575
v 1.157212 0.106476 -1.431091
v 1.122719 0.073985 -1.417633
v 1.147109 0.083502 -1.421575
v 0.926502 0.039718 -1.766709
v 0.960995 0.004549 -1.766709
v 0.936605 0.014850 -1.766709
v 1.157211 0.039718 -1.766709
v 1.122719 0.004549 -1.766709
v 1.147109 0.014850 -1.766709
v 0.926502 0.106476 -2.102326
v 0.960995 0.073985 -2.115784
v 0.936605 0.083502 -2.111842
v 1.157211 0.106476 -2.102326
v 1.122719 0.073985 -2.115784
v 1.147109 0.083502 -2.111842
v 0.926502 0.296588 -2.386848
v 0.960995 0.271720 -2.411716
v 0.936605 0.279004 -2.404433
v 1.157211 0.296588 -2.386848
v 1.122719 0.271720 -2.411716
v 1.147109 0.279004 -2.404433
v 0.926502 0.581111 -2.576960
v 0.960995 0.567652 -2.609452
v 0.936605 0.571594 -2.599935
v 1.157211 0.581111 -2.576960
v 1.122719 0.567652 -2.609452
v 1.147109 0.571594 -2.599935
v 0.926502 0.916728 -2.643719
v 0.960995 0.916728 -2.678887
v 0.936605 0.916728 -2.668587
v 1.157211 0.916728 -2.643719
v 1.122719 0.916728 -2.678887
v 1.147109 0.916728 -2.668587
v 0.926502 1.252345 -2.576960
v 0.960995 1.265804 -2.609452
v 0.936605 1.261862 -2.599935
v 1.157212 1.252345 -2.576960
v 1.122719 1.265804 -2.609452
v 1.147109 1.261862 -2.599935
v 0.926502 1.536867 -2.386848
v 0.960995 1.561735 -2.411716
v 0.936605 1.554452 -2.404433
v 1.157212 1.536867 -2.386848
v 1.122719 1.561735 -2.411716
v 1.147109 1.554452 -2.404433
v 0.926502 1.726979 -2.102326
v 0.960995 1.759471 -2.115784
v 0.936605 1.749954 -2.111842
v 1.157212 1.726979 -2.102326
v 1.122719 1.759471 -2.115784
v 1.147109 1.749954 -2.111842
v -0.926503 1.793738 1.766709
v -0.960995 1.828907 1.766709
v -0.936605 1.818606 1.766709
v -1.157212 1.793738 1.766709
v -1.122719 1.828907 1.766709
v -1.147109 1.818606 1.766709
v -0.926503 1.726979 1.431092
v -0.960995 1.759471 1.417633
v -0.936605 1.749954 1.421575
v -1.157212 1.726979 1.431092
v -1.122719 1.759471 1.417633
v -1.147109 1.749954 1.421575
v -0.926503 1.536867 1.146569
v -0.960995 1.561736 1.121701
v -0.936605 1.554452 1.128985
v -1.157212 1.536867 1.146569
v -1.122719 1.561736 1.121701
v -1.147109 1.554452 1.128985
v -0.926503 1.252345 0.956457
v -0.960995 1.265803 0.923966
v -0.936605 1.261862 0.933482
v -1.157212 1.252345 0.956457
v -1.122719 1.265803 0.923966
v -1.147109 1.261862 0.933482
v -0.926503 0.916728 0.889699
v -0.960996 0.916728 0.854530
v -0.936605 0.916728 0.864831
v -1.157212 0.916728 0.889699
v -1.122719 0.916728 0.854530
v -1.147109 0.916728 0.864831
v -0.926503 0.581111 0.956457
v -0.960996 0.567652 0.923966
v -0.936605 0.571594 0.933482
v -1.157212 0.581111 0.956457
v -1.122719 0.567652 0.923966
v -1.147109 0.571594 0.933482
v -0.926503 0.296588 1.146569
v -0.960996 0.271720 1.121701
v -0.936605 0.279004 1.128985
v -1.157212 0.296588 1.146569
v -1.122719 0.271720 1.121701
v -1.147109 0.279004 1.128985
v -0.926503 0.106476 1.431091
v -0.960996 0.073985 1.417633
v -0.936605 0.083502 1.421575
v -1.157212 0.106476 1.431091
v -1.122719 0.073985 1.417633
v -1.147109 0.083502 1.421575
v -0.926503 0.039718 1.766709
v -0.960996 0.004549 1.766709
v -0.936605 0.014850 1.766709
v -1.157212 0.039718 1.766709
v -1.122719 0.004549 1.766709
v -1.147109 0.014850 1.766709
v -0.926503 0.106476 2.102326
v -0.960995 0.073985 2.115784
v -0.936605 0.083502 2.111842
v -1.157212 0.106476 2.102326
v -1.122719 0.073985 2.115784
v -1.147109 0.083502 2.111842
v -0.926503 0.296588 2.386848
v -0.960995 0.271720 2.411716
v -0.936605 0.279004 2.404433
v -1.157212 0.296588 2.386848
v -1.122719 0.271720 2.411716
v -1.147109 0.279004 2.404433
v -0.926503 0.581111 2.576960
v -0.960995 0.567652 2.609452
v -0.936605 0.571594 2.599935
v -1.157212 0.581111 2.576960
v -1.122719 0.567652 2.609452
v -1.147109 0.571594 2.599935
v -0.926503 0.916728 2.643719
v -0.960995 0.916728 2.678887
v -0.936605 0.916728 2.668587
v -1.157212 0.916728 2.643719
v -1.122719 0.916728 2.678887
v -1.147109 0.916728 2.668587
v -0.926503 1.252345 2.576960
v -0.960995 1.265804 2.609452
v -0.936605 1.261862 2.599935
v -1.157212 1.252345 2.576960
v -1.122719 1.265804 2.609452
v -1.147109 1.261862 2.599935
v -0.926503 1.536867 2.386848
v -0.960995 1.561736 2.411716
v -0.936605 1.554452 2.404433
v -1.157212 1.536867 2.386848
v -1.122719 1.561736 2.411716
v -1.147109 1.554452 2.404433
v -0.926503 1.726979 2.102326
v -0.960995 1.759471 2.115784
v -0.936605 1.749954 2.111842
v -1.157212 1.726979 2.102326
v -1.122719 1.759471 2.115784
v -1.147109 1.749954 2.111842
v -0.926503 1.793738 -1.766709
v -0.960996 1.828907 -1.766709
v -0.936606 1.818606 -1.766709
v -1.157212 1.793738 -1.766709
v -1.122719 1.828907 -1.766709
v -1.147109 1.818606 -1.766709
v -0.926503 1.726979 -1.431092
v -0.960996 1.759471 -1.417633
v -0.936606 1.749954 -1.421575
v -1.157212 1.726979 -1.431092
v -1.122719 1.759471 -1.417633
v -1.147109 1.749954 -1.421575
v -0.926503 1.536867 -1.146569
v -0.960996 1.561736 -1.121701
v -0.936606 1.554452 -1.128985
v -1.157212 1.536867 -1.146569
v -1.122719 1.561736 -1.121701
v -1.147109 1.554452 -1.128985
v -0.926503 1.252345 -0.956457
v -0.960996 1.265803 -0.923966
v -0.936606 1.261862 -0.933482
v -1.157212 1.252345 -0.956457
v -1.122719 1.265803 -0.923966
v -1.147109 1.261862 -0.933482
v -0.926503 0.916728 -0.889699
v -0.960996 0.916728 -0.854530
v -0.936606 0.916728 -0.864831
v -1.157212 0.916728 -0.889699
v -1.122719 0.916728 -0.854530
v -1.147109 0.916728 -0.864831
v -0.926503 0.581111 -0.956457
v -0.960996 0.567652 -0.923966
v -0.936606 0.571594 -0.933482
v -1.157212 0.581111 -0.956457
v -1.122719 0.567652 -0.923966
v -1.147109 0.571594 -0.933482
v -0.926503 0.296588 -1.146569
v -0.960996 0.271720 -1.121701
v -0.936606 0.279004 -1.128985
v -1.157212 0.296588 -1.146569
v -1.122719 0.271720 -1.121701
v -1.147109 0.279004 -1.128985
v -0.926503 0.106476 -1.431091
v -0.960996 0.073985 -1.417633
v -0.936606 0.083502 -1.421575
v -1.157212 0.106476 -1.431091
v -1.122719 0.073985 -1.417633
v -1.147109 0.083502 -1.421575
v -0.926503 0.039718 -1.766709
v -0.960996 0.004549 -1.766709
v -0.936606 0.014850 -1.766709
v -1.157212 0.039718 -1.766709
v -1.122719 0.004549 -1.766709
v -1.147109 0.014850 -1.766709
v -0.926503 0.106476 -2.102326
v -0.960996 0.073985 -2.115784
v -0.936606 0.083502 -2.111842
v -1.157212 0.106476 -2.102326
v -1.122719 0.073985 -2.115784
v -1.147109 0.083502 -2.111842
v -0.926503 0.296588 -2.386848
v -0.960996 0.271720 -2.411716
v -0.936606 0.279004 -2.404433
v -1.157212 0.296588 -2.386848
v -1.122719 0.271720 -2.411716
v -1.147109 0.279004 -2.404433
v -0.926503 0.581111 -2.576960
v -0.960996 0.567652 -2.609452
v -0.936606 0.571594 -2.599935
v -1.157212 0.581111 -2.576960
v -1.122719 0.567652 -2.609452
v -1.147109 0.571594 -2.599935
v -0.926503 0.916728 -2.643719
v -0.960996 0.916728 -2.678887
v -0.936606 0.916728 -2.668587
v -1.157212 0.916728 -2.643719
v -1.122719 0.916728 -2.678887
v -1.147109 0.916728 -2.668587
v -0.926503 1.252345 -2.576960
v -0.960996 1.265804 -2.609452
v -0.936606 1.261862 -2.599935
v -1.157212 1.252345 -2.576960
v -1.122719 1.265804 -2.609452
v -1.147109 1.261862 -2.599935
v -0.926503 1.536867 -2.386848
v -0.960996 1.561736 -2.411716
v -0.936606 1.554452 -2.404433
v -1.157212 1.536867 -2.386848
v -1.122719 1.561736 -2.411716
v -1.147109 1.554452 -2.404433
v -0.926503 1.726979 -2.102326
v -0.960996 1.759471 -2.115784
v -0.936606 1.749954 -2.111842
v -1.157212 1.726979 -2.102326
v -1.122719 1.759471 -2.115784
v -1.147109 1.749954 -2.111842
vt 0.852074 0.751891
vt 0.839086 0.751891
vt 0.839086 0.723307
vt 0.852075 0.723307
vt 0.852075 0.666138
vt 0.839086 0.666138
vt 0.839086 0.637554
vt 0.852075 0.637554
vt 0.839086 0.608970
vt 0.852075 0.608970
vt 0.839086 0.580386
vt 0.852075 0.580386
vt 0.839086 0.551801
vt 0.852075 0.551801
vt 0.839086 0.523217
vt 0.852075 0.523217
vt 0.839086 0.494633
vt 0.852075 0.494633
vt 0.852075 0.951981
vt 0.839086 0.951981
vt 0.839086 0.923397
vt 0.852075 0.923397
vt 0.839086 0.894813
vt 0.852075 0.894813
vt 0.839086 0.866229
vt 0.852074 0.866229
vt 0.839086 0.837644
vt 0.852074 0.837644
vt 0.839086 0.809060
vt 0.852074 0.809060
vt 0.839086 0.780476
vt 0.852074 0.780476
vt 0.852075 0.694723
vt 0.839086 0.694723
vt 0.302248 0.955143
vt 0.282807 0.935798
vt 0.272267 0.910489
vt 0.272257 0.883070
vt 0.282729 0.857720
vt 0.302142 0.838328
vt 0.327485 0.827786
vt 0.354938 0.827784
vt 0.380325 0.838201
vt 0.399753 0.857559
vt 0.410281 0.882880
vt 0.410275 0.910311
vt 0.399836 0.935677
vt 0.380459 0.955082
vt 0.355107 0.965566
vt 0.327645 0.965546
vt 0.953743 0.237328
vt 0.974387 0.257910
vt 0.972551 0.259157
vt 0.952526 0.239183
vt 0.970720 0.260379
vt 0.951305 0.241014
vt 0.299813 0.958833
vt 0.279145 0.938271
vt 0.280979 0.937022
vt 0.301028 0.956976
vt 0.985554 0.284848
vt 0.983379 0.285296
vt 0.981219 0.285722
vt 0.326801 0.969887
vt 0.327217 0.967706
vt 0.985554 0.314023
vt 0.983373 0.313608
vt 0.981213 0.313180
vt 0.355979 0.969902
vt 0.355533 0.967727
vt 0.974505 0.341010
vt 0.972647 0.339795
vt 0.970814 0.338576
vt 0.382925 0.958751
vt 0.381680 0.956913
vt 0.953944 0.361682
vt 0.952695 0.359848
vt 0.951471 0.358018
vt 0.403522 0.938117
vt 0.401666 0.936899
vt 0.927022 0.372880
vt 0.926573 0.370706
vt 0.926144 0.368547
vt 0.414613 0.911157
vt 0.412434 0.910741
vt 0.897859 0.372906
vt 0.898274 0.370726
vt 0.898702 0.368566
vt 0.414613 0.882004
vt 0.412440 0.882452
vt 0.870893 0.361830
vt 0.872110 0.359974
vt 0.873331 0.358143
vt 0.403418 0.855087
vt 0.401583 0.856335
vt 0.850251 0.341249
vt 0.852087 0.340002
vt 0.853918 0.338781
vt 0.382761 0.834512
vt 0.381545 0.836369
vt 0.839086 0.314314
vt 0.841261 0.313866
vt 0.843421 0.313440
vt 0.355782 0.823443
vt 0.355367 0.825624
vt 0.839089 0.285140
vt 0.841270 0.285555
vt 0.843431 0.285984
vt 0.326607 0.823451
vt 0.327056 0.825626
vt 0.850161 0.258150
vt 0.852019 0.259365
vt 0.853852 0.260585
vt 0.299674 0.834659
vt 0.300920 0.836496
vt 0.870715 0.237468
vt 0.871964 0.239302
vt 0.873189 0.241131
vt 0.279046 0.855274
vt 0.280900 0.856495
vt 0.897626 0.226263
vt 0.898075 0.228436
vt 0.898504 0.230595
vt 0.267920 0.882222
vt 0.270099 0.882639
vt 0.926778 0.226252
vt 0.926363 0.228432
vt 0.925934 0.230590
vt 0.267936 0.911368
vt 0.270109 0.910918
vt 0.852074 0.751891
vt 0.852075 0.723307
vt 0.839086 0.723307
vt 0.839086 0.751891
vt 0.852075 0.666138
vt 0.852075 0.637554
vt 0.839086 0.637554
vt 0.839086 0.666138
vt 0.852075 0.608970
vt 0.839086 0.608970
vt 0.852075 0.580386
vt 0.839086 0.580386
vt 0.852075 0.551801
vt 0.839086 0.551801
vt 0.852075 0.523217
vt 0.839086 0.523217
vt 0.852075 0.494633
vt 0.839086 0.494633
vt 0.852075 0.951981
vt 0.852075 0.923397
vt 0.839086 0.923397
vt 0.839086 0.951981
vt 0.852075 0.894813
vt 0.839086 0.894813
vt 0.852074 0.866229
vt 0.839086 0.866229
vt 0.852074 0.837644
vt 0.839086 0.837644
vt 0.852074 0.809060
vt 0.839086 0.809060
vt 0.852074 0.780476
vt 0.839086 0.780476
vt 0.852075 0.694723
vt 0.839086 0.694723
vt 0.302248 0.955143
vt 0.327645 0.965546
vt 0.355107 0.965566
vt 0.380459 0.955082
vt 0.399836 0.935677
vt 0.410275 0.910311
vt 0.410281 0.882880
vt 0.399753 0.857559
vt 0.380325 0.838201
vt 0.354938 0.827784
vt 0.327485 0.827786
vt 0.302142 0.838328
vt 0.282729 0.857720
vt 0.272257 0.883070
vt 0.272267 0.910489
vt 0.282807 0.935798
vt 0.953743 0.237328
vt 0.952526 0.239183
vt 0.972551 0.259157
vt 0.974387 0.257910
vt 0.951305 0.241014
vt 0.970720 0.260379
vt 0.299813 0.958833
vt 0.301028 0.956976
vt 0.280979 0.937022
vt 0.279145 0.938271
vt 0.983379 0.285296
vt 0.985554 0.284848
vt 0.981219 0.285722
vt 0.326801 0.969887
vt 0.327217 0.967706
vt 0.983373 0.313608
vt 0.985554 0.314023
vt 0.981213 0.313180
vt 0.355979 0.969902
vt 0.355533 0.967727
vt 0.972647 0.339795
vt 0.974505 0.341010
vt 0.970814 0.338576
vt 0.382925 0.958751
vt 0.381680 0.956913
vt 0.952695 0.359848
vt 0.953944 0.361682
vt 0.951471 0.358018
vt 0.403522 0.938117
vt 0.401666 0.936899
vt 0.926573 0.370706
vt 0.927022 0.372880
vt 0.926144 0.368547
vt 0.414613 0.911157
vt 0.412434 0.910741
vt 0.898274 0.370726
vt 0.897859 0.372906
vt 0.898702 0.368566
vt 0.414613 0.882004
vt 0.412440 0.882452
vt 0.872110 0.359974
vt 0.870893 0.361830
vt 0.873331 0.358143
vt 0.403418 0.855087
vt 0.401583 0.856335
vt 0.852087 0.340002
vt 0.850251 0.341249
vt 0.853918 0.338781
vt 0.382761 0.834512
vt 0.381545 0.836369
vt 0.841261 0.313866
vt 0.839086 0.314314
vt 0.843421 0.313440
vt 0.355782 0.823443
vt 0.355367 0.825624
vt 0.841270 0.285555
vt 0.839089 0.285140
vt 0.843431 0.285984
vt 0.326607 0.823451
vt 0.327056 0.825626
vt 0.852019 0.259365
vt 0.850161 0.258150
vt 0.853852 0.260585
vt 0.299674 0.834659
vt 0.300920 0.836496
vt 0.871964 0.239302
vt 0.870715 0.237468
vt 0.873189 0.241131
vt 0.279046 0.855274
vt 0.280900 0.856495
vt 0.898075 0.228436
vt 0.897626 0.226263
vt 0.898504 0.230595
vt 0.267920 0.882222
vt 0.270099 0.882639
vt 0.926363 0.228432
vt 0.926778 0.226252
vt 0.925934 0.230590
vt 0.267936 0.911368
vt 0.270109 0.910918
vt 0.852074 0.751891
vt 0.852075 0.723307
vt 0.839086 0.723307
vt 0.839086 0.751891
vt 0.852075 0.666138
vt 0.852075 0.637554
vt 0.839086 0.637554
vt 0.839086 0.666138
vt 0.852075 0.608970
vt 0.839086 0.608970
vt 0.852075 0.580386
vt 0.839086 0.580386
vt 0.852075 0.551801
vt 0.839086 0.551801
vt 0.852075 0.523217
vt 0.839086 0.523217
vt 0.852075 0.494633
vt 0.839086 0.494633
vt 0.852075 0.951981
vt 0.852075 0.923397
vt 0.839086 0.923397
vt 0.839086 0.951981
vt 0.852075 0.894813
vt 0.839086 0.894813
vt 0.852074 0.866229
vt 0.839086 0.866229
vt 0.852074 0.837644
vt 0.839086 0.837644
vt 0.852074 0.809060
vt 0.839086 0.809060
vt 0.852074 0.780476
vt 0.839086 0.780476
vt 0.852075 0.694723
vt 0.839086 0.694723
vt 0.302248 0.955143
vt 0.327645 0.965546
vt 0.355107 0.965566
vt 0.380459 0.955082
vt 0.399836 0.935677
vt 0.410275 0.910311
vt 0.410281 0.882880
vt 0.399753 0.857559
vt 0.380325 0.838201
vt 0.354938 0.827784
vt 0.327485 0.827786
vt 0.302142 0.838328
vt 0.282729 0.857720
vt 0.272257 0.883070
vt 0.272267 0.910489
vt 0.282807 0.935798
vt 0.953743 0.237328
vt 0.952526 0.239183
vt 0.972551 0.259157
vt 0.974387 0.257910
vt 0.951305 0.241014
vt 0.970720 0.260379
vt 0.299813 0.958833
vt 0.301028 0.956976
vt 0.280979 0.937022
vt 0.279145 0.938271
vt 0.983379 0.285296
vt 0.985554 0.284848
vt 0.981219 0.285722
vt 0.326801 0.969887
vt 0.327217 0.967706
vt 0.983373 0.313608
vt 0.985554 0.314023
vt 0.981213 0.313180
vt 0.355979 0.969902
vt 0.355533 0.967727
vt 0.972647 0.339795
vt 0.974505 0.341010
vt 0.970814 0.338576
vt 0.382925 0.958751
vt 0.381680 0.956913
vt 0.952695 0.359848
vt 0.953944 0.361682
vt 0.951471 0.358018
vt 0.403522 0.938117
vt 0.401666 0.936899
vt 0.926573 0.370706
vt 0.927022 0.372880
vt 0.926144 0.368547
vt 0.414613 0.911157
vt 0.412434 0.910741
vt 0.898274 0.370726
vt 0.897859 0.372906
vt 0.898702 0.368566
vt 0.414613 0.882004
vt 0.412440 0.882452
vt 0.872110 0.359974
vt 0.870893 0.361830
vt 0.873331 0.358143
vt 0.403418 0.855087
vt 0.401583 0.856335
vt 0.852087 0.340002
vt 0.850251 0.341249
vt 0.853918 0.338781
vt 0.382761 0.834512
vt 0.381545 0.836369
vt 0.841261 0.313866
vt 0.839086 0.314314
vt 0.843421 0.313440
vt 0.355782 0.823443
vt 0.355367 0.825624
vt 0.841270 0.285555
vt 0.839089 0.285140
vt 0.843431 0.285984
vt 0.326607 0.823451
vt 0.327056 0.825626
vt 0.852019 0.259365
vt 0.850161 0.258150
vt 0.853852 0.260585
vt 0.299674 0.834659
vt 0.300920 0.836496
vt 0.871964 0.239302
vt 0.870715 0.237468
vt 0.873189 0.241131
vt 0.279046 0.855274
vt 0.280900 0.856495
vt 0.898075 0.228436
vt 0.897626 0.226263
vt 0.898504 0.230595
vt 0.267920 0.882222
vt 0.270099 0.882639
vt 0.926363 0.228432
vt 0.926778 0.226252
vt 0.925934 0.230590
vt 0.267936 0.911368
vt 0.270109 0.910918
vt 0.852074 0.751891
vt 0.839086 0.751891
vt 0.839086 0.723307
vt 0.852075 0.723307
vt 0.852075 0.666138
vt 0.839086 0.666138
vt 0.839086 0.637554
vt 0.852075 0.637554
vt 0.839086 0.608970
vt 0.852075 0.608970
vt 0.839086 0.580386
vt 0.852075 0.580386
vt 0.839086 0.551801
vt 0.852075 0.551801
vt 0.839086 0.523217
vt 0.852075 0.523217
vt 0.839086 0.494633
vt 0.852075 0.494633
vt 0.852075 0.951981
vt 0.839086 0.951981
vt 0.839086 0.923397
vt 0.852075 0.923397
vt 0.839086 0.894813
vt 0.852075 0.894813
vt 0.839086 0.866229
vt 0.852074 0.866229
vt 0.839086 0.837644
vt 0.852074 0.837644
vt 0.839086 0.809060
vt 0.852074 0.809060
vt 0.839086 0.780476
vt 0.852074 0.780476
vt 0.852075 0.694723
vt 0.839086 0.694723
vt 0.302248 0.955143
vt 0.282807 0.935798
vt 0.272267 0.910489
vt 0.272257 0.883070
vt 0.282729 0.857720
vt 0.302142 0.838328
vt 0.327485 0.827786
vt 0.354938 0.827784
vt 0.380325 0.838201
vt 0.399753 0.857559
vt 0.410281 0.882880
vt 0.410275 0.910311
vt 0.399836 0.935677
vt 0.380459 0.955082
vt 0.355107 0.965566
vt 0.327645 0.965546
vt 0.953743 0.237328
vt 0.974387 0.257910
vt 0.972551 0.259157
vt 0.952526 0.239183
vt 0.970720 0.260379
vt 0.951305 0.241014
vt 0.299813 0.958833
vt 0.279145 0.938271
vt 0.280979 0.937022
vt 0.301028 0.956976
vt 0.985554 0.284848
vt 0.983379 0.285296
vt 0.981219 0.285722
vt 0.326801 0.969887
vt 0.327217 0.967706
vt 0.985554 0.314023
vt 0.983373 0.313608
vt 0.981213 0.313180
vt 0.355979 0.969902
vt 0.355533 0.967727
vt 0.974505 0.341010
vt 0.972647 0.339795
vt 0.970814 0.338576
vt 0.382925 0.958751
vt 0.381680 0.956913
vt 0.953944 0.361682
vt 0.952695 0.359848
vt 0.951471 0.358018
vt 0.403522 0.938117
vt 0.401666 0.936899
vt 0.927022 0.372880
vt 0.926573 0.370706
vt 0.926144 0.368547
vt 0.414613 0.911157
vt 0.412434 0.910741
vt 0.897859 0.372906
vt 0.898274 0.370726
vt 0.898702 0.368566
vt 0.414613 0.882004
vt 0.412440 0.882452
vt 0.870893 0.361830
vt 0.872110 0.359974
vt 0.873331 0.358143
vt 0.403418 0.855087
vt 0.401583 0.856335
vt 0.850251 0.341249
vt 0.852087 0.340002
vt 0.853918 0.338781
vt 0.382761 0.834512
vt 0.381545 0.836369
vt 0.839086 0.314314
vt 0.841261 0.313866
vt 0.843421 0.313440
vt 0.355782 0.823443
vt 0.355367 0.825624
vt 0.839089 0.285140
vt 0.841270 0.285555
vt 0.843431 0.285984
vt 0.326607 0.823451
vt 0.327056 0.825626
vt 0.850161 0.258150
vt 0.852019 0.259365
vt 0.853852 0.260585
vt 0.299674 0.834659
vt 0.300920 0.836496
vt 0.870715 0.237468
vt 0.871964 0.239302
vt 0.873189 0.241131
vt 0.279046 0.855274
vt 0.280900 0.856495
vt 0.897626 0.226263
vt 0.898075 0.228436
vt 0.898504 0.230595
vt 0.267920 0.882222
vt 0.270099 0.882639
vt 0.926778 0.226252
vt 0.926363 0.228432
vt 0.925934 0.230590
vt 0.267936 0.911368
vt 0.270109 0.910918
vn -0.1938 0.9063 0.3754
vn 0.1938 0.9063 0.3754
vn 0.1938 0.9810 0.0000
vn -0.1938 0.9810 0.0000
vn -0.1938 0.6937 -0.6937
vn 0.1938 0.6937 -0.6937
vn 0.1938 0.3754 -0.9063
vn -0.1938 0.3754 -0.9063
vn 0.1938 0.0000 -0.9810
vn -0.1938 0.0000 -0.9810
vn 0.1938 -0.3754 -0.9063
vn -0.1938 -0.3754 -0.9063
vn 0.1938 -0.6937 -0.6937
vn -0.1938 -0.6937 -0.6937
vn 0.1938 -0.9063 -0.3754
vn -0.1938 -0.9063 -0.3754
vn 0.1938 -0.9810 0.0000
vn -0.1938 -0.9810 0.0000
vn 0.1938 -0.9063 0.3754
vn -0.1938 -0.9063 0.3754
vn 0.1938 -0.6937 0.6937
vn -0.1938 -0.6937 0.6937
vn 0.1938 -0.3754 0.9063
vn -0.1938 -0.3754 0.9063
vn 0.1938 0.0000 0.9810
vn -0.1938 0.0000 0.9810
vn 0.1938 0.3754 0.9063
vn -0.1938 0.3754 0.9063
vn 0.1938 0.6937 0.6937
vn -0.1938 0.6937 0.6937
vn -0.1938 0.9063 -0.3754
vn 0.1938 0.9063 -0.3754
vn 0.9767 0.1982 -0.0821
vn 0.9767 0.2146 0.0000
vn 0.9767 0.1982 0.0821
vn 0.9767 0.1517 0.1517
vn 0.9767 0.0821 0.1982
vn 0.9767 0.0000 0.2146
vn 0.9767 -0.0821 0.1982
vn 0.9767 -0.1517 0.1517
vn 0.9767 -0.1982 0.0821
vn 0.9767 -0.2146 0.0000
vn 0.9767 -0.1982 -0.0821
vn 0.9767 -0.1517 -0.1517
vn 0.9767 -0.0821 -0.1982
vn 0.9767 0.0000 -0.2146
vn 0.9767 0.0821 -0.1982
vn 0.9767 0.1517 -0.1517
vn -0.6889 0.6697 -0.2774
vn -0.6889 0.7249 0.0000
vn -0.9767 0.1982 -0.0821
vn -0.9767 0.2146 0.0000
vn 0.6889 0.7249 0.0000
vn 0.6889 0.6697 -0.2774
vn -0.6889 0.5126 -0.5126
vn -0.9767 0.1517 -0.1517
vn 0.6889 0.5126 -0.5126
vn -0.6889 0.2774 -0.6697
vn -0.9767 0.0821 -0.1982
vn 0.6889 0.2774 -0.6697
vn -0.6889 0.0000 -0.7249
vn -0.9767 0.0000 -0.2146
vn 0.6889 0.0000 -0.7249
vn -0.6889 -0.2774 -0.6697
vn -0.9767 -0.0821 -0.1982
vn 0.6889 -0.2774 -0.6697
vn -0.6889 -0.5126 -0.5126
vn -0.9767 -0.1517 -0.1517
vn 0.6889 -0.5126 -0.5126
vn -0.6889 -0.6697 -0.2774
vn -0.9767 -0.1982 -0.0821
vn 0.6889 -0.6697 -0.2774
vn -0.6889 -0.7249 0.0000
vn -0.9767 -0.2146 0.0000
vn 0.6889 -0.7249 0.0000
vn -0.6889 -0.6697 0.2774
vn -0.9767 -0.1982 0.0821
vn 0.6889 -0.6697 0.2774
vn -0.6889 -0.5126 0.5126
vn -0.9767 -0.1517 0.1517
vn 0.6889 -0.5126 0.5126
vn -0.6889 -0.2774 0.6697
vn -0.9767 -0.0821 0.1982
vn 0.6889 -0.2774 0.6697
vn -0.6889 0.0000 0.7249
vn -0.9767 0.0000 0.2146
vn 0.6889 0.0000 0.7249
vn -0.6889 0.2774 0.6697
vn -0.9767 0.0821 0.1982
vn 0.6889 0.2774 0.6697
vn -0.6889 0.5126 0.5126
vn -0.9767 0.1517 0.1517
vn 0.6889 0.5126 0.5126
vn -0.6889 0.6697 0.2774
vn -0.9767 0.1982 0.0821
vn 0.6889 0.6697 0.2774
usemtl WoodToy2
s 1
f 3110/3323/2066 3113/3324/2067 3023/3325/2068 3020/3326/2069
f 3032/3327/2070 3035/3328/2071 3041/3329/2072 3038/3330/2073
f 3038/3330/2073 3041/3329/2072 3047/3331/2074 3044/3332/2075
f 3044/3332/2075 3047/3331/2074 3053/3333/2076 3050/3334/2077
f 3050/3334/2077 3053/3333/2076 3059/3335/2078 3056/3336/2079
f 3056/3336/2079 3059/3335/2078 3065/3337/2080 3062/3338/2081
f 3062/3338/2081 3065/3337/2080 3071/3339/2082 3068/3340/2083
f 3068/3341/2083 3071/3342/2082 3077/3343/2084 3074/3344/2085
f 3074/3344/2085 3077/3343/2084 3083/3345/2086 3080/3346/2087
f 3080/3346/2087 3083/3345/2086 3089/3347/2088 3086/3348/2089
f 3086/3348/2089 3089/3347/2088 3095/3349/2090 3092/3350/2091
f 3092/3350/2091 3095/3349/2090 3101/3351/2092 3098/3352/2093
f 3098/3352/2093 3101/3351/2092 3107/3353/2094 3104/3354/2095
f 3104/3354/2095 3107/3353/2094 3113/3324/2067 3110/3323/2066
f 3026/3355/2096 3029/3356/2097 3035/3328/2071 3032/3327/2070
f 3028/3357/2098 3022/3358/2099 3112/3359/2100 3106/3360/2101 3100/3361/2102 3094/3362/2103 3088/3363/2104 3082/3364/2105 3076/3365/2106 3070/3366/2107 3064/3367/2108 3058/3368/2109 3052/3369/2110 3046/3370/2111 3040/3371/2112 3034/3372/2113
f 3020/3326/2069 3023/3325/2068 3029/3356/2097 3026/3355/2096
f 3020/3373/2069 3026/3374/2096 3027/3375/2114 3021/3376/2115
f 3021/3376/2115 3027/3375/2114 3025/3377/2116 3019/3378/2117
f 3029/3379/2097 3023/3380/2068 3024/3381/2118 3030/3382/2119
f 3030/3382/2119 3024/3381/2118 3022/3358/2099 3028/3357/2098
f 3026/3374/2096 3032/3383/2070 3033/3384/2120 3027/3375/2114
f 3027/3375/2114 3033/3384/2120 3031/3385/2121 3025/3377/2116
f 3035/3386/2071 3029/3379/2097 3030/3382/2119 3036/3387/2122
f 3036/3387/2122 3030/3382/2119 3028/3357/2098 3034/3372/2113
f 3032/3383/2070 3038/3388/2073 3039/3389/2123 3033/3384/2120
f 3033/3384/2120 3039/3389/2123 3037/3390/2124 3031/3385/2121
f 3041/3391/2072 3035/3386/2071 3036/3387/2122 3042/3392/2125
f 3042/3392/2125 3036/3387/2122 3034/3372/2113 3040/3371/2112
f 3038/3388/2073 3044/3393/2075 3045/3394/2126 3039/3389/2123
f 3039/3389/2123 3045/3394/2126 3043/3395/2127 3037/3390/2124
f 3047/3396/2074 3041/3391/2072 3042/3392/2125 3048/3397/2128
f 3048/3397/2128 3042/3392/2125 3040/3371/2112 3046/3370/2111
f 3044/3393/2075 3050/3398/2077 3051/3399/2129 3045/3394/2126
f 3045/3394/2126 3051/3399/2129 3049/3400/2130 3043/3395/2127
f 3053/3401/2076 3047/3396/2074 3048/3397/2128 3054/3402/2131
f 3054/3402/2131 3048/3397/2128 3046/3370/2111 3052/3369/2110
f 3050/3398/2077 3056/3403/2079 3057/3404/2132 3051/3399/2129
f 3051/3399/2129 3057/3404/2132 3055/3405/2133 3049/3400/2130
f 3059/3406/2078 3053/3401/2076 3054/3402/2131 3060/3407/2134
f 3060/3407/2134 3054/3402/2131 3052/3369/2110 3058/3368/2109
f 3056/3403/2079 3062/3408/2081 3063/3409/2135 3057/3404/2132
f 3057/3404/2132 3063/3409/2135 3061/3410/2136 3055/3405/2133
f 3065/3411/2080 3059/3406/2078 3060/3407/2134 3066/3412/2137
f 3066/3412/2137 3060/3407/2134 3058/3368/2109 3064/3367/2108
f 3062/3408/2081 3068/3413/2083 3069/3414/2138 3063/3409/2135
f 3063/3409/2135 3069/3414/2138 3067/3415/2139 3061/3410/2136
f 3071/3416/2082 3065/3411/2080 3066/3412/2137 3072/3417/2140
f 3072/3417/2140 3066/3412/2137 3064/3367/2108 3070/3366/2107
f 3068/3413/2083 3074/3418/2085 3075/3419/2141 3069/3414/2138
f 3069/3414/2138 3075/3419/2141 3073/3420/2142 3067/3415/2139
f 3077/3421/2084 3071/3416/2082 3072/3417/2140 3078/3422/2143
f 3078/3422/2143 3072/3417/2140 3070/3366/2107 3076/3365/2106
f 3074/3418/2085 3080/3423/2087 3081/3424/2144 3075/3419/2141
f 3075/3419/2141 3081/3424/2144 3079/3425/2145 3073/3420/2142
f 3083/3426/2086 3077/3421/2084 3078/3422/2143 3084/3427/2146
f 3084/3427/2146 3078/3422/2143 3076/3365/2106 3082/3364/2105
f 3080/3423/2087 3086/3428/2089 3087/3429/2147 3081/3424/2144
f 3081/3424/2144 3087/3429/2147 3085/3430/2148 3079/3425/2145
f 3089/3431/2088 3083/3426/2086 3084/3427/2146 3090/3432/2149
f 3090/3432/2149 3084/3427/2146 3082/3364/2105 3088/3363/2104
f 3086/3428/2089 3092/3433/2091 3093/3434/2150 3087/3429/2147
f 3087/3429/2147 3093/3434/2150 3091/3435/2151 3085/3430/2148
f 3095/3436/2090 3089/3431/2088 3090/3432/2149 3096/3437/2152
f 3096/3437/2152 3090/3432/2149 3088/3363/2104 3094/3362/2103
f 3092/3433/2091 3098/3438/2093 3099/3439/2153 3093/3434/2150
f 3093/3434/2150 3099/3439/2153 3097/3440/2154 3091/3435/2151
f 3101/3441/2092 3095/3436/2090 3096/3437/2152 3102/3442/2155
f 3102/3442/2155 3096/3437/2152 3094/3362/2103 3100/3361/2102
f 3098/3438/2093 3104/3443/2095 3105/3444/2156 3099/3439/2153
f 3099/3439/2153 3105/3444/2156 3103/3445/2157 3097/3440/2154
f 3107/3446/2094 3101/3441/2092 3102/3442/2155 3108/3447/2158
f 3108/3447/2158 3102/3442/2155 3100/3361/2102 3106/3360/2101
f 3104/3443/2095 3110/3448/2066 3111/3449/2159 3105/3444/2156
f 3105/3444/2156 3111/3449/2159 3109/3450/2160 3103/3445/2157
f 3113/3451/2067 3107/3446/2094 3108/3447/2158 3114/3452/2161
f 3114/3452/2161 3108/3447/2158 3106/3360/2101 3112/3359/2100
f 3110/3448/2066 3020/3373/2069 3021/3376/2115 3111/3449/2159
f 3111/3449/2159 3021/3376/2115 3019/3378/2117 3109/3450/2160
f 3023/3380/2068 3113/3451/2067 3114/3452/2161 3024/3381/2118
f 3024/3381/2118 3114/3452/2161 3112/3359/2100 3022/3358/2099
f 3019/3378/2117 3025/3377/2116 3031/3385/2121 3037/3390/2124 3043/3395/2127 3049/3400/2130 3055/3405/2133 3061/3410/2136 3067/3415/2139 3073/3420/2142 3079/3425/2145 3085/3430/2148 3091/3435/2151 3097/3440/2154 3103/3445/2157 3109/3450/2160
f 3206/3453/2096 3116/3454/2069 3119/3455/2068 3209/3456/2097
f 3128/3457/2095 3134/3458/2093 3137/3459/2092 3131/3460/2094
f 3134/3458/2093 3140/3461/2091 3143/3462/2090 3137/3459/2092
f 3140/3461/2091 3146/3463/2089 3149/3464/2088 3143/3462/2090
f 3146/3463/2089 3152/3465/2087 3155/3466/2086 3149/3464/2088
f 3152/3465/2087 3158/3467/2085 3161/3468/2084 3155/3466/2086
f 3158/3467/2085 3164/3469/2083 3167/3470/2082 3161/3468/2084
f 3164/3471/2083 3170/3472/2081 3173/3473/2080 3167/3474/2082
f 3170/3472/2081 3176/3475/2079 3179/3476/2078 3173/3473/2080
f 3176/3475/2079 3182/3477/2077 3185/3478/2076 3179/3476/2078
f 3182/3477/2077 3188/3479/2075 3191/3480/2074 3185/3478/2076
f 3188/3479/2075 3194/3481/2073 3197/3482/2072 3191/3480/2074
f 3194/3481/2073 3200/3483/2070 3203/3484/2071 3197/3482/2072
f 3200/3483/2070 3206/3453/2096 3209/3456/2097 3203/3484/2071
f 3122/3485/2066 3128/3457/2095 3131/3460/2094 3125/3486/2067
f 3124/3487/2100 3130/3488/2101 3136/3489/2102 3142/3490/2103 3148/3491/2104 3154/3492/2105 3160/3493/2106 3166/3494/2107 3172/3495/2108 3178/3496/2109 3184/3497/2110 3190/3498/2111 3196/3499/2112 3202/3500/2113 3208/3501/2098 3118/3502/2099
f 3116/3454/2069 3122/3485/2066 3125/3486/2067 3119/3455/2068
f 3116/3503/2069 3117/3504/2115 3123/3505/2159 3122/3506/2066
f 3117/3504/2115 3115/3507/2117 3121/3508/2160 3123/3505/2159
f 3125/3509/2067 3126/3510/2161 3120/3511/2118 3119/3512/2068
f 3126/3510/2161 3124/3487/2100 3118/3502/2099 3120/3511/2118
f 3122/3506/2066 3123/3505/2159 3129/3513/2156 3128/3514/2095
f 3123/3505/2159 3121/3508/2160 3127/3515/2157 3129/3513/2156
f 3131/3516/2094 3132/3517/2158 3126/3510/2161 3125/3509/2067
f 3132/3517/2158 3130/3488/2101 3124/3487/2100 3126/3510/2161
f 3128/3514/2095 3129/3513/2156 3135/3518/2153 3134/3519/2093
f 3129/3513/2156 3127/3515/2157 3133/3520/2154 3135/3518/2153
f 3137/3521/2092 3138/3522/2155 3132/3517/2158 3131/3516/2094
f 3138/3522/2155 3136/3489/2102 3130/3488/2101 3132/3517/2158
f 3134/3519/2093 3135/3518/2153 3141/3523/2150 3140/3524/2091
f 3135/3518/2153 3133/3520/2154 3139/3525/2151 3141/3523/2150
f 3143/3526/2090 3144/3527/2152 3138/3522/2155 3137/3521/2092
f 3144/3527/2152 3142/3490/2103 3136/3489/2102 3138/3522/2155
f 3140/3524/2091 3141/3523/2150 3147/3528/2147 3146/3529/2089
f 3141/3523/2150 3139/3525/2151 3145/3530/2148 3147/3528/2147
f 3149/3531/2088 3150/3532/2149 3144/3527/2152 3143/3526/2090
f 3150/3532/2149 3148/3491/2104 3142/3490/2103 3144/3527/2152
f 3146/3529/2089 3147/3528/2147 3153/3533/2144 3152/3534/2087
f 3147/3528/2147 3145/3530/2148 3151/3535/2145 3153/3533/2144
f 3155/3536/2086 3156/3537/2146 3150/3532/2149 3149/3531/2088
f 3156/3537/2146 3154/3492/2105 3148/3491/2104 3150/3532/2149
f 3152/3534/2087 3153/3533/2144 3159/3538/2141 3158/3539/2085
f 3153/3533/2144 3151/3535/2145 3157/3540/2142 3159/3538/2141
f 3161/3541/2084 3162/3542/2143 3156/3537/2146 3155/3536/2086
f 3162/3542/2143 3160/3493/2106 3154/3492/2105 3156/3537/2146
f 3158/3539/2085 3159/3538/2141 3165/3543/2138 3164/3544/2083
f 3159/3538/2141 3157/3540/2142 3163/3545/2139 3165/3543/2138
f 3167/3546/2082 3168/3547/2140 3162/3542/2143 3161/3541/2084
f 3168/3547/2140 3166/3494/2107 3160/3493/2106 3162/3542/2143
f 3164/3544/2083 3165/3543/2138 3171/3548/2135 3170/3549/2081
f 3165/3543/2138 3163/3545/2139 3169/3550/2136 3171/3548/2135
f 3173/3551/2080 3174/3552/2137 3168/3547/2140 3167/3546/2082
f 3174/3552/2137 3172/3495/2108 3166/3494/2107 3168/3547/2140
f 3170/3549/2081 3171/3548/2135 3177/3553/2132 3176/3554/2079
f 3171/3548/2135 3169/3550/2136 3175/3555/2133 3177/3553/2132
f 3179/3556/2078 3180/3557/2134 3174/3552/2137 3173/3551/2080
f 3180/3557/2134 3178/3496/2109 3172/3495/2108 3174/3552/2137
f 3176/3554/2079 3177/3553/2132 3183/3558/2129 3182/3559/2077
f 3177/3553/2132 3175/3555/2133 3181/3560/2130 3183/3558/2129
f 3185/3561/2076 3186/3562/2131 3180/3557/2134 3179/3556/2078
f 3186/3562/2131 3184/3497/2110 3178/3496/2109 3180/3557/2134
f 3182/3559/2077 3183/3558/2129 3189/3563/2126 3188/3564/2075
f 3183/3558/2129 3181/3560/2130 3187/3565/2127 3189/3563/2126
f 3191/3566/2074 3192/3567/2128 3186/3562/2131 3185/3561/2076
f 3192/3567/2128 3190/3498/2111 3184/3497/2110 3186/3562/2131
f 3188/3564/2075 3189/3563/2126 3195/3568/2123 3194/3569/2073
f 3189/3563/2126 3187/3565/2127 3193/3570/2124 3195/3568/2123
f 3197/3571/2072 3198/3572/2125 3192/3567/2128 3191/3566/2074
f 3198/3572/2125 3196/3499/2112 3190/3498/2111 3192/3567/2128
f 3194/3569/2073 3195/3568/2123 3201/3573/2120 3200/3574/2070
f 3195/3568/2123 3193/3570/2124 3199/3575/2121 3201/3573/2120
f 3203/3576/2071 3204/3577/2122 3198/3572/2125 3197/3571/2072
f 3204/3577/2122 3202/3500/2113 3196/3499/2112 3198/3572/2125
f 3200/3574/2070 3201/3573/2120 3207/3578/2114 3206/3579/2096
f 3201/3573/2120 3199/3575/2121 3205/3580/2116 3207/3578/2114
f 3209/3581/2097 3210/3582/2119 3204/3577/2122 3203/3576/2071
f 3210/3582/2119 3208/3501/2098 3202/3500/2113 3204/3577/2122
f 3206/3579/2096 3207/3578/2114 3117/3504/2115 3116/3503/2069
f 3207/3578/2114 3205/3580/2116 3115/3507/2117 3117/3504/2115
f 3119/3512/2068 3120/3511/2118 3210/3582/2119 3209/3581/2097
f 3120/3511/2118 3118/3502/2099 3208/3501/2098 3210/3582/2119
f 3115/3507/2117 3205/3580/2116 3199/3575/2121 3193/3570/2124 3187/3565/2127 3181/3560/2130 3175/3555/2133 3169/3550/2136 3163/3545/2139 3157/3540/2142 3151/3535/2145 3145/3530/2148 3139/3525/2151 3133/3520/2154 3127/3515/2157 3121/3508/2160
f 3302/3583/2067 3212/3584/2068 3215/3585/2069 3305/3586/2066
f 3224/3587/2071 3230/3588/2072 3233/3589/2073 3227/3590/2070
f 3230/3588/2072 3236/3591/2074 3239/3592/2075 3233/3589/2073
f 3236/3591/2074 3242/3593/2076 3245/3594/2077 3239/3592/2075
f 3242/3593/2076 3248/3595/2078 3251/3596/2079 3245/3594/2077
f 3248/3595/2078 3254/3597/2080 3257/3598/2081 3251/3596/2079
f 3254/3597/2080 3260/3599/2082 3263/3600/2083 3257/3598/2081
f 3260/3601/2082 3266/3602/2084 3269/3603/2085 3263/3604/2083
f 3266/3602/2084 3272/3605/2086 3275/3606/2087 3269/3603/2085
f 3272/3605/2086 3278/3607/2088 3281/3608/2089 3275/3606/2087
f 3278/3607/2088 3284/3609/2090 3287/3610/2091 3281/3608/2089
f 3284/3609/2090 3290/3611/2092 3293/3612/2093 3287/3610/2091
f 3290/3611/2092 3296/3613/2094 3299/3614/2095 3293/3612/2093
f 3296/3613/2094 3302/3583/2067 3305/3586/2066 3299/3614/2095
f 3218/3615/2097 3224/3587/2071 3227/3590/2070 3221/3616/2096
f 3220/3617/2116 3226/3618/2121 3232/3619/2124 3238/3620/2127 3244/3621/2130 3250/3622/2133 3256/3623/2136 3262/3624/2139 3268/3625/2142 3274/3626/2145 3280/3627/2148 3286/3628/2151 3292/3629/2154 3298/3630/2157 3304/3631/2160 3214/3632/2117
f 3212/3584/2068 3218/3615/2097 3221/3616/2096 3215/3585/2069
f 3212/3633/2068 3213/3634/2118 3219/3635/2119 3218/3636/2097
f 3213/3634/2118 3211/3637/2099 3217/3638/2098 3219/3635/2119
f 3221/3639/2096 3222/3640/2114 3216/3641/2115 3215/3642/2069
f 3222/3640/2114 3220/3617/2116 3214/3632/2117 3216/3641/2115
f 3218/3636/2097 3219/3635/2119 3225/3643/2122 3224/3644/2071
f 3219/3635/2119 3217/3638/2098 3223/3645/2113 3225/3643/2122
f 3227/3646/2070 3228/3647/2120 3222/3640/2114 3221/3639/2096
f 3228/3647/2120 3226/3618/2121 3220/3617/2116 3222/3640/2114
f 3224/3644/2071 3225/3643/2122 3231/3648/2125 3230/3649/2072
f 3225/3643/2122 3223/3645/2113 3229/3650/2112 3231/3648/2125
f 3233/3651/2073 3234/3652/2123 3228/3647/2120 3227/3646/2070
f 3234/3652/2123 3232/3619/2124 3226/3618/2121 3228/3647/2120
f 3230/3649/2072 3231/3648/2125 3237/3653/2128 3236/3654/2074
f 3231/3648/2125 3229/3650/2112 3235/3655/2111 3237/3653/2128
f 3239/3656/2075 3240/3657/2126 3234/3652/2123 3233/3651/2073
f 3240/3657/2126 3238/3620/2127 3232/3619/2124 3234/3652/2123
f 3236/3654/2074 3237/3653/2128 3243/3658/2131 3242/3659/2076
f 3237/3653/2128 3235/3655/2111 3241/3660/2110 3243/3658/2131
f 3245/3661/2077 3246/3662/2129 3240/3657/2126 3239/3656/2075
f 3246/3662/2129 3244/3621/2130 3238/3620/2127 3240/3657/2126
f 3242/3659/2076 3243/3658/2131 3249/3663/2134 3248/3664/2078
f 3243/3658/2131 3241/3660/2110 3247/3665/2109 3249/3663/2134
f 3251/3666/2079 3252/3667/2132 3246/3662/2129 3245/3661/2077
f 3252/3667/2132 3250/3622/2133 3244/3621/2130 3246/3662/2129
f 3248/3664/2078 3249/3663/2134 3255/3668/2137 3254/3669/2080
f 3249/3663/2134 3247/3665/2109 3253/3670/2108 3255/3668/2137
f 3257/3671/2081 3258/3672/2135 3252/3667/2132 3251/3666/2079
f 3258/3672/2135 3256/3623/2136 3250/3622/2133 3252/3667/2132
f 3254/3669/2080 3255/3668/2137 3261/3673/2140 3260/3674/2082
f 3255/3668/2137 3253/3670/2108 3259/3675/2107 3261/3673/2140
f 3263/3676/2083 3264/3677/2138 3258/3672/2135 3257/3671/2081
f 3264/3677/2138 3262/3624/2139 3256/3623/2136 3258/3672/2135
f 3260/3674/2082 3261/3673/2140 3267/3678/2143 3266/3679/2084
f 3261/3673/2140 3259/3675/2107 3265/3680/2106 3267/3678/2143
f 3269/3681/2085 3270/3682/2141 3264/3677/2138 3263/3676/2083
f 3270/3682/2141 3268/3625/2142 3262/3624/2139 3264/3677/2138
f 3266/3679/2084 3267/3678/2143 3273/3683/2146 3272/3684/2086
f 3267/3678/2143 3265/3680/2106 3271/3685/2105 3273/3683/2146
f 3275/3686/2087 3276/3687/2144 3270/3682/2141 3269/3681/2085
f 3276/3687/2144 3274/3626/2145 3268/3625/2142 3270/3682/2141
f 3272/3684/2086 3273/3683/2146 3279/3688/2149 3278/3689/2088
f 3273/3683/2146 3271/3685/2105 3277/3690/2104 3279/3688/2149
f 3281/3691/2089 3282/3692/2147 3276/3687/2144 3275/3686/2087
f 3282/3692/2147 3280/3627/2148 3274/3626/2145 3276/3687/2144
f 3278/3689/2088 3279/3688/2149 3285/3693/2152 3284/3694/2090
f 3279/3688/2149 3277/3690/2104 3283/3695/2103 3285/3693/2152
f 3287/3696/2091 3288/3697/2150 3282/3692/2147 3281/3691/2089
f 3288/3697/2150 3286/3628/2151 3280/3627/2148 3282/3692/2147
f 3284/3694/2090 3285/3693/2152 3291/3698/2155 3290/3699/2092
f 3285/3693/2152 3283/3695/2103 3289/3700/2102 3291/3698/2155
f 3293/3701/2093 3294/3702/2153 3288/3697/2150 3287/3696/2091
f 3294/3702/2153 3292/3629/2154 3286/3628/2151 3288/3697/2150
f 3290/3699/2092 3291/3698/2155 3297/3703/2158 3296/3704/2094
f 3291/3698/2155 3289/3700/2102 3295/3705/2101 3297/3703/2158
f 3299/3706/2095 3300/3707/2156 3294/3702/2153 3293/3701/2093
f 3300/3707/2156 3298/3630/2157 3292/3629/2154 3294/3702/2153
f 3296/3704/2094 3297/3703/2158 3303/3708/2161 3302/3709/2067
f 3297/3703/2158 3295/3705/2101 3301/3710/2100 3303/3708/2161
f 3305/3711/2066 3306/3712/2159 3300/3707/2156 3299/3706/2095
f 3306/3712/2159 3304/3631/2160 3298/3630/2157 3300/3707/2156
f 3302/3709/2067 3303/3708/2161 3213/3634/2118 3212/3633/2068
f 3303/3708/2161 3301/3710/2100 3211/3637/2099 3213/3634/2118
f 3215/3642/2069 3216/3641/2115 3306/3712/2159 3305/3711/2066
f 3216/3641/2115 3214/3632/2117 3304/3631/2160 3306/3712/2159
f 3211/3637/2099 3301/3710/2100 3295/3705/2101 3289/3700/2102 3283/3695/2103 3277/3690/2104 3271/3685/2105 3265/3680/2106 3259/3675/2107 3253/3670/2108 3247/3665/2109 3241/3660/2110 3235/3655/2111 3229/3650/2112 3223/3645/2113 3217/3638/2098
f 3398/3713/2097 3401/3714/2096 3311/3715/2069 3308/3716/2068
f 3320/3717/2094 3323/3718/2095 3329/3719/2093 3326/3720/2092
f 3326/3720/2092 3329/3719/2093 3335/3721/2091 3332/3722/2090
f 3332/3722/2090 3335/3721/2091 3341/3723/2089 3338/3724/2088
f 3338/3724/2088 3341/3723/2089 3347/3725/2087 3344/3726/2086
f 3344/3726/2086 3347/3725/2087 3353/3727/2085 3350/3728/2084
f 3350/3728/2084 3353/3727/2085 3359/3729/2083 3356/3730/2082
f 3356/3731/2082 3359/3732/2083 3365/3733/2081 3362/3734/2080
f 3362/3734/2080 3365/3733/2081 3371/3735/2079 3368/3736/2078
f 3368/3736/2078 3371/3735/2079 3377/3737/2077 3374/3738/2076
f 3374/3738/2076 3377/3737/2077 3383/3739/2075 3380/3740/2074
f 3380/3740/2074 3383/3739/2075 3389/3741/2073 3386/3742/2072
f 3386/3742/2072 3389/3741/2073 3395/3743/2070 3392/3744/2071
f 3392/3744/2071 3395/3743/2070 3401/3714/2096 3398/3713/2097
f 3314/3745/2067 3317/3746/2066 3323/3718/2095 3320/3717/2094
f 3316/3747/2160 3310/3748/2117 3400/3749/2116 3394/3750/2121 3388/3751/2124 3382/3752/2127 3376/3753/2130 3370/3754/2133 3364/3755/2136 3358/3756/2139 3352/3757/2142 3346/3758/2145 3340/3759/2148 3334/3760/2151 3328/3761/2154 3322/3762/2157
f 3308/3716/2068 3311/3715/2069 3317/3746/2066 3314/3745/2067
f 3308/3763/2068 3314/3764/2067 3315/3765/2161 3309/3766/2118
f 3309/3766/2118 3315/3765/2161 3313/3767/2100 3307/3768/2099
f 3317/3769/2066 3311/3770/2069 3312/3771/2115 3318/3772/2159
f 3318/3772/2159 3312/3771/2115 3310/3748/2117 3316/3747/2160
f 3314/3764/2067 3320/3773/2094 3321/3774/2158 3315/3765/2161
f 3315/3765/2161 3321/3774/2158 3319/3775/2101 3313/3767/2100
f 3323/3776/2095 3317/3769/2066 3318/3772/2159 3324/3777/2156
f 3324/3777/2156 3318/3772/2159 3316/3747/2160 3322/3762/2157
f 3320/3773/2094 3326/3778/2092 3327/3779/2155 3321/3774/2158
f 3321/3774/2158 3327/3779/2155 3325/3780/2102 3319/3775/2101
f 3329/3781/2093 3323/3776/2095 3324/3777/2156 3330/3782/2153
f 3330/3782/2153 3324/3777/2156 3322/3762/2157 3328/3761/2154
f 3326/3778/2092 3332/3783/2090 3333/3784/2152 3327/3779/2155
f 3327/3779/2155 3333/3784/2152 3331/3785/2103 3325/3780/2102
f 3335/3786/2091 3329/3781/2093 3330/3782/2153 3336/3787/2150
f 3336/3787/2150 3330/3782/2153 3328/3761/2154 3334/3760/2151
f 3332/3783/2090 3338/3788/2088 3339/3789/2149 3333/3784/2152
f 3333/3784/2152 3339/3789/2149 3337/3790/2104 3331/3785/2103
f 3341/3791/2089 3335/3786/2091 3336/3787/2150 3342/3792/2147
f 3342/3792/2147 3336/3787/2150 3334/3760/2151 3340/3759/2148
f 3338/3788/2088 3344/3793/2086 3345/3794/2146 3339/3789/2149
f 3339/3789/2149 3345/3794/2146 3343/3795/2105 3337/3790/2104
f 3347/3796/2087 3341/3791/2089 3342/3792/2147 3348/3797/2144
f 3348/3797/2144 3342/3792/2147 3340/3759/2148 3346/3758/2145
f 3344/3793/2086 3350/3798/2084 3351/3799/2143 3345/3794/2146
f 3345/3794/2146 3351/3799/2143 3349/3800/2106 3343/3795/2105
f 3353/3801/2085 3347/3796/2087 3348/3797/2144 3354/3802/2141
f 3354/3802/2141 3348/3797/2144 3346/3758/2145 3352/3757/2142
f 3350/3798/2084 3356/3803/2082 3357/3804/2140 3351/3799/2143
f 3351/3799/2143 3357/3804/2140 3355/3805/2107 3349/3800/2106
f 3359/3806/2083 3353/3801/2085 3354/3802/2141 3360/3807/2138
f 3360/3807/2138 3354/3802/2141 3352/3757/2142 3358/3756/2139
f 3356/3803/2082 3362/3808/2080 3363/3809/2137 3357/3804/2140
f 3357/3804/2140 3363/3809/2137 3361/3810/2108 3355/3805/2107
f 3365/3811/2081 3359/3806/2083 3360/3807/2138 3366/3812/2135
f 3366/3812/2135 3360/3807/2138 3358/3756/2139 3364/3755/2136
f 3362/3808/2080 3368/3813/2078 3369/3814/2134 3363/3809/2137
f 3363/3809/2137 3369/3814/2134 3367/3815/2109 3361/3810/2108
f 3371/3816/2079 3365/3811/2081 3366/3812/2135 3372/3817/2132
f 3372/3817/2132 3366/3812/2135 3364/3755/2136 3370/3754/2133
f 3368/3813/2078 3374/3818/2076 3375/3819/2131 3369/3814/2134
f 3369/3814/2134 3375/3819/2131 3373/3820/2110 3367/3815/2109
f 3377/3821/2077 3371/3816/2079 3372/3817/2132 3378/3822/2129
f 3378/3822/2129 3372/3817/2132 3370/3754/2133 3376/3753/2130
f 3374/3818/2076 3380/3823/2074 3381/3824/2128 3375/3819/2131
f 3375/3819/2131 3381/3824/2128 3379/3825/2111 3373/3820/2110
f 3383/3826/2075 3377/3821/2077 3378/3822/2129 3384/3827/2126
f 3384/3827/2126 3378/3822/2129 3376/3753/2130 3382/3752/2127
f 3380/3823/2074 3386/3828/2072 3387/3829/2125 3381/3824/2128
f 3381/3824/2128 3387/3829/2125 3385/3830/2112 3379/3825/2111
f 3389/3831/2073 3383/3826/2075 3384/3827/2126 3390/3832/2123
f 3390/3832/2123 3384/3827/2126 3382/3752/2127 3388/3751/2124
f 3386/3828/2072 3392/3833/2071 3393/3834/2122 3387/3829/2125
f 3387/3829/2125 3393/3834/2122 3391/3835/2113 3385/3830/2112
f 3395/3836/2070 3389/3831/2073 3390/3832/2123 3396/3837/2120
f 3396/3837/2120 3390/3832/2123 3388/3751/2124 3394/3750/2121
f 3392/3833/2071 3398/3838/2097 3399/3839/2119 3393/3834/2122
f 3393/3834/2122 3399/3839/2119 3397/3840/2098 3391/3835/2113
f 3401/3841/2096 3395/3836/2070 3396/3837/2120 3402/3842/2114
f 3402/3842/2114 3396/3837/2120 3394/3750/2121 3400/3749/2116
f 3398/3838/2097 3308/3763/2068 3309/3766/2118 3399/3839/2119
f 3399/3839/2119 3309/3766/2118 3307/3768/2099 3397/3840/2098
f 3311/3770/2069 3401/3841/2096 3402/3842/2114 3312/3771/2115
f 3312/3771/2115 3402/3842/2114 3400/3749/2116 3310/3748/2117
f 3307/3768/2099 3313/3767/2100 3319/3775/2101 3325/3780/2102 3331/3785/2103 3337/3790/2104 3343/3795/2105 3349/3800/2106 3355/3805/2107 3361/3810/2108 3367/3815/2109 3373/3820/2110 3379/3825/2111 3385/3830/2112 3391/3835/2113 3397/3840/2098
o Cylinder.007
v -0.709213 3.319556 1.807312
v -0.709213 3.873409 1.895516
v -0.655227 3.332887 1.536236
v -0.655227 3.886740 1.624439
v -0.501489 3.344188 1.306428
v -0.501489 3.898042 1.394632
v -0.271404 3.351740 1.152876
v -0.271404 3.905593 1.241080
v -0.000000 3.354392 1.098956
v 0.000000 3.908245 1.187159
v 0.271404 3.351740 1.152876
v 0.271404 3.905593 1.241080
v 0.501489 3.344188 1.306428
v 0.501489 3.898042 1.394632
v 0.655227 3.332887 1.536236
v 0.655227 3.886740 1.624439
v 0.709213 3.319556 1.807312
v 0.709213 3.873409 1.895516
v 0.655227 3.306225 2.078388
v 0.655227 3.860078 2.166592
v 0.501489 3.294923 2.308196
v 0.501489 3.848776 2.396399
v 0.271404 3.287372 2.461748
v 0.271404 3.841225 2.549952
v 0.000000 3.284720 2.515668
v 0.000000 3.838573 2.603872
v -0.271404 3.287372 2.461748
v -0.271404 3.841225 2.549952
v -0.501489 3.294923 2.308196
v -0.501489 3.848776 2.396399
v -0.655227 3.306225 2.078388
v -0.655227 3.860078 2.166592
vt 0.438813 0.533431
vt 0.406076 0.533431
vt 0.407796 0.517370
vt 0.440533 0.517370
vt 0.409254 0.501283
vt 0.441991 0.501283
vt 0.410228 0.485159
vt 0.442966 0.485159
vt 0.410571 0.469010
vt 0.443308 0.469010
vt 0.443308 0.726695
vt 0.410570 0.726695
vt 0.410228 0.710545
vt 0.442966 0.710545
vt 0.409254 0.694422
vt 0.441991 0.694422
vt 0.407796 0.678335
vt 0.440533 0.678335
vt 0.406076 0.662274
vt 0.438813 0.662274
vt 0.404355 0.646212
vt 0.437093 0.646212
vt 0.402897 0.630125
vt 0.435635 0.630125
vt 0.401923 0.614002
vt 0.434660 0.614002
vt 0.401581 0.597852
vt 0.434318 0.597852
vt 0.401923 0.581703
vt 0.434660 0.581703
vt 0.402897 0.565579
vt 0.435635 0.565579
vt 0.404355 0.549492
vt 0.437093 0.549492
vn -0.9999 0.0021 -0.0134
vn -0.9999 -0.0021 0.0134
vn -0.9279 0.0586 -0.3683
vn -0.9182 0.0623 -0.3911
vn -0.7118 0.1104 -0.6936
vn -0.6983 0.1126 -0.7069
vn -0.3856 0.1451 -0.9112
vn -0.3760 0.1457 -0.9150
vn 0.0000 0.1573 -0.9875
vn 0.3856 0.1451 -0.9112
vn 0.3760 0.1457 -0.9150
vn 0.7118 0.1104 -0.6936
vn 0.6983 0.1126 -0.7069
vn 0.9279 0.0586 -0.3683
vn 0.9182 0.0623 -0.3911
vn 0.9999 -0.0021 0.0134
vn 0.9999 0.0021 -0.0134
vn 0.9182 -0.0623 0.3911
vn 0.9279 -0.0586 0.3683
vn 0.6983 -0.1126 0.7069
vn 0.7118 -0.1104 0.6936
vn 0.3760 -0.1457 0.9150
vn 0.3856 -0.1451 0.9112
vn 0.0000 -0.1573 0.9875
vn -0.3760 -0.1457 0.9150
vn -0.3856 -0.1451 0.9112
vn -0.6983 -0.1126 0.7069
vn -0.7118 -0.1104 0.6936
vn -0.9182 -0.0623 0.3911
vn -0.9279 -0.0586 0.3683
usemtl WoodToy2
s 1
f 3403/3843/2162 3404/3844/2163 3406/3845/2164 3405/3846/2165
f 3405/3846/2165 3406/3845/2164 3408/3847/2166 3407/3848/2167
f 3407/3848/2167 3408/3847/2166 3410/3849/2168 3409/3850/2169
f 3409/3850/2169 3410/3849/2168 3412/3851/2170 3411/3852/2170
f 3411/3853/2170 3412/3854/2170 3414/3855/2171 3413/3856/2172
f 3413/3856/2172 3414/3855/2171 3416/3857/2173 3415/3858/2174
f 3415/3858/2174 3416/3857/2173 3418/3859/2175 3417/3860/2176
f 3417/3860/2176 3418/3859/2175 3420/3861/2177 3419/3862/2178
f 3419/3862/2178 3420/3861/2177 3422/3863/2179 3421/3864/2180
f 3421/3864/2180 3422/3863/2179 3424/3865/2181 3423/3866/2182
f 3423/3866/2182 3424/3865/2181 3426/3867/2183 3425/3868/2184
f 3425/3868/2184 3426/3867/2183 3428/3869/2185 3427/3870/2185
f 3427/3870/2185 3428/3869/2185 3430/3871/2186 3429/3872/2187
f 3429/3872/2187 3430/3871/2186 3432/3873/2188 3431/3874/2189
f 3431/3874/2189 3432/3873/2188 3434/3875/2190 3433/3876/2191
f 3433/3876/2191 3434/3875/2190 3404/3844/2163 3403/3843/2162
o Cube.004_Cube.006
v 0.912179 5.540564 2.488297
v 0.912179 5.213801 2.503264
v 0.912179 5.319082 3.053254
v 0.912179 5.020004 3.291439
v 0.912178 4.796302 2.436129
v 0.912179 4.545998 3.347040
v 0.912179 5.228460 3.848039
v 0.912179 4.414157 3.922329
v 0.912178 3.895530 2.397596
v 0.912178 4.075918 1.184283
v 0.912178 3.933251 1.958620
v 0.912178 3.986628 1.538108
v 0.912178 4.041418 2.396289
v 0.912178 5.822729 1.274679
v 0.912178 4.613843 1.099306
v 0.912179 4.596930 4.362821
v 0.912178 4.344968 2.010978
v 0.912178 4.917370 1.928716
v 0.912179 5.699844 2.133526
v 0.912178 5.370130 2.000243
v 0.912178 5.484222 1.142128
v 0.912179 5.794717 1.700717
v 0.912178 5.469447 1.512670
v 0.912178 4.455455 1.449293
v 0.912178 5.046517 1.053225
v 0.912178 5.027019 1.405942
v 0.912179 5.235443 4.202748
v 0.912179 4.793074 4.555797
v 0.778644 3.685855 2.798511
v 0.912178 3.873797 2.730393
v 0.845411 3.717364 2.784028
v 0.894288 3.794474 2.747862
v 0.778644 3.880974 1.141665
v 0.894288 4.007829 1.154164
v 0.845411 3.917798 1.146657
v 0.778644 6.323742 2.604652
v 0.912179 6.170846 2.591491
v 0.845411 6.299569 2.603959
v 0.894288 6.243168 2.598732
v 0.912179 5.646885 3.669466
v 0.778644 5.753681 3.761579
v 0.894289 5.700814 3.698036
v 0.845412 5.740749 3.736649
v 0.778644 6.025341 2.893546
v 0.912179 5.883647 2.897684
v 0.845411 6.005204 2.894594
v 0.894288 5.951979 2.896627
v 0.778644 5.831874 3.272545
v 0.912179 5.699587 3.315951
v 0.845412 5.814965 3.276450
v 0.894289 5.766436 3.290632
v 0.912178 6.477092 1.529784
v 0.778644 6.615621 1.541991
v 0.894288 6.546295 1.536508
v 0.845411 6.597006 1.540642
v 0.912178 6.133823 0.953519
v 0.778644 6.173609 0.804484
v 0.894288 6.153471 0.879130
v 0.845411 6.167907 0.825019
v 0.912178 6.432453 1.319209
v 0.778644 6.545057 1.213141
v 0.894288 6.488449 1.266720
v 0.845411 6.529767 1.227647
v 0.912178 6.302524 1.090232
v 0.778644 6.383007 0.953941
v 0.894288 6.342408 1.022153
v 0.845411 6.371741 0.972854
v 0.912178 3.964841 3.055419
v 0.778644 3.759392 3.209418
v 0.894288 3.863269 3.119196
v 0.845411 3.793048 3.179957
v 0.778644 4.245062 4.450353
v 0.912179 4.407623 4.418749
v 0.845411 4.272047 4.446811
v 0.894288 4.330417 4.434290
v 0.778644 3.881954 3.698764
v 0.912179 4.008747 3.674370
v 0.845411 3.897792 3.700134
v 0.894288 3.942437 3.691110
v 0.778644 4.073553 4.175300
v 0.912179 4.223963 4.084759
v 0.845411 4.103126 4.163166
v 0.894288 4.159094 4.130282
v 0.778644 4.638584 0.620929
v 0.912178 4.622212 0.784119
v 0.845411 4.631962 0.639615
v 0.894288 4.621544 0.696283
v 0.912178 5.856116 0.818728
v 0.778644 5.858916 0.660474
v 0.894288 5.857510 0.739456
v 0.845411 5.858386 0.682111
v 0.912178 5.098989 0.711598
v 0.778644 5.129868 0.584630
v 0.894288 5.113493 0.648168
v 0.845411 5.124573 0.601497
v 0.912178 5.498764 0.711092
v 0.778644 5.502859 0.569720
v 0.894288 5.500964 0.639755
v 0.845411 5.502248 0.588855
v 0.912179 6.391123 2.297454
v 0.778644 6.542577 2.309121
v 0.894288 6.466503 2.304999
v 0.845411 6.521892 2.309481
v 0.778644 6.640757 1.915452
v 0.912179 6.501840 1.912268
v 0.845411 6.622070 1.914797
v 0.894288 6.571241 1.914059
v 0.912179 5.190549 4.693983
v 0.778645 5.162865 4.797741
v 0.894289 5.176540 4.750758
v 0.845412 5.166245 4.787457
v 0.912179 5.598215 3.921425
v 0.778644 5.701895 4.044467
v 0.894289 5.657821 3.959390
v 0.845412 5.694047 4.003132
v 0.912179 5.365237 4.583617
v 0.778645 5.433538 4.680110
v 0.894289 5.399261 4.631498
v 0.845412 5.424129 4.667132
v 0.912179 5.532541 4.265733
v 0.778645 5.628380 4.350546
v 0.894289 5.581569 4.305932
v 0.845412 5.616184 4.336934
v 0.912179 4.561596 4.584660
v 0.778644 4.382457 4.582379
v 0.894288 4.472957 4.584053
v 0.845412 4.407905 4.583648
v 0.912179 4.679186 4.656709
v 0.778644 4.554108 4.683888
v 0.894288 4.617973 4.672316
v 0.845412 4.572109 4.682508
v 0.778644 4.856096 4.774701
v 0.912179 4.817702 4.700692
v 0.845412 4.851288 4.770898
v 0.894289 4.837389 4.743331
v 0.912178 4.187278 1.214139
v 0.912178 4.134498 1.556828
v 0.912178 4.057772 1.994401
v 0.912178 4.287776 0.898452
v 0.894288 4.247405 0.842583
v 0.845411 4.221774 0.803838
v 0.778644 4.211948 0.788854
v 0.778644 3.697233 2.347053
v 0.845411 3.728800 2.356292
v 0.894288 3.815532 2.367983
v 0.778644 3.733629 1.942141
v 0.845411 3.768599 1.941111
v 0.894288 3.857328 1.939874
v 0.778644 3.787098 1.505957
v 0.845411 3.824828 1.509323
v 0.894288 3.911838 1.516010
v 0.912178 4.374901 1.003569
v 0.912178 5.071341 0.862049
v 0.912178 4.644737 0.914487
v 0.912178 5.491227 0.906216
v 0.912178 5.844502 0.975732
v 0.912178 6.199914 1.181396
v 0.912178 4.237998 2.398604
v 0.912179 4.243061 3.545173
v 0.912178 4.137775 2.905375
v -0.912179 5.540564 2.488297
v -0.912179 5.213801 2.503264
v -0.912179 5.319082 3.053254
v -0.912179 5.020004 3.291439
v -0.912179 4.796302 2.436129
v -0.912179 4.545998 3.347041
v -0.912179 5.228460 3.848039
v -0.912179 4.414157 3.922329
v -0.912178 3.895530 2.397596
v -0.912178 4.075918 1.184283
v -0.912178 3.933251 1.958620
v -0.912178 3.986628 1.538108
v -0.912178 4.041418 2.396289
v -0.912179 5.822729 1.274679
v -0.912178 4.613843 1.099306
v -0.912179 4.596930 4.362821
v -0.912178 4.344968 2.010978
v -0.912179 4.917370 1.928716
v -0.912179 5.699844 2.133526
v -0.912179 5.370130 2.000243
v -0.912179 5.484222 1.142128
v -0.912179 5.794717 1.700717
v -0.912179 5.469447 1.512670
v -0.912178 4.455455 1.449293
v -0.912179 5.046517 1.053225
v -0.912179 5.027019 1.405942
v -0.912179 5.235443 4.202749
v -0.912179 4.793074 4.555797
v -0.778644 3.685855 2.798511
v -0.912178 3.873797 2.730393
v -0.845411 3.717364 2.784028
v -0.894288 3.794474 2.747862
v -0.778644 3.880974 1.141665
v -0.894288 4.007829 1.154164
v -0.845411 3.917798 1.146657
v -0.778644 6.323742 2.604652
v -0.912179 6.170846 2.591491
v -0.845412 6.299569 2.603959
v -0.894288 6.243168 2.598732
v -0.912179 5.646885 3.669466
v -0.778644 5.753681 3.761579
v -0.894289 5.700814 3.698037
v -0.845412 5.740749 3.736649
v -0.778644 6.025341 2.893546
v -0.912179 5.883647 2.897684
v -0.845412 6.005204 2.894594
v -0.894289 5.951979 2.896627
v -0.778644 5.831874 3.272545
v -0.912179 5.699587 3.315951
v -0.845412 5.814965 3.276451
v -0.894289 5.766436 3.290632
v -0.912179 6.477092 1.529784
v -0.778644 6.615621 1.541991
v -0.894288 6.546295 1.536508
v -0.845412 6.597006 1.540642
v -0.912179 6.133823 0.953519
v -0.778644 6.173609 0.804484
v -0.894288 6.153471 0.879130
v -0.845411 6.167907 0.825019
v -0.912179 6.432453 1.319209
v -0.778644 6.545057 1.213141
v -0.894288 6.488449 1.266720
v -0.845411 6.529767 1.227647
v -0.912179 6.302524 1.090232
v -0.778644 6.383007 0.953941
v -0.894288 6.342408 1.022153
v -0.845411 6.371741 0.972854
v -0.912178 3.964841 3.055419
v -0.778644 3.759392 3.209418
v -0.894288 3.863269 3.119197
v -0.845411 3.793048 3.179957
v -0.778644 4.245062 4.450353
v -0.912179 4.407623 4.418749
v -0.845411 4.272047 4.446811
v -0.894288 4.330417 4.434290
v -0.778644 3.881954 3.698764
v -0.912179 4.008747 3.674370
v -0.845411 3.897792 3.700134
v -0.894288 3.942437 3.691110
v -0.778644 4.073553 4.175300
v -0.912179 4.223963 4.084759
v -0.845411 4.103126 4.163166
v -0.894288 4.159094 4.130282
v -0.778644 4.638584 0.620929
v -0.912178 4.622212 0.784119
v -0.845411 4.631962 0.639615
v -0.894288 4.621544 0.696283
v -0.912179 5.856116 0.818728
v -0.778644 5.858916 0.660474
v -0.894288 5.857510 0.739456
v -0.845411 5.858386 0.682111
v -0.912178 5.098989 0.711598
v -0.778644 5.129868 0.584630
v -0.894288 5.113493 0.648168
v -0.845411 5.124573 0.601497
v -0.912179 5.498764 0.711092
v -0.778644 5.502859 0.569720
v -0.894288 5.500964 0.639755
v -0.845411 5.502248 0.588855
v -0.912179 6.391123 2.297454
v -0.778644 6.542577 2.309121
v -0.894288 6.466503 2.304999
v -0.845412 6.521892 2.309481
v -0.778644 6.640757 1.915452
v -0.912179 6.501840 1.912268
v -0.845412 6.622070 1.914797
v -0.894288 6.571241 1.914059
v -0.912179 5.190549 4.693984
v -0.778644 5.162865 4.797741
v -0.894289 5.176540 4.750758
v -0.845412 5.166245 4.787457
v -0.912179 5.598215 3.921425
v -0.778644 5.701895 4.044467
v -0.894289 5.657821 3.959390
v -0.845412 5.694047 4.003132
v -0.912179 5.365237 4.583618
v -0.778644 5.433538 4.680110
v -0.894289 5.399261 4.631498
v -0.845412 5.424129 4.667132
v -0.912179 5.532541 4.265734
v -0.778645 5.628380 4.350546
v -0.894289 5.581569 4.305932
v -0.845412 5.616184 4.336935
v -0.912179 4.561596 4.584660
v -0.778644 4.382457 4.582379
v -0.894288 4.472957 4.584053
v -0.845411 4.407905 4.583648
v -0.912179 4.679186 4.656709
v -0.778644 4.554108 4.683888
v -0.894288 4.617973 4.672316
v -0.845411 4.572109 4.682508
v -0.778644 4.856096 4.774701
v -0.912179 4.817702 4.700693
v -0.845411 4.851288 4.770898
v -0.894288 4.837389 4.743331
v -0.912178 4.187278 1.214139
v -0.912178 4.134498 1.556828
v -0.912178 4.057772 1.994401
v -0.912178 4.287776 0.898452
v -0.894288 4.247405 0.842583
v -0.845411 4.221774 0.803838
v -0.778644 4.211948 0.788854
v -0.778644 3.697233 2.347053
v -0.845411 3.728800 2.356292
v -0.894288 3.815532 2.367983
v -0.778644 3.733629 1.942141
v -0.845411 3.768599 1.941111
v -0.894288 3.857328 1.939874
v -0.778644 3.787098 1.505957
v -0.845411 3.824828 1.509323
v -0.894288 3.911838 1.516010
v -0.912178 4.374901 1.003569
v -0.912178 5.071341 0.862049
v -0.912178 4.644737 0.914487
v -0.912179 5.491227 0.906216
v -0.912179 5.844502 0.975732
v -0.912179 6.199914 1.181396
v -0.912179 4.237998 2.398604
v -0.912179 4.243061 3.545173
v -0.912179 4.137775 2.905375
vt 0.254192 0.653695
vt 0.137392 0.653695
vt 0.137392 0.634399
vt 0.254192 0.634399
vt 0.123664 0.564682
vt 0.006864 0.564682
vt 0.006864 0.533373
vt 0.123664 0.533373
vt 0.656147 0.389462
vt 0.670187 0.413769
vt 0.616918 0.423191
vt 0.605073 0.393981
vt 0.006864 0.874499
vt 0.123664 0.874498
vt 0.123664 0.906414
vt 0.006864 0.906414
vt 0.006864 0.665351
vt 0.123664 0.665351
vt 0.123664 0.679643
vt 0.006864 0.679643
vt 0.534253 0.574686
vt 0.517824 0.554917
vt 0.508811 0.531175
vt 0.518966 0.526493
vt 0.006864 0.837354
vt 0.123664 0.837354
vt 0.626092 0.485116
vt 0.629049 0.532110
vt 0.615173 0.558167
vt 0.603907 0.496861
vt 0.583947 0.576555
vt 0.572723 0.505579
vt 0.123664 0.641039
vt 0.006864 0.641039
vt 0.006864 0.602517
vt 0.123664 0.602517
vt 0.557443 0.615708
vt 0.569275 0.599583
vt 0.592509 0.619969
vt 0.584675 0.636962
vt 0.645900 0.590833
vt 0.618191 0.643445
vt 0.607724 0.653129
vt 0.565008 0.466863
vt 0.598156 0.457262
vt 0.624893 0.455400
vt 0.589114 0.421116
vt 0.578323 0.395859
vt 0.556030 0.427978
vt 0.546251 0.403675
vt 0.519008 0.420348
vt 0.518879 0.448517
vt 0.528143 0.490338
vt 0.254192 0.842827
vt 0.137392 0.842827
vt 0.137392 0.806544
vt 0.254192 0.806544
vt 0.532711 0.520525
vt 0.541552 0.558811
vt 0.597058 0.373374
vt 0.626909 0.375855
vt 0.509780 0.399371
vt 0.538875 0.379089
vt 0.541847 0.390088
vt 0.515325 0.407187
vt 0.565762 0.366656
vt 0.571356 0.379889
vt 0.137392 0.772156
vt 0.254192 0.772156
vt 0.254192 0.611472
vt 0.137392 0.611472
vt 0.137392 0.586246
vt 0.254192 0.586246
vt 0.254192 0.707210
vt 0.137392 0.707210
vt 0.137392 0.679652
vt 0.254192 0.679652
vt 0.592908 0.362525
vt 0.137392 0.735208
vt 0.254192 0.735208
vt 0.254192 0.527742
vt 0.137392 0.527742
vt 0.137392 0.500161
vt 0.254192 0.500161
vt 0.254192 0.558172
vt 0.137392 0.558172
vt 0.006864 0.815784
vt 0.123664 0.815784
vt 0.494078 0.440454
vt 0.500053 0.465272
vt 0.489276 0.468190
vt 0.485773 0.441534
vt 0.507636 0.497939
vt 0.497820 0.499210
vt 0.137392 0.469010
vt 0.254192 0.469010
vt 0.675998 0.442385
vt 0.672729 0.469626
vt 0.665066 0.502042
vt 0.665062 0.647564
vt 0.642173 0.658332
vt 0.636486 0.649996
vt 0.655676 0.614932
vt 0.123664 0.741324
vt 0.006864 0.741324
vt 0.006864 0.718251
vt 0.123664 0.718251
vt 0.006864 0.763460
vt 0.123664 0.763460
vt 0.123664 0.792175
vt 0.006864 0.792175
vt 0.671156 0.566824
vt 0.674057 0.586216
vt 0.677388 0.611974
vt 0.673244 0.636547
vt 0.632369 0.659658
vt 0.622833 0.658746
vt 0.123664 0.694599
vt 0.006864 0.694599
vt 0.665476 0.539196
vt 0.521360 0.594581
vt 0.525232 0.589656
vt 0.549394 0.622202
vt 0.545254 0.625398
vt 0.529118 0.582459
vt 0.553340 0.619061
vt 0.578093 0.647377
vt 0.574474 0.651801
vt 0.581636 0.642265
vt 0.599074 0.660909
vt 0.595755 0.665357
vt 0.603131 0.656846
vt 0.669901 0.535179
vt 0.676059 0.567461
vt 0.674901 0.532439
vt 0.681590 0.568988
vt 0.680281 0.531304
vt 0.687210 0.569846
vt 0.670109 0.499403
vt 0.675634 0.497465
vt 0.681268 0.497195
vt 0.677951 0.467383
vt 0.683427 0.465830
vt 0.688963 0.465579
vt 0.615552 0.362903
vt 0.614611 0.357181
vt 0.631278 0.360965
vt 0.630734 0.366736
vt 0.614089 0.351636
vt 0.632213 0.355523
vt 0.614236 0.346274
vt 0.633745 0.350380
vt 0.648357 0.372006
vt 0.646346 0.377300
vt 0.650718 0.367039
vt 0.653750 0.362616
vt 0.661053 0.387504
vt 0.665817 0.385180
vt 0.670407 0.382337
vt 0.506814 0.393535
vt 0.537712 0.374171
vt 0.504690 0.388364
vt 0.536167 0.369178
vt 0.502000 0.383873
vt 0.534065 0.364308
vt 0.563636 0.361655
vt 0.561680 0.356773
vt 0.559919 0.351828
vt 0.590500 0.357005
vt 0.588610 0.351655
vt 0.587573 0.346365
vt 0.691697 0.437441
vt 0.686445 0.438468
vt 0.679753 0.409344
vt 0.684583 0.407365
vt 0.681249 0.440203
vt 0.674958 0.411529
vt 0.676655 0.638888
vt 0.665839 0.651633
vt 0.680523 0.641384
vt 0.667323 0.655695
vt 0.684968 0.643986
vt 0.669808 0.659904
vt 0.681822 0.613626
vt 0.686540 0.615114
vt 0.691697 0.616157
vt 0.679423 0.587478
vt 0.684732 0.589577
vt 0.690321 0.591994
vt 0.644656 0.660678
vt 0.629050 0.662762
vt 0.646875 0.664141
vt 0.626490 0.666895
vt 0.648566 0.668903
vt 0.625351 0.671955
vt 0.617183 0.661740
vt 0.612636 0.665498
vt 0.609951 0.670275
vt 0.491908 0.416966
vt 0.487593 0.414467
vt 0.483422 0.411949
vt 0.478843 0.409221
vt 0.006864 0.499502
vt 0.123664 0.499502
vt 0.512760 0.558672
vt 0.507602 0.564094
vt 0.503009 0.567675
vt 0.472872 0.443136
vt 0.467064 0.443479
vt 0.480223 0.441337
vt 0.500499 0.421191
vt 0.502135 0.531684
vt 0.489115 0.535503
vt 0.494737 0.533969
vt 0.006864 0.469010
vt 0.123664 0.469010
vt 0.137392 0.904002
vt 0.137392 0.871042
vt 0.254192 0.871042
vt 0.254192 0.904002
vt 0.484526 0.503287
vt 0.491749 0.500228
vt 0.479042 0.505323
vt 0.475920 0.470951
vt 0.483286 0.468785
vt 0.470171 0.472324
vt 0.656147 0.289357
vt 0.605073 0.284839
vt 0.616918 0.255629
vt 0.670187 0.265050
vt 0.534253 0.104134
vt 0.518966 0.152326
vt 0.508811 0.147644
vt 0.517824 0.123902
vt 0.626092 0.193704
vt 0.603907 0.181958
vt 0.615174 0.120652
vt 0.629049 0.146709
vt 0.572723 0.173240
vt 0.583947 0.102265
vt 0.557444 0.063111
vt 0.584675 0.041857
vt 0.592509 0.058850
vt 0.569275 0.079236
vt 0.645900 0.087986
vt 0.618192 0.035374
vt 0.607724 0.025691
vt 0.598156 0.221557
vt 0.565008 0.211956
vt 0.624893 0.223419
vt 0.589114 0.257703
vt 0.578323 0.282960
vt 0.546251 0.275144
vt 0.556030 0.250841
vt 0.519008 0.258471
vt 0.518879 0.230303
vt 0.528143 0.188481
vt 0.541552 0.120008
vt 0.532711 0.158294
vt 0.626909 0.302965
vt 0.597058 0.305446
vt 0.509780 0.279448
vt 0.515325 0.271633
vt 0.541847 0.288731
vt 0.538875 0.299730
vt 0.571356 0.298930
vt 0.565762 0.312163
vt 0.592908 0.316295
vt 0.494078 0.238365
vt 0.485773 0.237286
vt 0.489276 0.210630
vt 0.500053 0.213547
vt 0.497820 0.179610
vt 0.507636 0.180881
vt 0.675998 0.236435
vt 0.665067 0.176778
vt 0.672729 0.209193
vt 0.665062 0.031256
vt 0.655676 0.063887
vt 0.636486 0.028823
vt 0.642173 0.020487
vt 0.671156 0.111995
vt 0.673244 0.042273
vt 0.677388 0.066845
vt 0.674057 0.092603
vt 0.622833 0.020073
vt 0.632369 0.019161
vt 0.665476 0.139623
vt 0.521360 0.084238
vt 0.545254 0.053421
vt 0.549394 0.056618
vt 0.525232 0.089163
vt 0.553340 0.059758
vt 0.529118 0.096360
vt 0.574474 0.027019
vt 0.578094 0.031442
vt 0.581636 0.036554
vt 0.595755 0.013463
vt 0.599074 0.017911
vt 0.603131 0.021973
vt 0.676059 0.111359
vt 0.669901 0.143640
vt 0.681590 0.109831
vt 0.674901 0.146380
vt 0.687210 0.108973
vt 0.680281 0.147515
vt 0.670109 0.179417
vt 0.675634 0.181354
vt 0.681268 0.181624
vt 0.677951 0.211437
vt 0.683427 0.212989
vt 0.688963 0.213241
vt 0.615552 0.315916
vt 0.630734 0.312084
vt 0.631278 0.317855
vt 0.614611 0.321638
vt 0.632213 0.323297
vt 0.614089 0.327183
vt 0.633745 0.328440
vt 0.614236 0.332546
vt 0.646346 0.301520
vt 0.648357 0.306813
vt 0.650718 0.311781
vt 0.653751 0.316203
vt 0.661053 0.291316
vt 0.665817 0.293639
vt 0.670407 0.296482
vt 0.537712 0.304649
vt 0.506814 0.285285
vt 0.536167 0.309641
vt 0.504690 0.290455
vt 0.534065 0.314511
vt 0.502000 0.294947
vt 0.563636 0.317165
vt 0.561680 0.322046
vt 0.559919 0.326992
vt 0.590500 0.321815
vt 0.588610 0.327164
vt 0.587573 0.332454
vt 0.691697 0.241378
vt 0.684583 0.271455
vt 0.679753 0.269476
vt 0.686445 0.240351
vt 0.674958 0.267290
vt 0.681249 0.238617
vt 0.665839 0.027186
vt 0.676655 0.039931
vt 0.667323 0.023124
vt 0.680523 0.037435
vt 0.669808 0.018915
vt 0.684968 0.034833
vt 0.681823 0.065194
vt 0.686540 0.063705
vt 0.691697 0.062663
vt 0.679423 0.091341
vt 0.684732 0.089243
vt 0.690321 0.086825
vt 0.629051 0.016057
vt 0.644656 0.018141
vt 0.626490 0.011924
vt 0.646875 0.014678
vt 0.625351 0.006864
vt 0.648566 0.009917
vt 0.617183 0.017079
vt 0.612636 0.013321
vt 0.609952 0.008544
vt 0.491908 0.261853
vt 0.487593 0.264352
vt 0.483422 0.266870
vt 0.478843 0.269598
vt 0.512760 0.120148
vt 0.507602 0.114725
vt 0.503009 0.111144
vt 0.472872 0.235684
vt 0.467064 0.235341
vt 0.480223 0.237482
vt 0.500499 0.257628
vt 0.502135 0.147136
vt 0.494737 0.144850
vt 0.489115 0.143317
vt 0.491749 0.178592
vt 0.484526 0.175532
vt 0.479042 0.173496
vt 0.483286 0.210034
vt 0.475920 0.207869
vt 0.470171 0.206495
vn 0.1491 0.4943 -0.8564
vn -0.1491 0.4943 -0.8564
vn -0.1487 0.7177 -0.6803
vn 0.1487 0.7177 -0.6803
vn 0.2128 -0.9558 0.2025
vn -0.2128 -0.9558 0.2025
vn -0.2308 -0.9697 0.0793
vn 0.2308 -0.9697 0.0793
vn 0.9908 0.1337 -0.0201
vn 0.9906 0.1356 0.0147
vn 1.0000 0.0000 0.0000
vn -0.1191 0.9423 0.3128
vn 0.1191 0.9423 0.3128
vn 0.1159 0.7944 0.5961
vn -0.1159 0.7944 0.5961
vn -0.1718 -0.7723 0.6116
vn 0.1718 -0.7723 0.6116
vn 0.1165 -0.6122 0.7821
vn -0.1165 -0.6122 0.7821
vn 0.9961 -0.0868 0.0156
vn 0.9938 -0.1104 0.0067
vn 0.9938 -0.1104 -0.0081
vn -0.1187 0.9786 0.1679
vn 0.1187 0.9786 0.1679
vn 0.1799 -0.8769 0.4458
vn -0.1799 -0.8769 0.4458
vn -0.1792 -0.9368 0.3003
vn 0.1792 -0.9368 0.3003
vn 0.9924 -0.1172 0.0370
vn 0.9930 -0.1045 0.0553
vn 0.9909 -0.1054 0.0835
vn 0.2138 -0.8617 -0.4600
vn -0.2138 -0.8617 -0.4600
vn -0.1460 -0.5570 -0.8176
vn 0.1460 -0.5570 -0.8176
vn 0.9923 -0.0310 -0.1196
vn 0.9917 -0.0096 -0.1279
vn 0.9909 0.0187 -0.1333
vn -0.1229 -0.2149 -0.9688
vn 0.1229 -0.2149 -0.9688
vn 0.1387 0.9158 -0.3768
vn -0.1387 0.9158 -0.3768
vn -0.1326 0.9817 -0.1364
vn 0.1326 0.9817 -0.1364
vn 0.1369 0.1040 -0.9851
vn -0.1369 0.1040 -0.9851
vn -0.1454 0.3279 -0.9334
vn 0.1454 0.3279 -0.9334
vn 0.9922 0.0464 -0.1158
vn -0.1283 -0.0554 -0.9902
vn 0.1283 -0.0554 -0.9902
vn 0.1360 0.8986 0.4170
vn -0.1360 0.8986 0.4170
vn -0.1231 0.7498 0.6501
vn 0.1231 0.7498 0.6501
vn 0.1368 0.9867 0.0874
vn -0.1368 0.9867 0.0874
vn -0.1176 0.9710 0.2080
vn 0.1176 0.9710 0.2080
vn 0.9929 -0.1166 -0.0220
vn 0.9911 -0.1194 -0.0594
vn 0.9936 -0.1123 -0.0122
vn 0.9895 0.1260 0.0699
vn 0.9872 0.1186 0.1062
vn 0.9904 0.1193 0.0698
vn 0.9811 0.0634 0.1827
vn 0.9719 -0.0526 0.2293
vn 0.0703 0.1659 0.9836
vn -0.0703 0.1659 0.9836
vn -0.0432 -0.1784 0.9830
vn 0.0432 -0.1784 0.9830
vn -0.1050 0.6589 0.7448
vn 0.1050 0.6589 0.7448
vn 0.1177 0.9190 0.3763
vn -0.1177 0.9190 0.3763
vn 0.9894 0.1429 0.0235
vn 0.9900 0.1386 0.0262
vn 0.9876 0.1488 0.0501
vn 0.9840 0.1293 0.1226
vn 0.9703 -0.0851 0.2263
vn 0.9824 -0.1053 0.1544
vn 0.0618 -0.4108 0.9096
vn -0.0618 -0.4108 0.9096
vn 0.9910 0.1303 0.0312
vn 0.6442 -0.7512 0.1436
vn 0.5735 -0.7801 0.2502
vn 0.9265 -0.3708 0.0637
vn 0.8887 -0.4367 0.1396
vn 0.5745 -0.7271 0.3757
vn 0.8902 -0.4037 0.2110
vn 0.5515 -0.6570 0.5139
vn 0.8742 -0.3832 0.2982
vn 0.8552 0.4962 0.1493
vn 0.8498 0.5200 0.0861
vn 0.4757 0.8349 0.2769
vn 0.4708 0.8701 0.1457
vn 0.8450 0.4424 0.3004
vn 0.4593 0.7141 0.5283
vn 0.8360 0.4112 0.3634
vn 0.4682 0.6663 0.5804
vn 0.9920 0.0683 -0.1056
vn 0.8787 0.2478 -0.4079
vn 0.8738 0.3648 -0.3215
vn 0.9912 0.1028 -0.0828
vn 0.5326 0.4266 -0.7309
vn 0.5283 0.6204 -0.5796
vn 0.8636 0.4718 -0.1776
vn 0.9903 0.1314 -0.0446
vn 0.5089 0.7975 -0.3240
vn 0.8637 0.4989 -0.0713
vn 0.5012 0.8571 -0.1189
vn 0.8628 -0.1263 -0.4895
vn 0.8684 -0.0295 -0.4950
vn 0.4865 -0.1961 -0.8514
vn 0.4990 -0.0481 -0.8652
vn 0.8648 0.0609 -0.4984
vn 0.5059 0.0942 -0.8574
vn 0.8768 0.1690 -0.4501
vn 0.5257 0.2857 -0.8012
vn 0.5017 0.7810 0.3719
vn 0.5086 0.8575 0.0769
vn 0.8581 0.4570 0.2339
vn 0.8661 0.4975 0.0485
vn 0.8058 0.4087 0.4284
vn 0.7789 0.1445 0.6102
vn 0.4206 0.6064 0.6747
vn 0.3594 0.1646 0.9185
vn 0.8301 0.5222 0.1955
vn 0.4528 0.8278 0.3313
vn 0.8444 0.5263 0.1005
vn 0.4609 0.8698 0.1759
vn 0.7319 -0.1228 0.6703
vn 0.7275 -0.2740 0.6290
vn 0.2971 -0.1615 0.9410
vn 0.3179 -0.3959 0.8614
vn 0.8122 -0.3504 0.4664
vn 0.4486 -0.5555 0.7001
vn 0.9903 -0.0841 -0.1108
vn 0.8692 -0.2885 -0.4016
vn 0.5231 -0.4842 -0.7013
vn -0.2239 -0.9729 -0.0576
vn 0.2239 -0.9729 -0.0576
vn 0.9288 -0.3699 0.0219
vn 0.6723 -0.7381 0.0570
vn 0.6362 -0.6764 -0.3711
vn 0.9037 -0.3714 -0.2131
vn 0.9307 -0.3648 -0.0256
vn 0.6782 -0.7335 -0.0449
vn -0.2373 -0.9658 -0.1037
vn 0.2373 -0.9658 -0.1037
vn -0.2463 -0.9523 -0.1800
vn 0.2463 -0.9523 -0.1800
vn 0.6960 -0.7136 -0.0790
vn 0.9332 -0.3571 -0.0405
vn 0.6999 -0.7014 -0.1345
vn 0.9307 -0.3588 -0.0710
vn -0.9908 0.1337 -0.0201
vn -1.0000 0.0000 0.0000
vn -0.9906 0.1356 0.0147
vn -0.9961 -0.0868 0.0156
vn -0.9938 -0.1104 -0.0081
vn -0.9938 -0.1104 0.0067
vn -0.9924 -0.1172 0.0370
vn -0.9930 -0.1045 0.0553
vn -0.9909 -0.1054 0.0835
vn -0.9923 -0.0310 -0.1196
vn -0.9917 -0.0096 -0.1279
vn -0.9909 0.0187 -0.1333
vn -0.9922 0.0464 -0.1158
vn -0.9911 -0.1194 -0.0594
vn -0.9929 -0.1166 -0.0220
vn -0.9936 -0.1123 -0.0122
vn -0.9895 0.1260 0.0699
vn -0.9904 0.1193 0.0698
vn -0.9872 0.1186 0.1062
vn -0.9811 0.0634 0.1827
vn -0.9719 -0.0526 0.2293
vn -0.9894 0.1429 0.0235
vn -0.9840 0.1293 0.1226
vn -0.9876 0.1488 0.0501
vn -0.9900 0.1386 0.0262
vn -0.9824 -0.1053 0.1544
vn -0.9703 -0.0851 0.2263
vn -0.9910 0.1303 0.0312
vn -0.5735 -0.7801 0.2502
vn -0.6442 -0.7512 0.1436
vn -0.8887 -0.4367 0.1396
vn -0.9265 -0.3708 0.0637
vn -0.5745 -0.7271 0.3757
vn -0.8902 -0.4037 0.2110
vn -0.5515 -0.6570 0.5139
vn -0.8742 -0.3832 0.2982
vn -0.8498 0.5200 0.0861
vn -0.8552 0.4962 0.1493
vn -0.4708 0.8701 0.1457
vn -0.4757 0.8349 0.2769
vn -0.8450 0.4424 0.3004
vn -0.4593 0.7141 0.5283
vn -0.8360 0.4112 0.3634
vn -0.4682 0.6663 0.5804
vn -0.9920 0.0683 -0.1056
vn -0.9912 0.1028 -0.0828
vn -0.8738 0.3648 -0.3215
vn -0.8787 0.2477 -0.4079
vn -0.5283 0.6204 -0.5796
vn -0.5326 0.4266 -0.7309
vn -0.9903 0.1314 -0.0446
vn -0.8636 0.4718 -0.1776
vn -0.5089 0.7975 -0.3240
vn -0.8637 0.4989 -0.0713
vn -0.5012 0.8571 -0.1189
vn -0.8684 -0.0295 -0.4950
vn -0.8628 -0.1263 -0.4895
vn -0.4990 -0.0481 -0.8652
vn -0.4865 -0.1961 -0.8514
vn -0.8648 0.0609 -0.4984
vn -0.5059 0.0942 -0.8574
vn -0.8768 0.1690 -0.4501
vn -0.5257 0.2857 -0.8012
vn -0.5086 0.8575 0.0769
vn -0.5017 0.7810 0.3719
vn -0.8661 0.4975 0.0485
vn -0.8581 0.4570 0.2339
vn -0.7789 0.1445 0.6102
vn -0.8058 0.4087 0.4284
vn -0.3594 0.1646 0.9185
vn -0.4206 0.6064 0.6747
vn -0.8301 0.5222 0.1955
vn -0.4528 0.8278 0.3313
vn -0.8444 0.5263 0.1005
vn -0.4609 0.8698 0.1759
vn -0.7275 -0.2740 0.6290
vn -0.7319 -0.1228 0.6703
vn -0.3179 -0.3959 0.8614
vn -0.2971 -0.1615 0.9411
vn -0.8122 -0.3504 0.4664
vn -0.4486 -0.5555 0.7001
vn -0.9903 -0.0841 -0.1108
vn -0.8692 -0.2885 -0.4016
vn -0.5231 -0.4842 -0.7013
vn -0.9288 -0.3699 0.0219
vn -0.6723 -0.7381 0.0570
vn -0.6362 -0.6764 -0.3711
vn -0.9037 -0.3714 -0.2131
vn -0.9307 -0.3648 -0.0256
vn -0.6782 -0.7335 -0.0449
vn -0.9332 -0.3571 -0.0405
vn -0.6960 -0.7136 -0.0790
vn -0.9307 -0.3588 -0.0710
vn -0.6999 -0.7014 -0.1345
usemtl WoodToy2
s 1
f 3491/3877/2192 3651/3878/2193 3659/3879/2194 3499/3880/2195
f 3503/3881/2196 3663/3882/2197 3623/3883/2198 3463/3884/2199
f 3486/3885/2200 3539/3886/2201 3456/3887/2202 3448/3888/2202
f 3642/3889/2203 3482/3890/2204 3478/3891/2205 3638/3892/2206
f 3666/3893/2207 3506/3894/2208 3559/3895/2209 3719/3896/2210
f 3502/3897/2211 3464/3898/2212 3443/3899/2213 3447/3900/2202
f 3635/3901/2214 3475/3902/2215 3482/3890/2204 3642/3889/2203
f 3435/3903/2202 3437/3904/2202 3438/3905/2202 3436/3906/2202
f 3436/3906/2202 3438/3905/2202 3440/3907/2202 3439/3908/2202
f 3514/3909/2216 3674/3910/2217 3670/3911/2218 3510/3912/2219
f 3506/3894/2208 3666/3893/2207 3674/3910/2217 3514/3909/2216
f 3511/3913/2220 3593/3914/2202 3442/3915/2202 3515/3916/2221
f 3441/3917/2202 3450/3918/2202 3438/3905/2202 3437/3904/2202
f 3507/3919/2222 3515/3916/2221 3442/3915/2202 3450/3918/2202
f 3439/3908/2202 3452/3920/2202 3454/3921/2202 3436/3906/2202
f 3435/3903/2202 3436/3906/2202 3454/3921/2202 3453/3922/2202
f 3453/3922/2202 3454/3921/2202 3457/3923/2202 3456/3887/2202
f 3448/3888/2202 3456/3887/2202 3457/3923/2202 3455/3924/2202
f 3455/3924/2202 3457/3923/2202 3460/3925/2202 3459/3926/2202
f 3449/3927/2202 3459/3926/2202 3460/3925/2202 3458/3928/2202
f 3458/3928/2202 3460/3925/2202 3452/3920/2202 3451/3929/2202
f 3452/3920/2202 3460/3925/2202 3457/3923/2202 3454/3921/2202
f 3467/3930/2223 3627/3931/2224 3736/3932/2225 3576/3933/2226
f 3447/3900/2202 3592/3934/2202 3594/3935/2202 3502/3897/2211
f 3486/3885/2200 3448/3888/2202 3590/3936/2202 3591/3937/2202
f 3502/3897/2211 3594/3935/2202 3593/3914/2202 3511/3913/2220
f 3450/3918/2202 3442/3915/2202 3440/3907/2202 3438/3905/2202
f 3519/3938/2227 3526/3939/2228 3587/3940/2202 3588/3941/2202
f 3510/3912/2219 3670/3911/2218 3663/3882/2197 3503/3881/2196
f 3526/3939/2228 3530/3942/2229 3589/3943/2202 3587/3940/2202
f 3576/3933/2226 3736/3932/2225 3678/3944/2230 3518/3945/2231
f 3495/3946/2232 3655/3947/2233 3647/3948/2234 3487/3949/2235
f 3531/3950/2236 3691/3951/2237 3683/3952/2238 3523/3953/2239
f 3530/3942/2229 3522/3954/2240 3590/3936/2202 3589/3943/2202
f 3518/3945/2231 3678/3944/2230 3687/3955/2241 3527/3956/2242
f 3527/3956/2242 3687/3955/2241 3691/3951/2237 3531/3950/2236
f 3535/3957/2243 3695/3958/2244 3630/3959/2245 3470/3960/2246
f 3538/3961/2247 3698/3962/2248 3695/3958/2244 3535/3957/2243
f 3475/3902/2215 3635/3901/2214 3707/3963/2249 3547/3964/2250
f 3570/3965/2202 3571/3966/2202 3446/3967/2251 3444/3968/2252
f 3571/3966/2202 3572/3969/2202 3445/3970/2253 3446/3967/2251
f 3572/3969/2202 3447/3900/2202 3443/3899/2213 3445/3970/2253
f 3638/3971/2206 3478/3972/2205 3470/3960/2246 3630/3959/2245
f 3539/3886/2201 3534/3973/2254 3453/3922/2202 3456/3887/2202
f 3435/3903/2202 3471/3974/2255 3479/3975/2256 3437/3904/2202
f 3542/3976/2257 3567/3977/2258 3462/3978/2202 3461/3979/2202
f 3543/3980/2259 3703/3981/2260 3726/3982/2261 3566/3983/2262
f 3534/3973/2254 3471/3974/2255 3435/3903/2202 3453/3922/2202
f 3499/3880/2195 3659/3879/2194 3655/3947/2233 3495/3946/2232
f 3711/3984/2263 3551/3985/2264 3555/3986/2265 3715/3987/2266
f 3474/3988/2267 3546/3989/2268 3554/3990/2269 3550/3991/2270 3542/3976/2257 3461/3979/2202
f 3703/3981/2260 3543/3980/2259 3551/3985/2264 3711/3984/2263
f 3567/3977/2258 3562/3992/2271 3558/3993/2272 3462/3978/2202
f 3715/3987/2266 3555/3986/2265 3547/3964/2250 3707/3963/2249
f 3563/3994/2273 3723/3995/2274 3719/3896/2210 3559/3895/2209
f 3437/3904/2202 3479/3975/2256 3483/3996/2275 3441/3917/2202
f 3441/3917/2202 3483/3996/2275 3474/3988/2267 3461/3979/2202
f 3558/3993/2272 3507/3919/2222 3450/3918/2202 3462/3978/2202
f 3566/3983/2262 3726/3982/2261 3723/3995/2274 3563/3994/2273
f 3450/3918/2202 3441/3917/2202 3461/3979/2202 3462/3978/2202
f 3503/3997/2196 3505/3998/2276 3512/3999/2277 3510/4000/2219
f 3505/3998/2276 3504/4001/2278 3513/4002/2279 3512/3999/2277
f 3504/4001/2278 3502/3897/2211 3511/3913/2220 3513/4002/2279
f 3510/4000/2219 3512/3999/2277 3516/4003/2280 3514/4004/2216
f 3512/3999/2277 3513/4002/2279 3517/4005/2281 3516/4003/2280
f 3513/4002/2279 3511/3913/2220 3515/3916/2221 3517/4005/2281
f 3514/4004/2216 3516/4003/2280 3508/4006/2282 3506/4007/2208
f 3516/4003/2280 3517/4005/2281 3509/4008/2283 3508/4006/2282
f 3517/4005/2281 3515/3916/2221 3507/3919/2222 3509/4008/2283
f 3483/3996/2275 3485/4009/2284 3476/4010/2285 3474/3988/2267
f 3485/4009/2284 3484/4011/2286 3477/4012/2287 3476/4010/2285
f 3484/4011/2286 3482/4013/2204 3475/4014/2215 3477/4012/2287
f 3479/3975/2256 3481/4015/2288 3485/4009/2284 3483/3996/2275
f 3481/4015/2288 3480/4016/2289 3484/4011/2286 3485/4009/2284
f 3480/4016/2289 3478/4017/2205 3482/4013/2204 3484/4011/2286
f 3471/3974/2255 3473/4018/2290 3481/4015/2288 3479/3975/2256
f 3473/4018/2290 3472/4019/2291 3480/4016/2289 3481/4015/2288
f 3472/4019/2291 3470/4020/2246 3478/4017/2205 3480/4016/2289
f 3490/4021/2292 3492/4022/2293 3500/4023/2294 3498/4024/2295
f 3492/4022/2293 3493/4025/2296 3501/4026/2297 3500/4023/2294
f 3493/4025/2296 3491/4027/2192 3499/4028/2195 3501/4026/2297
f 3498/4024/2295 3500/4023/2294 3496/4029/2298 3494/4030/2299
f 3500/4023/2294 3501/4026/2297 3497/4031/2300 3496/4029/2298
f 3501/4026/2297 3499/4028/2195 3495/4032/2232 3497/4031/2300
f 3494/4030/2299 3496/4029/2298 3488/4033/2301 3486/3885/2200
f 3496/4029/2298 3497/4031/2300 3489/4034/2302 3488/4033/2301
f 3497/4031/2300 3495/4032/2232 3487/4035/2235 3489/4034/2302
f 3519/3938/2227 3521/4036/2303 3528/4037/2304 3526/3939/2228
f 3521/4036/2303 3520/4038/2305 3529/4039/2306 3528/4037/2304
f 3520/4038/2305 3518/4040/2231 3527/4041/2242 3529/4039/2306
f 3526/3939/2228 3528/4037/2304 3532/4042/2307 3530/3942/2229
f 3528/4037/2304 3529/4039/2306 3533/4043/2308 3532/4042/2307
f 3529/4039/2306 3527/4041/2242 3531/4044/2236 3533/4043/2308
f 3530/3942/2229 3532/4042/2307 3524/4045/2309 3522/3954/2240
f 3532/4042/2307 3533/4043/2308 3525/4046/2310 3524/4045/2309
f 3533/4043/2308 3531/4044/2236 3523/4047/2239 3525/4046/2310
f 3535/4048/2243 3537/4049/2311 3540/4050/2312 3538/4051/2247
f 3537/4049/2311 3536/4052/2313 3541/4053/2314 3540/4050/2312
f 3536/4052/2313 3534/3973/2254 3539/3886/2201 3541/4053/2314
f 3550/3991/2270 3552/4054/2315 3544/4055/2316 3542/3976/2257
f 3552/4054/2315 3553/4056/2317 3545/4057/2318 3544/4055/2316
f 3553/4056/2317 3551/4058/2264 3543/4059/2259 3545/4057/2318
f 3554/3990/2269 3556/4060/2319 3552/4054/2315 3550/3991/2270
f 3556/4060/2319 3557/4061/2320 3553/4056/2317 3552/4054/2315
f 3557/4061/2320 3555/4062/2265 3551/4058/2264 3553/4056/2317
f 3546/3989/2268 3548/4063/2321 3556/4060/2319 3554/3990/2269
f 3548/4063/2321 3549/4064/2322 3557/4061/2320 3556/4060/2319
f 3549/4064/2322 3547/4065/2250 3555/4062/2265 3557/4061/2320
f 3567/3977/2258 3569/4066/2323 3564/4067/2324 3562/3992/2271
f 3569/4066/2323 3568/4068/2325 3565/4069/2326 3564/4067/2324
f 3568/4068/2325 3566/4070/2262 3563/4071/2273 3565/4069/2326
f 3562/3992/2271 3564/4067/2324 3560/4072/2327 3558/3993/2272
f 3564/4067/2324 3565/4069/2326 3561/4073/2328 3560/4072/2327
f 3565/4069/2326 3563/4071/2273 3559/4074/2209 3561/4073/2328
f 3547/4065/2250 3549/4064/2322 3477/4012/2287 3475/4014/2215
f 3549/4064/2322 3548/4063/2321 3476/4010/2285 3477/4012/2287
f 3548/4063/2321 3546/3989/2268 3474/3988/2267 3476/4010/2285
f 3506/4007/2208 3508/4006/2282 3561/4073/2328 3559/4074/2209
f 3508/4006/2282 3509/4008/2283 3560/4072/2327 3561/4073/2328
f 3509/4008/2283 3507/3919/2222 3558/3993/2272 3560/4072/2327
f 3522/3954/2240 3524/4045/2309 3492/4022/2293 3490/4021/2292
f 3524/4045/2309 3525/4046/2310 3493/4025/2296 3492/4022/2293
f 3525/4046/2310 3523/4047/2239 3491/4027/2192 3493/4025/2296
f 3573/4075/2329 3574/4076/2330 3521/4036/2303 3519/3938/2227
f 3574/4076/2330 3575/4077/2331 3520/4038/2305 3521/4036/2303
f 3575/4077/2331 3576/4078/2226 3518/4040/2231 3520/4038/2305
f 3538/4051/2247 3540/4050/2312 3489/4034/2302 3487/4035/2235
f 3540/4050/2312 3541/4053/2314 3488/4033/2301 3489/4034/2302
f 3541/4053/2314 3539/3886/2201 3486/3885/2200 3488/4033/2301
f 3542/3976/2257 3544/4055/2316 3569/4066/2323 3567/3977/2258
f 3544/4055/2316 3545/4057/2318 3568/4068/2325 3569/4066/2323
f 3545/4057/2318 3543/4059/2259 3566/4070/2262 3568/4068/2325
f 3470/4020/2246 3472/4019/2291 3537/4049/2311 3535/4048/2243
f 3472/4019/2291 3473/4018/2290 3536/4052/2313 3537/4049/2311
f 3473/4018/2290 3471/3974/2255 3534/3973/2254 3536/4052/2313
f 3623/3883/2198 3737/4079/2332 3577/4080/2333 3463/3884/2199
f 3466/4081/2334 3464/3898/2212 3502/3897/2211 3504/4001/2278
f 3465/4082/2335 3466/4081/2334 3504/4001/2278 3505/3998/2276
f 3463/4083/2199 3465/4082/2335 3505/3998/2276 3503/3997/2196
f 3469/4084/2336 3467/4085/2223 3576/4078/2226 3575/4077/2331
f 3468/4086/2337 3469/4084/2336 3575/4077/2331 3574/4076/2330
f 3444/3968/2252 3468/4086/2337 3574/4076/2330 3573/4075/2329
f 3458/3928/2202 3451/3929/2202 3572/3969/2202 3571/3966/2202
f 3449/3927/2202 3458/3928/2202 3571/3966/2202 3570/3965/2202
f 3449/3927/2202 3570/3965/2202 3586/4087/2202 3588/3941/2202
f 3523/3953/2239 3683/3952/2238 3651/3878/2193 3491/3877/2192
f 3464/3898/2212 3466/4081/2334 3579/4088/2338 3443/3899/2213
f 3465/4082/2335 3463/4083/2199 3577/4089/2333 3578/4090/2339
f 3466/4081/2334 3465/4082/2335 3578/4090/2339 3579/4088/2338
f 3737/4079/2332 3740/4091/2340 3580/4092/2341 3577/4080/2333
f 3740/4093/2340 3743/4094/2342 3583/4095/2343 3580/4096/2341
f 3579/4088/2338 3578/4090/2339 3581/4097/2344 3582/4098/2345
f 3443/3899/2213 3579/4088/2338 3582/4098/2345 3445/3970/2253
f 3578/4090/2339 3577/4089/2333 3580/4099/2341 3581/4097/2344
f 3743/4094/2342 3627/3931/2224 3467/3930/2223 3583/4095/2343
f 3582/4098/2345 3581/4097/2344 3584/4100/2346 3585/4101/2347
f 3445/3970/2253 3582/4098/2345 3585/4101/2347 3446/3967/2251
f 3581/4097/2344 3580/4099/2341 3583/4102/2343 3584/4100/2346
f 3585/4101/2347 3584/4100/2346 3469/4084/2336 3468/4086/2337
f 3446/3967/2251 3585/4101/2347 3468/4086/2337 3444/3968/2252
f 3584/4100/2346 3583/4102/2343 3467/4085/2223 3469/4084/2336
f 3573/4075/2329 3586/4087/2202 3570/3965/2202 3444/3968/2252
f 3498/4024/2295 3591/3937/2202 3590/3936/2202 3522/3954/2240 3490/4021/2292
f 3587/3940/2202 3589/3943/2202 3455/3924/2202 3459/3926/2202
f 3588/3941/2202 3586/4087/2202 3573/4075/2329 3519/3938/2227
f 3589/3943/2202 3590/3936/2202 3448/3888/2202 3455/3924/2202
f 3588/3941/2202 3587/3940/2202 3459/3926/2202 3449/3927/2202
f 3591/3937/2202 3498/4024/2295 3494/4030/2299 3486/3885/2200
f 3451/3929/2202 3592/3934/2202 3447/3900/2202 3572/3969/2202
f 3593/3914/2202 3594/3935/2202 3439/3908/2202 3440/3907/2202
f 3594/3935/2202 3592/3934/2202 3439/3908/2202
f 3592/3934/2202 3451/3929/2202 3452/3920/2202 3439/3908/2202
f 3442/3915/2202 3593/3914/2202 3440/3907/2202
f 3646/4103/2348 3608/4104/2349 3616/4105/2349 3699/4106/2350
f 3662/4107/2351 3607/4108/2349 3603/4109/2352 3624/4110/2353
f 3595/4111/2349 3596/4112/2349 3598/4113/2349 3597/4114/2349
f 3596/4112/2349 3599/4115/2349 3600/4116/2349 3598/4113/2349
f 3671/4117/2354 3675/4118/2355 3602/4119/2349 3753/4120/2349
f 3601/4121/2349 3597/4114/2349 3598/4113/2349 3610/4122/2349
f 3667/4123/2356 3610/4122/2349 3602/4119/2349 3675/4118/2355
f 3599/4115/2349 3596/4112/2349 3614/4124/2349 3612/4125/2349
f 3595/4111/2349 3613/4126/2349 3614/4124/2349 3596/4112/2349
f 3613/4126/2349 3616/4105/2349 3617/4127/2349 3614/4124/2349
f 3608/4104/2349 3615/4128/2349 3617/4127/2349 3616/4105/2349
f 3615/4128/2349 3619/4129/2349 3620/4130/2349 3617/4127/2349
f 3609/4131/2349 3618/4132/2349 3620/4130/2349 3619/4129/2349
f 3618/4132/2349 3611/4133/2349 3612/4125/2349 3620/4130/2349
f 3612/4125/2349 3614/4124/2349 3617/4127/2349 3620/4130/2349
f 3607/4108/2349 3662/4107/2351 3754/4134/2349 3752/4135/2349
f 3646/4103/2348 3751/4136/2349 3750/4137/2349 3608/4104/2349
f 3662/4107/2351 3671/4117/2354 3753/4120/2349 3754/4134/2349
f 3610/4122/2349 3598/4113/2349 3600/4116/2349 3602/4119/2349
f 3679/4138/2357 3748/4139/2349 3747/4140/2349 3686/4141/2358
f 3686/4141/2358 3747/4140/2349 3749/4142/2349 3690/4143/2359
f 3690/4143/2359 3749/4142/2349 3750/4137/2349 3682/4144/2360
f 3730/4145/2349 3604/4146/2361 3606/4147/2362 3731/4148/2349
f 3731/4148/2349 3606/4147/2362 3605/4149/2363 3732/4150/2349
f 3732/4150/2349 3605/4149/2363 3603/4109/2352 3607/4108/2349
f 3699/4106/2350 3616/4105/2349 3613/4126/2349 3694/4151/2364
f 3595/4111/2349 3597/4114/2349 3639/4152/2365 3631/4153/2366
f 3702/4154/2367 3621/4155/2349 3622/4156/2349 3727/4157/2368
f 3694/4151/2364 3613/4126/2349 3595/4111/2349 3631/4153/2366
f 3634/4158/2369 3621/4155/2349 3702/4154/2367 3710/4159/2370 3714/4160/2371 3706/4161/2372
f 3727/4157/2368 3622/4156/2349 3718/4162/2373 3722/4163/2374
f 3597/4114/2349 3601/4121/2349 3643/4164/2375 3639/4152/2365
f 3601/4121/2349 3621/4155/2349 3634/4158/2369 3643/4164/2375
f 3718/4162/2373 3622/4156/2349 3610/4122/2349 3667/4123/2356
f 3610/4122/2349 3622/4156/2349 3621/4155/2349 3601/4121/2349
f 3663/4165/2197 3670/4166/2218 3672/4167/2376 3665/4168/2377
f 3665/4168/2377 3672/4167/2376 3673/4169/2378 3664/4170/2379
f 3664/4170/2379 3673/4169/2378 3671/4117/2354 3662/4107/2351
f 3670/4166/2218 3674/4171/2217 3676/4172/2380 3672/4167/2376
f 3672/4167/2376 3676/4172/2380 3677/4173/2381 3673/4169/2378
f 3673/4169/2378 3677/4173/2381 3675/4118/2355 3671/4117/2354
f 3674/4171/2217 3666/4174/2207 3668/4175/2382 3676/4172/2380
f 3676/4172/2380 3668/4175/2382 3669/4176/2383 3677/4173/2381
f 3677/4173/2381 3669/4176/2383 3667/4123/2356 3675/4118/2355
f 3643/4164/2375 3634/4158/2369 3636/4177/2384 3645/4178/2385
f 3645/4178/2385 3636/4177/2384 3637/4179/2386 3644/4180/2387
f 3644/4180/2387 3637/4179/2386 3635/4181/2214 3642/4182/2203
f 3639/4152/2365 3643/4164/2375 3645/4178/2385 3641/4183/2388
f 3641/4183/2388 3645/4178/2385 3644/4180/2387 3640/4184/2389
f 3640/4184/2389 3644/4180/2387 3642/4182/2203 3638/4185/2206
f 3631/4153/2366 3639/4152/2365 3641/4183/2388 3633/4186/2390
f 3633/4186/2390 3641/4183/2388 3640/4184/2389 3632/4187/2391
f 3632/4187/2391 3640/4184/2389 3638/4185/2206 3630/4188/2245
f 3650/4189/2392 3658/4190/2393 3660/4191/2394 3652/4192/2395
f 3652/4192/2395 3660/4191/2394 3661/4193/2396 3653/4194/2397
f 3653/4194/2397 3661/4193/2396 3659/4195/2194 3651/4196/2193
f 3658/4190/2393 3654/4197/2398 3656/4198/2399 3660/4191/2394
f 3660/4191/2394 3656/4198/2399 3657/4199/2400 3661/4193/2396
f 3661/4193/2396 3657/4199/2400 3655/4200/2233 3659/4195/2194
f 3654/4197/2398 3646/4103/2348 3648/4201/2401 3656/4198/2399
f 3656/4198/2399 3648/4201/2401 3649/4202/2402 3657/4199/2400
f 3657/4199/2400 3649/4202/2402 3647/4203/2234 3655/4200/2233
f 3679/4138/2357 3686/4141/2358 3688/4204/2403 3681/4205/2404
f 3681/4205/2404 3688/4204/2403 3689/4206/2405 3680/4207/2406
f 3680/4207/2406 3689/4206/2405 3687/4208/2241 3678/4209/2230
f 3686/4141/2358 3690/4143/2359 3692/4210/2407 3688/4204/2403
f 3688/4204/2403 3692/4210/2407 3693/4211/2408 3689/4206/2405
f 3689/4206/2405 3693/4211/2408 3691/4212/2237 3687/4208/2241
f 3690/4143/2359 3682/4144/2360 3684/4213/2409 3692/4210/2407
f 3692/4210/2407 3684/4213/2409 3685/4214/2410 3693/4211/2408
f 3693/4211/2408 3685/4214/2410 3683/4215/2238 3691/4212/2237
f 3695/4216/2244 3698/4217/2248 3700/4218/2411 3697/4219/2412
f 3697/4219/2412 3700/4218/2411 3701/4220/2413 3696/4221/2414
f 3696/4221/2414 3701/4220/2413 3699/4106/2350 3694/4151/2364
f 3710/4159/2370 3702/4154/2367 3704/4222/2415 3712/4223/2416
f 3712/4223/2416 3704/4222/2415 3705/4224/2417 3713/4225/2418
f 3713/4225/2418 3705/4224/2417 3703/4226/2260 3711/4227/2263
f 3714/4160/2371 3710/4159/2370 3712/4223/2416 3716/4228/2419
f 3716/4228/2419 3712/4223/2416 3713/4225/2418 3717/4229/2420
f 3717/4229/2420 3713/4225/2418 3711/4227/2263 3715/4230/2266
f 3706/4161/2372 3714/4160/2371 3716/4228/2419 3708/4231/2421
f 3708/4231/2421 3716/4228/2419 3717/4229/2420 3709/4232/2422
f 3709/4232/2422 3717/4229/2420 3715/4230/2266 3707/4233/2249
f 3727/4157/2368 3722/4163/2374 3724/4234/2423 3729/4235/2424
f 3729/4235/2424 3724/4234/2423 3725/4236/2425 3728/4237/2426
f 3728/4237/2426 3725/4236/2425 3723/4238/2274 3726/4239/2261
f 3722/4163/2374 3718/4162/2373 3720/4240/2427 3724/4234/2423
f 3724/4234/2423 3720/4240/2427 3721/4241/2428 3725/4236/2425
f 3725/4236/2425 3721/4241/2428 3719/4242/2210 3723/4238/2274
f 3707/4233/2249 3635/4181/2214 3637/4179/2386 3709/4232/2422
f 3709/4232/2422 3637/4179/2386 3636/4177/2384 3708/4231/2421
f 3708/4231/2421 3636/4177/2384 3634/4158/2369 3706/4161/2372
f 3666/4174/2207 3719/4242/2210 3721/4241/2428 3668/4175/2382
f 3668/4175/2382 3721/4241/2428 3720/4240/2427 3669/4176/2383
f 3669/4176/2383 3720/4240/2427 3718/4162/2373 3667/4123/2356
f 3682/4144/2360 3650/4189/2392 3652/4192/2395 3684/4213/2409
f 3684/4213/2409 3652/4192/2395 3653/4194/2397 3685/4214/2410
f 3685/4214/2410 3653/4194/2397 3651/4196/2193 3683/4215/2238
f 3733/4243/2429 3679/4138/2357 3681/4205/2404 3734/4244/2430
f 3734/4244/2430 3681/4205/2404 3680/4207/2406 3735/4245/2431
f 3735/4245/2431 3680/4207/2406 3678/4209/2230 3736/4246/2225
f 3698/4217/2248 3647/4203/2234 3649/4202/2402 3700/4218/2411
f 3700/4218/2411 3649/4202/2402 3648/4201/2401 3701/4220/2413
f 3701/4220/2413 3648/4201/2401 3646/4103/2348 3699/4106/2350
f 3702/4154/2367 3727/4157/2368 3729/4235/2424 3704/4222/2415
f 3704/4222/2415 3729/4235/2424 3728/4237/2426 3705/4224/2417
f 3705/4224/2417 3728/4237/2426 3726/4239/2261 3703/4226/2260
f 3630/4188/2245 3695/4216/2244 3697/4219/2412 3632/4187/2391
f 3632/4187/2391 3697/4219/2412 3696/4221/2414 3633/4186/2390
f 3633/4186/2390 3696/4221/2414 3694/4151/2364 3631/4153/2366
f 3626/4247/2432 3664/4170/2379 3662/4107/2351 3624/4110/2353
f 3625/4248/2433 3665/4168/2377 3664/4170/2379 3626/4247/2432
f 3623/4249/2198 3663/4165/2197 3665/4168/2377 3625/4248/2433
f 3629/4250/2434 3735/4245/2431 3736/4246/2225 3627/4251/2224
f 3628/4252/2435 3734/4244/2430 3735/4245/2431 3629/4250/2434
f 3604/4146/2361 3733/4243/2429 3734/4244/2430 3628/4252/2435
f 3618/4132/2349 3731/4148/2349 3732/4150/2349 3611/4133/2349
f 3609/4131/2349 3730/4145/2349 3731/4148/2349 3618/4132/2349
f 3609/4131/2349 3748/4139/2349 3746/4253/2349 3730/4145/2349
f 3624/4110/2353 3603/4109/2352 3739/4254/2436 3626/4247/2432
f 3625/4248/2433 3738/4255/2437 3737/4256/2332 3623/4249/2198
f 3626/4247/2432 3739/4254/2436 3738/4255/2437 3625/4248/2433
f 3739/4254/2436 3742/4257/2438 3741/4258/2439 3738/4255/2437
f 3603/4109/2352 3605/4149/2363 3742/4257/2438 3739/4254/2436
f 3738/4255/2437 3741/4258/2439 3740/4259/2340 3737/4256/2332
f 3742/4257/2438 3745/4260/2440 3744/4261/2441 3741/4258/2439
f 3605/4149/2363 3606/4147/2362 3745/4260/2440 3742/4257/2438
f 3741/4258/2439 3744/4261/2441 3743/4262/2342 3740/4259/2340
f 3745/4260/2440 3628/4252/2435 3629/4250/2434 3744/4261/2441
f 3606/4147/2362 3604/4146/2361 3628/4252/2435 3745/4260/2440
f 3744/4261/2441 3629/4250/2434 3627/4251/2224 3743/4262/2342
f 3733/4243/2429 3604/4146/2361 3730/4145/2349 3746/4253/2349
f 3658/4190/2393 3650/4189/2392 3682/4144/2360 3750/4137/2349 3751/4136/2349
f 3747/4140/2349 3619/4129/2349 3615/4128/2349 3749/4142/2349
f 3748/4139/2349 3679/4138/2357 3733/4243/2429 3746/4253/2349
f 3749/4142/2349 3615/4128/2349 3608/4104/2349 3750/4137/2349
f 3748/4139/2349 3609/4131/2349 3619/4129/2349 3747/4140/2349
f 3751/4136/2349 3646/4103/2348 3654/4197/2398 3658/4190/2393
f 3611/4133/2349 3732/4150/2349 3607/4108/2349 3752/4135/2349
f 3753/4120/2349 3600/4116/2349 3599/4115/2349 3754/4134/2349
f 3754/4134/2349 3599/4115/2349 3752/4135/2349
f 3752/4135/2349 3599/4115/2349 3612/4125/2349 3611/4133/2349
f 3602/4119/2349 3600/4116/2349 3753/4120/2349
f 3487/3949/2235 3647/3948/2234 3698/3962/2248 3538/3961/2247
o Cylinder.008
v 0.926503 6.555268 1.406091
v 0.960996 6.589729 1.404851
v 0.936605 6.579696 1.405241
v 1.157212 6.555268 1.406091
v 1.122719 6.589729 1.404851
v 1.147109 6.579696 1.405241
v 0.926503 6.467672 1.104870
v 0.960996 6.501526 1.088065
v 0.936605 6.491666 1.093133
v 1.157212 6.467672 1.104870
v 1.122719 6.501526 1.088065
v 1.147109 6.491666 1.093133
v 0.926503 6.235549 0.894969
v 0.960995 6.265440 0.869617
v 0.936605 6.256696 0.877024
v 1.157212 6.235549 0.894969
v 1.122719 6.265440 0.869617
v 1.147109 6.256696 0.877024
v 0.926503 5.878892 0.732397
v 0.960995 5.898688 0.703170
v 0.936605 5.892803 0.711685
v 1.157212 5.878892 0.732397
v 1.122719 5.898688 0.703170
v 1.147109 5.892803 0.711685
v 0.926503 5.472574 0.626669
v 0.960995 5.480220 0.591989
v 0.936605 5.478225 0.602048
v 1.157212 5.472574 0.626669
v 1.122719 5.480220 0.591989
v 1.147109 5.478225 0.602048
v 0.926503 5.141989 0.587806
v 0.960995 5.140155 0.552527
v 0.936605 5.140591 0.563181
v 1.157212 5.141989 0.587805
v 1.122719 5.140155 0.552527
v 1.147109 5.140591 0.563181
v 0.926503 4.583950 0.731801
v 0.960995 4.565144 0.696114
v 0.936605 4.570971 0.706767
v 1.157212 4.583950 0.731801
v 1.122719 4.565144 0.696114
v 1.147109 4.570971 0.706767
v 0.926503 4.291168 1.281052
v 0.960995 4.267870 1.255065
v 0.936605 4.274217 1.262974
v 1.157212 4.291168 1.281052
v 1.122719 4.267870 1.255065
v 1.147109 4.274217 1.262974
v 0.926503 4.295181 1.991971
v 0.960995 4.265395 1.994757
v 0.936605 4.273846 1.994736
v 1.157212 4.295181 1.991971
v 1.122719 4.265395 1.994757
v 1.147109 4.273846 1.994736
v 0.926503 4.413275 2.382160
v 0.960995 4.387563 2.404004
v 0.936605 4.395135 2.397344
v 1.157212 4.413275 2.382160
v 1.122719 4.387563 2.404004
v 1.147109 4.395135 2.397344
v 0.926503 4.604984 2.588441
v 0.960995 4.595691 2.607226
v 0.936605 4.598392 2.602052
v 1.157212 4.604984 2.588441
v 1.122719 4.595691 2.607226
v 1.147109 4.598392 2.602052
v 0.926503 4.873363 2.604174
v 0.960995 4.867143 2.629793
v 0.936605 4.868788 2.622658
v 1.157212 4.873363 2.604174
v 1.122719 4.867143 2.629793
v 1.147109 4.868788 2.622658
v 0.926503 5.386004 2.189128
v 0.960996 5.392627 2.216466
v 0.936605 5.390232 2.209174
v 1.157212 5.386004 2.189128
v 1.122719 5.392627 2.216466
v 1.147109 5.390232 2.209174
v 0.926503 6.018877 2.005396
v 0.960996 6.038317 2.032623
v 0.936605 6.032511 2.024411
v 1.157212 6.018877 2.005396
v 1.122719 6.038317 2.032623
v 1.147109 6.032511 2.024411
v 0.926503 6.297668 1.899704
v 0.960996 6.321708 1.928027
v 0.936605 6.314689 1.919649
v 1.157212 6.297668 1.899704
v 1.122719 6.321708 1.928027
v 1.147109 6.314689 1.919649
v 0.926503 6.462831 1.693320
v 0.960996 6.496768 1.709431
v 0.936605 6.486686 1.704443
v 1.157212 6.462831 1.693320
v 1.122719 6.496768 1.709431
v 1.147109 6.486686 1.704443
v 0.960996 5.133606 2.467616
v 0.936605 5.133063 2.460011
v 0.926503 5.134112 2.437576
v 1.122719 5.133606 2.467616
v 1.147109 5.133063 2.460011
v 1.157212 5.134112 2.437576
v 0.960996 5.710278 2.072035
v 0.936605 5.707270 2.064975
v 0.926503 5.696488 2.048194
v 1.122719 5.710278 2.072035
v 1.147109 5.707270 2.064975
v 1.157212 5.696488 2.048194
v 0.960995 4.340170 0.951926
v 0.936605 4.346092 0.961113
v 0.926503 4.361441 0.982489
v 1.122719 4.340170 0.951926
v 1.147109 4.346092 0.961113
v 1.157212 4.361441 0.982489
v 0.960995 4.857988 0.580558
v 0.936605 4.861689 0.591619
v 0.926503 4.870540 0.617498
v 1.122719 4.857988 0.580558
v 1.147109 4.861689 0.591619
v 1.157212 4.870540 0.617498
v 0.960995 4.231234 1.624080
v 0.936605 4.238705 1.628805
v 0.926503 4.258095 1.638631
v 1.122719 4.231234 1.624080
v 1.147109 4.238705 1.628805
v 1.157212 4.258095 1.638631
v -0.926503 6.555268 1.406091
v -0.960996 6.589729 1.404851
v -0.936606 6.579696 1.405241
v -1.157212 6.555268 1.406091
v -1.122719 6.589729 1.404851
v -1.147109 6.579696 1.405241
v -0.926503 6.467672 1.104870
v -0.960996 6.501526 1.088065
v -0.936606 6.491666 1.093133
v -1.157212 6.467672 1.104870
v -1.122719 6.501526 1.088065
v -1.147109 6.491666 1.093133
v -0.926503 6.235549 0.894969
v -0.960996 6.265440 0.869617
v -0.936606 6.256696 0.877024
v -1.157212 6.235549 0.894969
v -1.122719 6.265440 0.869617
v -1.147109 6.256696 0.877024
v -0.926503 5.878892 0.732397
v -0.960996 5.898687 0.703170
v -0.936606 5.892802 0.711685
v -1.157212 5.878892 0.732397
v -1.122719 5.898687 0.703170
v -1.147109 5.892802 0.711685
v -0.926503 5.472573 0.626669
v -0.960996 5.480219 0.591989
v -0.936606 5.478225 0.602048
v -1.157212 5.472573 0.626669
v -1.122719 5.480219 0.591989
v -1.147109 5.478225 0.602048
v -0.926503 5.141989 0.587806
v -0.960996 5.140155 0.552527
v -0.936606 5.140590 0.563181
v -1.157212 5.141989 0.587806
v -1.122719 5.140155 0.552527
v -1.147109 5.140590 0.563181
v -0.926503 4.583949 0.731801
v -0.960996 4.565144 0.696114
v -0.936606 4.570971 0.706767
v -1.157212 4.583949 0.731801
v -1.122719 4.565144 0.696114
v -1.147109 4.570971 0.706767
v -0.926503 4.291168 1.281052
v -0.960996 4.267869 1.255065
v -0.936606 4.274217 1.262974
v -1.157212 4.291168 1.281052
v -1.122719 4.267869 1.255065
v -1.147109 4.274217 1.262974
v -0.926503 4.295181 1.991971
v -0.960996 4.265395 1.994757
v -0.936606 4.273846 1.994736
v -1.157212 4.295181 1.991971
v -1.122719 4.265395 1.994757
v -1.147109 4.273846 1.994736
v -0.926503 4.413274 2.382160
v -0.960996 4.387563 2.404004
v -0.936606 4.395135 2.397344
v -1.157212 4.413274 2.382160
v -1.122719 4.387563 2.404004
v -1.147109 4.395135 2.397344
v -0.926503 4.604984 2.588441
v -0.960996 4.595690 2.607226
v -0.936606 4.598392 2.602052
v -1.157212 4.604984 2.588441
v -1.122719 4.595690 2.607226
v -1.147109 4.598392 2.602052
v -0.926503 4.873363 2.604174
v -0.960996 4.867142 2.629793
v -0.936606 4.868788 2.622658
v -1.157212 4.873363 2.604174
v -1.122719 4.867142 2.629793
v -1.147109 4.868788 2.622658
v -0.926503 5.386003 2.189128
v -0.960996 5.392627 2.216466
v -0.936606 5.390232 2.209174
v -1.157212 5.386003 2.189128
v -1.122719 5.392627 2.216466
v -1.147109 5.390232 2.209174
v -0.926503 6.018876 2.005396
v -0.960996 6.038316 2.032623
v -0.936606 6.032510 2.024411
v -1.157212 6.018876 2.005396
v -1.122719 6.038316 2.032623
v -1.147109 6.032510 2.024411
v -0.926503 6.297668 1.899704
v -0.960996 6.321708 1.928027
v -0.936606 6.314689 1.919649
v -1.157212 6.297668 1.899704
v -1.122719 6.321708 1.928027
v -1.147109 6.314689 1.919649
v -0.926503 6.462831 1.693320
v -0.960996 6.496768 1.709431
v -0.936606 6.486686 1.704443
v -1.157212 6.462831 1.693320
v -1.122719 6.496768 1.709431
v -1.147109 6.486686 1.704443
v -0.960996 5.133606 2.467616
v -0.936605 5.133062 2.460011
v -0.926503 5.134112 2.437576
v -1.122719 5.133606 2.467616
v -1.147109 5.133062 2.460011
v -1.157212 5.134112 2.437576
v -0.960996 5.710278 2.072035
v -0.936606 5.707270 2.064975
v -0.926503 5.696488 2.048194
v -1.122719 5.710278 2.072035
v -1.147109 5.707270 2.064975
v -1.157212 5.696488 2.048194
v -0.960996 4.340170 0.951926
v -0.936606 4.346092 0.961113
v -0.926503 4.361441 0.982489
v -1.122719 4.340170 0.951926
v -1.147109 4.346092 0.961113
v -1.157212 4.361441 0.982489
v -0.960996 4.857987 0.580558
v -0.936606 4.861689 0.591619
v -0.926503 4.870540 0.617498
v -1.122719 4.857987 0.580558
v -1.147109 4.861689 0.591619
v -1.157212 4.870540 0.617498
v -0.960996 4.231234 1.624080
v -0.936606 4.238705 1.628805
v -0.926503 4.258095 1.638631
v -1.122719 4.231234 1.624080
v -1.147109 4.238705 1.628805
v -1.157212 4.258095 1.638631
vt 0.865802 0.734306
vt 0.879056 0.734306
vt 0.879056 0.760403
vt 0.865802 0.760403
vt 0.906037 0.754570
vt 0.892784 0.754570
vt 0.892784 0.721564
vt 0.906037 0.721564
vt 0.892784 0.686080
vt 0.906037 0.686080
vt 0.892784 0.658024
vt 0.906037 0.658024
vt 0.906037 0.634786
vt 0.892784 0.634786
vt 0.892784 0.608986
vt 0.906037 0.608986
vt 0.906037 0.581068
vt 0.892784 0.581068
vt 0.892784 0.555529
vt 0.906037 0.555529
vt 0.906037 0.525139
vt 0.892784 0.525139
vt 0.892784 0.494633
vt 0.906037 0.494633
vt 0.865802 0.494633
vt 0.879056 0.494633
vt 0.879056 0.529633
vt 0.865802 0.529633
vt 0.879056 0.553472
vt 0.865802 0.553472
vt 0.879056 0.575795
vt 0.865802 0.575795
vt 0.865802 0.601359
vt 0.879056 0.601359
vt 0.879056 0.630926
vt 0.865802 0.630926
vt 0.865802 0.659522
vt 0.879056 0.659522
vt 0.879056 0.686599
vt 0.865802 0.686599
vt 0.879056 0.711355
vt 0.865802 0.711355
vt 0.906037 0.780930
vt 0.892784 0.780930
vt 0.563807 0.690271
vt 0.588324 0.693529
vt 0.606388 0.709383
vt 0.616715 0.728106
vt 0.616248 0.752495
vt 0.610343 0.779537
vt 0.610049 0.808969
vt 0.616878 0.838356
vt 0.617723 0.863225
vt 0.606950 0.880978
vt 0.585881 0.887076
vt 0.553498 0.881952
vt 0.526431 0.871792
vt 0.501350 0.856460
vt 0.482220 0.841005
vt 0.471754 0.816515
vt 0.473062 0.791809
vt 0.480137 0.770828
vt 0.494183 0.747475
vt 0.516070 0.720877
vt 0.540590 0.700147
vt 0.879056 0.787352
vt 0.865802 0.787352
vt 0.962019 0.208705
vt 0.935526 0.212524
vt 0.935732 0.210250
vt 0.961156 0.206702
vt 0.935829 0.207936
vt 0.960345 0.204678
vt 0.563504 0.685683
vt 0.589998 0.689502
vt 0.589135 0.691505
vt 0.563710 0.687958
vt 0.910969 0.202464
vt 0.911920 0.200387
vt 0.912612 0.198060
vt 0.538948 0.695743
vt 0.539899 0.697820
vt 0.885491 0.180928
vt 0.886903 0.179214
vt 0.888091 0.177330
vt 0.513470 0.717279
vt 0.514881 0.718993
vt 0.862612 0.153380
vt 0.864423 0.152091
vt 0.866204 0.150733
vt 0.490591 0.744828
vt 0.492402 0.746117
vt 0.848093 0.129080
vt 0.850123 0.128187
vt 0.852159 0.127379
vt 0.476071 0.769127
vt 0.478101 0.770020
vt 0.840482 0.107009
vt 0.839086 0.081266
vt 0.841308 0.081553
vt 0.842715 0.106660
vt 0.843776 0.081692
vt 0.845083 0.106398
vt 0.468461 0.791198
vt 0.470693 0.791548
vt 0.850033 0.055710
vt 0.869617 0.039557
vt 0.871314 0.040969
vt 0.852048 0.056693
vt 0.873372 0.041747
vt 0.854241 0.057202
vt 0.478012 0.842498
vt 0.467064 0.816941
vt 0.469286 0.816654
vt 0.480026 0.841514
vt 0.895649 0.023428
vt 0.924215 0.012344
vt 0.924907 0.014415
vt 0.896935 0.025151
vt 0.925520 0.016255
vt 0.898453 0.026415
vt 0.523627 0.874780
vt 0.497595 0.858650
vt 0.499292 0.857238
vt 0.524914 0.873057
vt 0.958691 0.006864
vt 0.958355 0.009092
vt 0.957902 0.011131
vt 0.586669 0.891344
vt 0.552194 0.885864
vt 0.552886 0.883793
vt 0.586334 0.889116
vt 0.981147 0.014374
vt 0.979882 0.016033
vt 0.978972 0.017230
vt 0.609125 0.883834
vt 0.607861 0.882174
vt 0.993136 0.033073
vt 0.991108 0.033919
vt 0.989745 0.034982
vt 0.621115 0.865134
vt 0.619086 0.864289
vt 0.992861 0.058772
vt 0.986187 0.088801
vt 0.983955 0.088750
vt 0.990664 0.058874
vt 0.982071 0.089238
vt 0.988899 0.059852
vt 0.620840 0.839436
vt 0.618643 0.839334
vt 0.986445 0.118803
vt 0.992586 0.146220
vt 0.990319 0.146181
vt 0.984262 0.118967
vt 0.988269 0.145712
vt 0.982364 0.118670
vt 0.614424 0.779404
vt 0.614166 0.809407
vt 0.611933 0.809457
vt 0.612240 0.779240
vt 0.993136 0.171427
vt 0.990930 0.170808
vt 0.988737 0.170102
vt 0.621114 0.726780
vt 0.620565 0.751987
vt 0.618297 0.752027
vt 0.618908 0.727400
vt 0.981900 0.191843
vt 0.980157 0.190378
vt 0.978410 0.188825
vt 0.609879 0.706365
vt 0.608136 0.707830
vt 0.865802 0.734306
vt 0.865802 0.760403
vt 0.879056 0.760403
vt 0.879056 0.734306
vt 0.906037 0.754570
vt 0.906037 0.721564
vt 0.892784 0.721564
vt 0.892784 0.754570
vt 0.906037 0.686080
vt 0.892784 0.686080
vt 0.906037 0.658024
vt 0.892784 0.658024
vt 0.906037 0.634786
vt 0.906037 0.608986
vt 0.892784 0.608986
vt 0.892784 0.634786
vt 0.906037 0.581068
vt 0.906037 0.555529
vt 0.892784 0.555529
vt 0.892784 0.581068
vt 0.906037 0.525139
vt 0.906037 0.494633
vt 0.892784 0.494633
vt 0.892784 0.525139
vt 0.865802 0.494633
vt 0.865802 0.529633
vt 0.879056 0.529633
vt 0.879056 0.494633
vt 0.865802 0.553472
vt 0.879056 0.553472
vt 0.865802 0.575795
vt 0.879056 0.575795
vt 0.865802 0.601359
vt 0.865802 0.630926
vt 0.879056 0.630926
vt 0.879056 0.601359
vt 0.865802 0.659522
vt 0.865802 0.686599
vt 0.879056 0.686599
vt 0.879056 0.659522
vt 0.865802 0.711355
vt 0.879056 0.711355
vt 0.906037 0.780930
vt 0.892784 0.780930
vt 0.563807 0.690271
vt 0.540590 0.700147
vt 0.516070 0.720877
vt 0.494183 0.747475
vt 0.480137 0.770828
vt 0.473062 0.791809
vt 0.471754 0.816515
vt 0.482220 0.841005
vt 0.501350 0.856460
vt 0.526431 0.871792
vt 0.553498 0.881952
vt 0.585881 0.887076
vt 0.606950 0.880978
vt 0.617723 0.863225
vt 0.616878 0.838356
vt 0.610049 0.808969
vt 0.610343 0.779537
vt 0.616248 0.752495
vt 0.616715 0.728106
vt 0.606388 0.709383
vt 0.588324 0.693529
vt 0.865802 0.787352
vt 0.879056 0.787352
vt 0.962019 0.208705
vt 0.961156 0.206702
vt 0.935732 0.210250
vt 0.935526 0.212524
vt 0.960345 0.204678
vt 0.935829 0.207936
vt 0.563504 0.685683
vt 0.563710 0.687958
vt 0.589135 0.691505
vt 0.589998 0.689502
vt 0.911920 0.200387
vt 0.910969 0.202464
vt 0.912612 0.198060
vt 0.538948 0.695743
vt 0.539899 0.697820
vt 0.886903 0.179214
vt 0.885491 0.180928
vt 0.888091 0.177330
vt 0.513470 0.717279
vt 0.514881 0.718993
vt 0.864423 0.152091
vt 0.862612 0.153380
vt 0.866204 0.150733
vt 0.490591 0.744828
vt 0.492402 0.746117
vt 0.850123 0.128187
vt 0.848093 0.129080
vt 0.852159 0.127379
vt 0.476071 0.769127
vt 0.478101 0.770020
vt 0.840482 0.107009
vt 0.842715 0.106660
vt 0.841308 0.081553
vt 0.839086 0.081266
vt 0.845083 0.106398
vt 0.843776 0.081692
vt 0.468461 0.791198
vt 0.470693 0.791548
vt 0.850033 0.055710
vt 0.852048 0.056693
vt 0.871314 0.040969
vt 0.869617 0.039557
vt 0.854241 0.057202
vt 0.873372 0.041747
vt 0.478012 0.842498
vt 0.480026 0.841514
vt 0.469286 0.816654
vt 0.467064 0.816941
vt 0.895649 0.023428
vt 0.896935 0.025151
vt 0.924907 0.014415
vt 0.924215 0.012344
vt 0.898453 0.026415
vt 0.925520 0.016255
vt 0.523627 0.874780
vt 0.524914 0.873057
vt 0.499292 0.857238
vt 0.497595 0.858650
vt 0.958355 0.009092
vt 0.958691 0.006864
vt 0.957902 0.011131
vt 0.586669 0.891344
vt 0.586334 0.889116
vt 0.552886 0.883793
vt 0.552194 0.885864
vt 0.979882 0.016033
vt 0.981147 0.014374
vt 0.978972 0.017230
vt 0.609125 0.883834
vt 0.607861 0.882174
vt 0.991108 0.033919
vt 0.993136 0.033073
vt 0.989745 0.034982
vt 0.621115 0.865134
vt 0.619086 0.864289
vt 0.992861 0.058772
vt 0.990664 0.058874
vt 0.983955 0.088750
vt 0.986187 0.088801
vt 0.988899 0.059852
vt 0.982071 0.089238
vt 0.620840 0.839436
vt 0.618643 0.839334
vt 0.986445 0.118803
vt 0.984262 0.118967
vt 0.990319 0.146181
vt 0.992586 0.146220
vt 0.982364 0.118670
vt 0.988269 0.145712
vt 0.614424 0.779404
vt 0.612240 0.779240
vt 0.611933 0.809457
vt 0.614166 0.809407
vt 0.990930 0.170808
vt 0.993136 0.171427
vt 0.988737 0.170102
vt 0.621114 0.726780
vt 0.618908 0.727400
vt 0.618297 0.752027
vt 0.620565 0.751987
vt 0.980157 0.190378
vt 0.981900 0.191843
vt 0.978410 0.188825
vt 0.609879 0.706365
vt 0.608136 0.707830
vn -0.2012 0.8665 0.4568
vn 0.2012 0.8665 0.4568
vn 0.1992 0.9799 0.0106
vn -0.1992 0.9799 0.0106
vn -0.2017 0.5462 -0.8130
vn 0.2017 0.5462 -0.8130
vn 0.1944 0.3320 -0.9230
vn -0.1944 0.3320 -0.9230
vn 0.1951 0.1828 -0.9636
vn -0.1951 0.1828 -0.9636
vn 0.2034 0.0073 -0.9790
vn -0.2034 0.0073 -0.9790
vn -0.2152 -0.2312 -0.9488
vn 0.2152 -0.2312 -0.9488
vn 0.2154 -0.5591 -0.8006
vn -0.2154 -0.5591 -0.8006
vn -0.1867 -0.8662 -0.4635
vn 0.1867 -0.8662 -0.4634
vn 0.1527 -0.9737 -0.1688
vn -0.1527 -0.9737 -0.1688
vn -0.1495 -0.9887 -0.0082
vn 0.1495 -0.9887 -0.0082
vn 0.1596 -0.9695 0.1860
vn -0.1596 -0.9695 0.1860
vn 0.1614 -0.8423 0.5142
vn -0.1614 -0.8423 0.5142
vn 0.1453 -0.4117 0.8997
vn -0.1453 -0.4117 0.8997
vn 0.1263 0.2173 0.9679
vn -0.1263 0.2173 0.9679
vn -0.1230 0.6033 0.7880
vn 0.1230 0.6033 0.7880
vn 0.1429 0.5619 0.8148
vn -0.1429 0.5619 0.8148
vn -0.1598 0.2653 0.9508
vn 0.1598 0.2653 0.9508
vn 0.1769 0.2356 0.9556
vn -0.1769 0.2356 0.9556
vn 0.2005 0.5745 0.7935
vn -0.2005 0.5745 0.7935
vn -0.2033 0.8370 -0.5079
vn 0.2033 0.8370 -0.5079
vn 0.9775 0.1780 -0.1127
vn 0.9759 0.2182 0.0051
vn 0.9781 0.1831 0.0983
vn 0.9759 0.1243 0.1791
vn 0.9713 0.0497 0.2325
vn 0.9721 0.0698 0.2237
vn 0.9690 0.1332 0.2078
vn 0.9565 0.1900 0.2215
vn 0.9490 0.1008 0.2986
vn 0.9550 -0.1192 0.2715
vn 0.9671 -0.2208 0.1264
vn 0.9715 -0.2323 0.0464
vn 0.9689 -0.2473 0.0067
vn 0.9697 -0.2421 -0.0334
vn 0.9712 -0.2198 -0.0914
vn 0.9798 -0.1187 -0.1610
vn 0.9810 -0.0443 -0.1888
vn 0.9794 0.0022 -0.2018
vn 0.9795 0.0370 -0.1982
vn 0.9791 0.0657 -0.1923
vn 0.9790 0.1074 -0.1731
vn -0.6964 0.6126 -0.3738
vn -0.6895 0.7241 0.0099
vn -0.9775 0.1780 -0.1127
vn -0.9759 0.2182 0.0051
vn 0.6895 0.7241 0.0099
vn 0.6964 0.6126 -0.3738
vn -0.7027 0.3914 -0.5940
vn -0.9790 0.1074 -0.1731
vn 0.7027 0.3914 -0.5940
vn -0.6995 0.2396 -0.6732
vn -0.9791 0.0657 -0.1923
vn 0.6995 0.2396 -0.6732
vn -0.7008 0.1329 -0.7008
vn -0.9795 0.0370 -0.1982
vn 0.7008 0.1329 -0.7008
vn -0.7069 0.0052 -0.7072
vn -0.9794 0.0022 -0.2018
vn 0.7069 0.0052 -0.7072
vn -0.7135 -0.4043 -0.5722
vn -0.7196 -0.1632 -0.6749
vn -0.9798 -0.1187 -0.1610
vn -0.9810 -0.0443 -0.1888
vn 0.7196 -0.1632 -0.6749
vn -0.6397 -0.7580 -0.1267
vn -0.6716 -0.6617 -0.3333
vn -0.9697 -0.2421 -0.0334
vn -0.9712 -0.2198 -0.0915
vn 0.7135 -0.4043 -0.5722
vn 0.6716 -0.6616 -0.3333
vn -0.6486 -0.7468 0.1468
vn -0.6330 -0.7742 -0.0014
vn -0.9715 -0.2323 0.0464
vn -0.9689 -0.2473 0.0067
vn 0.6397 -0.7580 -0.1267
vn 0.6330 -0.7742 -0.0014
vn -0.6336 -0.6630 0.3987
vn -0.9671 -0.2208 0.1264
vn 0.6486 -0.7468 0.1468
vn 0.6336 -0.6630 0.3987
vn -0.6007 -0.3286 0.7288
vn -0.9550 -0.1192 0.2715
vn 0.6007 -0.3286 0.7288
vn -0.5693 0.1839 0.8013
vn -0.9490 0.1008 0.2986
vn 0.5693 0.1839 0.8013
vn -0.6423 0.4406 0.6271
vn -0.5766 0.4973 0.6482
vn -0.9690 0.1332 0.2078
vn -0.9565 0.1900 0.2215
vn 0.5766 0.4973 0.6482
vn -0.6656 0.1751 0.7255
vn -0.6680 0.1981 0.7173
vn -0.9713 0.0497 0.2325
vn -0.9721 0.0698 0.2237
vn 0.6423 0.4406 0.6271
vn 0.6680 0.1981 0.7173
vn -0.6903 0.4218 0.5878
vn -0.9759 0.1243 0.1791
vn 0.6656 0.1751 0.7254
vn 0.6903 0.4218 0.5878
vn -0.6985 0.6328 0.3340
vn -0.9781 0.1831 0.0983
vn 0.6985 0.6328 0.3340
vn -0.1867 -0.8662 -0.4634
vn 0.1454 -0.4117 0.8997
vn -0.1454 -0.4117 0.8997
vn -0.9712 -0.2198 -0.0914
vn 0.9712 -0.2198 -0.0915
vn -0.6716 -0.6616 -0.3333
vn -0.6398 -0.7580 -0.1267
vn 0.6656 0.1751 0.7255
usemtl WoodToy2
s 1
f 3846/4263/2442 3849/4264/2443 3759/4265/2444 3756/4266/2445
f 3768/4267/2446 3771/4268/2447 3777/4269/2448 3774/4270/2449
f 3774/4270/2449 3777/4269/2448 3783/4271/2450 3780/4272/2451
f 3780/4272/2451 3783/4271/2450 3789/4273/2452 3786/4274/2453
f 3869/4275/2454 3872/4276/2455 3795/4277/2456 3792/4278/2457
f 3863/4279/2458 3866/4280/2459 3801/4281/2460 3798/4282/2461
f 3875/4283/2462 3878/4284/2463 3807/4285/2464 3804/4286/2465
f 3804/4287/2465 3807/4288/2464 3813/4289/2466 3810/4290/2467
f 3810/4290/2467 3813/4289/2466 3819/4291/2468 3816/4292/2469
f 3816/4292/2469 3819/4291/2468 3825/4293/2470 3822/4294/2471
f 3851/4295/2472 3854/4296/2473 3831/4297/2474 3828/4298/2475
f 3857/4299/2476 3860/4300/2477 3837/4301/2478 3834/4302/2479
f 3834/4302/2479 3837/4301/2478 3843/4303/2480 3840/4304/2481
f 3840/4304/2481 3843/4303/2480 3849/4264/2443 3846/4263/2442
f 3762/4305/2482 3765/4306/2483 3771/4268/2447 3768/4267/2446
f 3764/4307/2484 3758/4308/2485 3848/4309/2486 3842/4310/2487 3836/4311/2488 3862/4312/2489 3830/4313/2490 3856/4314/2491 3824/4315/2492 3818/4316/2493 3812/4317/2494 3806/4318/2495 3880/4319/2496 3800/4320/2497 3868/4321/2498 3794/4322/2499 3874/4323/2500 3788/4324/2501 3782/4325/2502 3776/4326/2503 3770/4327/2504
f 3756/4266/2445 3759/4265/2444 3765/4328/2483 3762/4329/2482
f 3756/4330/2445 3762/4331/2482 3763/4332/2505 3757/4333/2506
f 3757/4333/2506 3763/4332/2505 3761/4334/2507 3755/4335/2508
f 3765/4336/2483 3759/4337/2444 3760/4338/2509 3766/4339/2510
f 3766/4339/2510 3760/4338/2509 3758/4308/2485 3764/4307/2484
f 3762/4331/2482 3768/4340/2446 3769/4341/2511 3763/4332/2505
f 3763/4332/2505 3769/4341/2511 3767/4342/2512 3761/4334/2507
f 3771/4343/2447 3765/4336/2483 3766/4339/2510 3772/4344/2513
f 3772/4344/2513 3766/4339/2510 3764/4307/2484 3770/4327/2504
f 3768/4340/2446 3774/4345/2449 3775/4346/2514 3769/4341/2511
f 3769/4341/2511 3775/4346/2514 3773/4347/2515 3767/4342/2512
f 3777/4348/2448 3771/4343/2447 3772/4344/2513 3778/4349/2516
f 3778/4349/2516 3772/4344/2513 3770/4327/2504 3776/4326/2503
f 3774/4345/2449 3780/4350/2451 3781/4351/2517 3775/4346/2514
f 3775/4346/2514 3781/4351/2517 3779/4352/2518 3773/4347/2515
f 3783/4353/2450 3777/4348/2448 3778/4349/2516 3784/4354/2519
f 3784/4354/2519 3778/4349/2516 3776/4326/2503 3782/4325/2502
f 3780/4350/2451 3786/4355/2453 3787/4356/2520 3781/4351/2517
f 3781/4351/2517 3787/4356/2520 3785/4357/2521 3779/4352/2518
f 3789/4358/2452 3783/4353/2450 3784/4354/2519 3790/4359/2522
f 3790/4359/2522 3784/4354/2519 3782/4325/2502 3788/4324/2501
f 3869/4360/2454 3792/4361/2457 3793/4362/2523 3870/4363/2524
f 3870/4363/2524 3793/4362/2523 3791/4364/2525 3871/4365/2526
f 3872/4366/2455 3789/4358/2452 3790/4359/2522 3873/4367/2527
f 3873/4367/2527 3790/4359/2522 3788/4324/2501 3874/4323/2500
f 3863/4368/2458 3798/4369/2461 3799/4370/2528 3864/4371/2529
f 3864/4371/2529 3799/4370/2528 3797/4372/2530 3865/4373/2531
f 3866/4374/2459 3795/4375/2456 3796/4376/2532 3867/4377/2533
f 3867/4377/2533 3796/4376/2532 3794/4322/2499 3868/4321/2498
f 3875/4378/2462 3804/4379/2465 3805/4380/2534 3876/4381/2535
f 3876/4381/2535 3805/4380/2534 3803/4382/2536 3877/4383/2537
f 3878/4384/2463 3801/4385/2460 3802/4386/2538 3879/4387/2539
f 3879/4387/2539 3802/4386/2538 3800/4320/2497 3880/4319/2496
f 3804/4379/2465 3810/4388/2467 3811/4389/2540 3805/4380/2534
f 3805/4380/2534 3811/4389/2540 3809/4390/2541 3803/4382/2536
f 3813/4391/2466 3807/4392/2464 3808/4393/2542 3814/4394/2543
f 3814/4394/2543 3808/4393/2542 3806/4318/2495 3812/4317/2494
f 3810/4388/2467 3816/4395/2469 3817/4396/2544 3811/4389/2540
f 3811/4389/2540 3817/4396/2544 3815/4397/2545 3809/4390/2541
f 3819/4398/2468 3813/4391/2466 3814/4394/2543 3820/4399/2546
f 3820/4399/2546 3814/4394/2543 3812/4317/2494 3818/4316/2493
f 3816/4395/2469 3822/4400/2471 3823/4401/2547 3817/4396/2544
f 3817/4396/2544 3823/4401/2547 3821/4402/2548 3815/4397/2545
f 3825/4403/2470 3819/4398/2468 3820/4399/2546 3826/4404/2549
f 3826/4404/2549 3820/4399/2546 3818/4316/2493 3824/4315/2492
f 3851/4405/2472 3828/4406/2475 3829/4407/2550 3852/4408/2551
f 3852/4408/2551 3829/4407/2550 3827/4409/2552 3853/4410/2553
f 3854/4411/2473 3825/4403/2470 3826/4404/2549 3855/4412/2554
f 3855/4412/2554 3826/4404/2549 3824/4315/2492 3856/4314/2491
f 3857/4413/2476 3834/4414/2479 3835/4415/2555 3858/4416/2556
f 3858/4416/2556 3835/4415/2555 3833/4417/2557 3859/4418/2558
f 3860/4419/2477 3831/4420/2474 3832/4421/2559 3861/4422/2560
f 3861/4422/2560 3832/4421/2559 3830/4313/2490 3862/4312/2489
f 3834/4414/2479 3840/4423/2481 3841/4424/2561 3835/4415/2555
f 3835/4415/2555 3841/4424/2561 3839/4425/2562 3833/4417/2557
f 3843/4426/2480 3837/4427/2478 3838/4428/2563 3844/4429/2564
f 3844/4429/2564 3838/4428/2563 3836/4311/2488 3842/4310/2487
f 3840/4423/2481 3846/4430/2442 3847/4431/2565 3841/4424/2561
f 3841/4424/2561 3847/4431/2565 3845/4432/2566 3839/4425/2562
f 3849/4433/2443 3843/4426/2480 3844/4429/2564 3850/4434/2567
f 3850/4434/2567 3844/4429/2564 3842/4310/2487 3848/4309/2486
f 3846/4430/2442 3756/4330/2445 3757/4333/2506 3847/4431/2565
f 3847/4431/2565 3757/4333/2506 3755/4335/2508 3845/4432/2566
f 3759/4337/2444 3849/4433/2443 3850/4434/2567 3760/4338/2509
f 3760/4338/2509 3850/4434/2567 3848/4309/2486 3758/4308/2485
f 3755/4335/2508 3761/4334/2507 3767/4342/2512 3773/4347/2515 3779/4352/2518 3785/4357/2521 3871/4365/2526 3791/4364/2525 3865/4373/2531 3797/4372/2530 3877/4383/2537 3803/4382/2536 3809/4390/2541 3815/4397/2545 3821/4402/2548 3853/4410/2553 3827/4409/2552 3859/4418/2558 3833/4417/2557 3839/4425/2562 3845/4432/2566
f 3832/4421/2559 3855/4412/2554 3856/4314/2491 3830/4313/2490
f 3831/4420/2474 3854/4411/2473 3855/4412/2554 3832/4421/2559
f 3823/4401/2547 3852/4408/2551 3853/4410/2553 3821/4402/2548
f 3822/4400/2471 3851/4405/2472 3852/4408/2551 3823/4401/2547
f 3822/4294/2471 3825/4293/2470 3854/4296/2473 3851/4295/2472
f 3838/4428/2563 3861/4422/2560 3862/4312/2489 3836/4311/2488
f 3837/4427/2478 3860/4419/2477 3861/4422/2560 3838/4428/2563
f 3829/4407/2550 3858/4416/2556 3859/4418/2558 3827/4409/2552
f 3828/4406/2475 3857/4413/2476 3858/4416/2556 3829/4407/2550
f 3828/4298/2475 3831/4297/2474 3860/4300/2477 3857/4299/2476
f 3802/4386/2538 3867/4377/2533 3868/4321/2498 3800/4320/2497
f 3801/4385/2460 3866/4374/2459 3867/4377/2533 3802/4386/2538
f 3793/4362/2523 3864/4371/2529 3865/4373/2531 3791/4364/2525
f 3792/4361/2457 3863/4368/2458 3864/4371/2529 3793/4362/2523
f 3792/4278/2457 3795/4277/2456 3866/4280/2459 3863/4279/2458
f 3796/4376/2532 3873/4367/2527 3874/4323/2500 3794/4322/2499
f 3795/4375/2456 3872/4366/2455 3873/4367/2527 3796/4376/2532
f 3787/4356/2520 3870/4363/2524 3871/4365/2526 3785/4357/2521
f 3786/4355/2453 3869/4360/2454 3870/4363/2524 3787/4356/2520
f 3786/4274/2453 3789/4273/2452 3872/4276/2455 3869/4275/2454
f 3808/4393/2542 3879/4387/2539 3880/4319/2496 3806/4318/2495
f 3807/4392/2464 3878/4384/2463 3879/4387/2539 3808/4393/2542
f 3799/4370/2528 3876/4381/2535 3877/4383/2537 3797/4372/2530
f 3798/4369/2461 3875/4378/2462 3876/4381/2535 3799/4370/2528
f 3798/4282/2461 3801/4281/2460 3878/4284/2463 3875/4283/2462
f 3972/4435/2443 3882/4436/2444 3885/4437/2445 3975/4438/2442
f 3894/4439/2447 3900/4440/2448 3903/4441/2449 3897/4442/2446
f 3900/4440/2448 3906/4443/2450 3909/4444/2451 3903/4441/2449
f 3906/4443/2450 3912/4445/2452 3915/4446/2453 3909/4444/2451
f 3995/4447/2455 3918/4448/2456 3921/4449/2457 3998/4450/2454
f 3989/4451/2459 3924/4452/2460 3927/4453/2461 3992/4454/2568
f 4001/4455/2463 3930/4456/2464 3933/4457/2465 4004/4458/2462
f 3930/4459/2464 3936/4460/2466 3939/4461/2467 3933/4462/2465
f 3936/4460/2466 3942/4463/2569 3945/4464/2570 3939/4461/2467
f 3942/4463/2569 3948/4465/2470 3951/4466/2471 3945/4464/2570
f 3977/4467/2473 3954/4468/2474 3957/4469/2475 3980/4470/2472
f 3983/4471/2477 3960/4472/2478 3963/4473/2479 3986/4474/2476
f 3960/4472/2478 3966/4475/2480 3969/4476/2481 3963/4473/2479
f 3966/4475/2480 3972/4435/2443 3975/4438/2442 3969/4476/2481
f 3888/4477/2483 3894/4439/2447 3897/4442/2446 3891/4478/2482
f 3890/4479/2507 3896/4480/2512 3902/4481/2515 3908/4482/2518 3914/4483/2521 4000/4484/2526 3920/4485/2525 3994/4486/2571 3926/4487/2530 4006/4488/2537 3932/4489/2536 3938/4490/2541 3944/4491/2545 3950/4492/2548 3982/4493/2553 3956/4494/2552 3988/4495/2558 3962/4496/2557 3968/4497/2562 3974/4498/2566 3884/4499/2508
f 3882/4436/2444 3888/4500/2483 3891/4501/2482 3885/4437/2445
f 3882/4502/2444 3883/4503/2509 3889/4504/2510 3888/4505/2483
f 3883/4503/2509 3881/4506/2485 3887/4507/2484 3889/4504/2510
f 3891/4508/2482 3892/4509/2505 3886/4510/2506 3885/4511/2445
f 3892/4509/2505 3890/4479/2507 3884/4499/2508 3886/4510/2506
f 3888/4505/2483 3889/4504/2510 3895/4512/2513 3894/4513/2447
f 3889/4504/2510 3887/4507/2484 3893/4514/2504 3895/4512/2513
f 3897/4515/2446 3898/4516/2511 3892/4509/2505 3891/4508/2482
f 3898/4516/2511 3896/4480/2512 3890/4479/2507 3892/4509/2505
f 3894/4513/2447 3895/4512/2513 3901/4517/2516 3900/4518/2448
f 3895/4512/2513 3893/4514/2504 3899/4519/2503 3901/4517/2516
f 3903/4520/2449 3904/4521/2514 3898/4516/2511 3897/4515/2446
f 3904/4521/2514 3902/4481/2515 3896/4480/2512 3898/4516/2511
f 3900/4518/2448 3901/4517/2516 3907/4522/2519 3906/4523/2450
f 3901/4517/2516 3899/4519/2503 3905/4524/2502 3907/4522/2519
f 3909/4525/2451 3910/4526/2517 3904/4521/2514 3903/4520/2449
f 3910/4526/2517 3908/4482/2518 3902/4481/2515 3904/4521/2514
f 3906/4523/2450 3907/4522/2519 3913/4527/2522 3912/4528/2452
f 3907/4522/2519 3905/4524/2502 3911/4529/2501 3913/4527/2522
f 3915/4530/2453 3916/4531/2520 3910/4526/2517 3909/4525/2451
f 3916/4531/2520 3914/4483/2521 3908/4482/2518 3910/4526/2517
f 3995/4532/2455 3996/4533/2527 3919/4534/2532 3918/4535/2456
f 3996/4533/2527 3997/4536/2500 3917/4537/2499 3919/4534/2532
f 3998/4538/2454 3999/4539/2524 3916/4531/2520 3915/4530/2453
f 3999/4539/2524 4000/4484/2526 3914/4483/2521 3916/4531/2520
f 3989/4540/2459 3990/4541/2533 3925/4542/2538 3924/4543/2460
f 3990/4541/2533 3991/4544/2572 3923/4545/2497 3925/4542/2538
f 3992/4546/2568 3993/4547/2573 3922/4548/2523 3921/4549/2457
f 3993/4547/2573 3994/4486/2571 3920/4485/2525 3922/4548/2523
f 4001/4550/2463 4002/4551/2539 3931/4552/2542 3930/4553/2464
f 4002/4551/2539 4003/4554/2496 3929/4555/2495 3931/4552/2542
f 4004/4556/2462 4005/4557/2535 3928/4558/2574 3927/4559/2461
f 4005/4557/2535 4006/4488/2537 3926/4487/2530 3928/4558/2574
f 3930/4553/2464 3931/4552/2542 3937/4560/2543 3936/4561/2466
f 3931/4552/2542 3929/4555/2495 3935/4562/2494 3937/4560/2543
f 3939/4563/2467 3940/4564/2540 3934/4565/2534 3933/4566/2465
f 3940/4564/2540 3938/4490/2541 3932/4489/2536 3934/4565/2534
f 3936/4561/2466 3937/4560/2543 3943/4567/2546 3942/4568/2569
f 3937/4560/2543 3935/4562/2494 3941/4569/2493 3943/4567/2546
f 3945/4570/2570 3946/4571/2544 3940/4564/2540 3939/4563/2467
f 3946/4571/2544 3944/4491/2545 3938/4490/2541 3940/4564/2540
f 3942/4568/2569 3943/4567/2546 3949/4572/2549 3948/4573/2470
f 3943/4567/2546 3941/4569/2493 3947/4574/2492 3949/4572/2549
f 3951/4575/2471 3952/4576/2547 3946/4571/2544 3945/4570/2570
f 3952/4576/2547 3950/4492/2548 3944/4491/2545 3946/4571/2544
f 3977/4577/2473 3978/4578/2554 3955/4579/2559 3954/4580/2474
f 3978/4578/2554 3979/4581/2491 3953/4582/2490 3955/4579/2559
f 3980/4583/2472 3981/4584/2551 3952/4576/2547 3951/4575/2471
f 3981/4584/2551 3982/4493/2553 3950/4492/2548 3952/4576/2547
f 3983/4585/2477 3984/4586/2560 3961/4587/2575 3960/4588/2478
f 3984/4586/2560 3985/4589/2489 3959/4590/2488 3961/4587/2575
f 3986/4591/2476 3987/4592/2556 3958/4593/2550 3957/4594/2475
f 3987/4592/2556 3988/4495/2558 3956/4494/2552 3958/4593/2550
f 3960/4588/2478 3961/4587/2575 3967/4595/2564 3966/4596/2480
f 3961/4587/2575 3959/4590/2488 3965/4597/2487 3967/4595/2564
f 3969/4598/2481 3970/4599/2561 3964/4600/2555 3963/4601/2479
f 3970/4599/2561 3968/4497/2562 3962/4496/2557 3964/4600/2555
f 3966/4596/2480 3967/4595/2564 3973/4602/2567 3972/4603/2443
f 3967/4595/2564 3965/4597/2487 3971/4604/2486 3973/4602/2567
f 3975/4605/2442 3976/4606/2565 3970/4599/2561 3969/4598/2481
f 3976/4606/2565 3974/4498/2566 3968/4497/2562 3970/4599/2561
f 3972/4603/2443 3973/4602/2567 3883/4503/2509 3882/4502/2444
f 3973/4602/2567 3971/4604/2486 3881/4506/2485 3883/4503/2509
f 3885/4511/2445 3886/4510/2506 3976/4606/2565 3975/4605/2442
f 3886/4510/2506 3884/4499/2508 3974/4498/2566 3976/4606/2565
f 3881/4506/2485 3971/4604/2486 3965/4597/2487 3959/4590/2488 3985/4589/2489 3953/4582/2490 3979/4581/2491 3947/4574/2492 3941/4569/2493 3935/4562/2494 3929/4555/2495 4003/4554/2496 3923/4545/2497 3991/4544/2572 3917/4537/2499 3997/4536/2500 3911/4529/2501 3905/4524/2502 3899/4519/2503 3893/4514/2504 3887/4507/2484
f 3958/4593/2550 3956/4494/2552 3982/4493/2553 3981/4584/2551
f 3957/4594/2475 3958/4593/2550 3981/4584/2551 3980/4583/2472
f 3949/4572/2549 3947/4574/2492 3979/4581/2491 3978/4578/2554
f 3948/4573/2470 3949/4572/2549 3978/4578/2554 3977/4577/2473
f 3948/4465/2470 3977/4467/2473 3980/4470/2472 3951/4466/2471
f 3964/4600/2555 3962/4496/2557 3988/4495/2558 3987/4592/2556
f 3963/4601/2479 3964/4600/2555 3987/4592/2556 3986/4591/2476
f 3955/4579/2559 3953/4582/2490 3985/4589/2489 3984/4586/2560
f 3954/4580/2474 3955/4579/2559 3984/4586/2560 3983/4585/2477
f 3954/4468/2474 3983/4471/2477 3986/4474/2476 3957/4469/2475
f 3928/4558/2574 3926/4487/2530 3994/4486/2571 3993/4547/2573
f 3927/4559/2461 3928/4558/2574 3993/4547/2573 3992/4546/2568
f 3919/4534/2532 3917/4537/2499 3991/4544/2572 3990/4541/2533
f 3918/4535/2456 3919/4534/2532 3990/4541/2533 3989/4540/2459
f 3918/4448/2456 3989/4451/2459 3992/4454/2568 3921/4449/2457
f 3922/4548/2523 3920/4485/2525 4000/4484/2526 3999/4539/2524
f 3921/4549/2457 3922/4548/2523 3999/4539/2524 3998/4538/2454
f 3913/4527/2522 3911/4529/2501 3997/4536/2500 3996/4533/2527
f 3912/4528/2452 3913/4527/2522 3996/4533/2527 3995/4532/2455
f 3912/4445/2452 3995/4447/2455 3998/4450/2454 3915/4446/2453
f 3934/4565/2534 3932/4489/2536 4006/4488/2537 4005/4557/2535
f 3933/4566/2465 3934/4565/2534 4005/4557/2535 4004/4556/2462
f 3925/4542/2538 3923/4545/2497 4003/4554/2496 4002/4551/2539
f 3924/4543/2460 3925/4542/2538 4002/4551/2539 4001/4550/2463
f 3924/4452/2460 4001/4455/2463 4004/4458/2462 3927/4453/2461
o Cylinder.009
v 2.381407 6.271698 1.397336
v 2.381407 6.258280 1.329882
v 2.381407 6.220070 1.272696
v 2.381407 6.162885 1.234486
v 2.381407 6.095430 1.221069
v 2.381407 6.027976 1.234486
v 2.381407 5.970790 1.272696
v 2.381407 5.932580 1.329882
v 2.381407 5.919163 1.397336
v 2.381407 5.932580 1.464791
v 2.381407 5.970790 1.521976
v 2.381407 6.027976 1.560186
v 2.381407 6.095430 1.573604
v 2.381407 6.162885 1.560186
v 2.381407 6.220070 1.521976
v 2.381407 6.258280 1.464791
v 1.157213 6.271698 1.397336
v 1.157213 6.258280 1.329882
v 1.157213 6.220070 1.272696
v 1.157213 6.162885 1.234486
v 1.157213 6.095430 1.221069
v 1.157213 6.027976 1.234486
v 1.157213 5.970790 1.272696
v 1.157213 5.932580 1.329882
v 1.157213 5.919163 1.397336
v 1.157213 5.932580 1.464791
v 1.157213 5.970790 1.521976
v 1.157213 6.027976 1.560186
v 1.157213 6.095430 1.573604
v 1.157213 6.162885 1.560186
v 1.157213 6.220070 1.521976
v 1.157213 6.258280 1.464791
v 2.381407 6.258280 1.329882
v 2.381407 6.271698 1.397336
v 2.381407 6.220070 1.272696
v 2.381407 6.162885 1.234486
v 2.381407 6.095430 1.221069
v 2.381407 6.027976 1.234486
v 2.381407 5.970790 1.272696
v 2.381407 5.932580 1.329882
v 2.381407 5.919163 1.397336
v 2.381407 5.932580 1.464791
v 2.381407 5.970790 1.521976
v 2.381407 6.027976 1.560186
v 2.381407 6.095430 1.573604
v 2.381407 6.162885 1.560186
v 2.381407 6.220070 1.521976
v 2.381407 6.258280 1.464791
v -2.381407 6.271698 1.397336
v -2.381407 6.258280 1.329882
v -2.381407 6.220070 1.272696
v -2.381407 6.162885 1.234486
v -2.381407 6.095430 1.221069
v -2.381407 6.027976 1.234486
v -2.381407 5.970790 1.272696
v -2.381407 5.932580 1.329882
v -2.381407 5.919163 1.397336
v -2.381407 5.932580 1.464791
v -2.381407 5.970790 1.521976
v -2.381407 6.027976 1.560186
v -2.381407 6.095430 1.573604
v -2.381407 6.162885 1.560186
v -2.381407 6.220070 1.521976
v -2.381407 6.258280 1.464791
v -1.157212 6.271698 1.397336
v -1.157212 6.258280 1.329882
v -1.157212 6.220070 1.272696
v -1.157212 6.162885 1.234486
v -1.157212 6.095430 1.221069
v -1.157212 6.027976 1.234486
v -1.157212 5.970790 1.272696
v -1.157212 5.932580 1.329882
v -1.157212 5.919163 1.397336
v -1.157212 5.932580 1.464791
v -1.157212 5.970790 1.521976
v -1.157212 6.027976 1.560186
v -1.157212 6.095430 1.573604
v -1.157212 6.162885 1.560186
v -1.157212 6.220070 1.521976
v -1.157212 6.258280 1.464791
v -2.381407 6.258280 1.329882
v -2.381407 6.271698 1.397336
v -2.381407 6.220070 1.272696
v -2.381407 6.162885 1.234486
v -2.381407 6.095430 1.221069
v -2.381407 6.027976 1.234486
v -2.381407 5.970790 1.272696
v -2.381407 5.932580 1.329882
v -2.381407 5.919163 1.397336
v -2.381407 5.932580 1.464791
v -2.381407 5.970790 1.521976
v -2.381407 6.027976 1.560186
v -2.381407 6.095430 1.573604
v -2.381407 6.162885 1.560186
v -2.381407 6.220070 1.521976
v -2.381407 6.258280 1.464791
vt 0.839086 0.433769
vt 0.943960 0.433769
vt 0.943960 0.439661
vt 0.839086 0.439661
vt 0.943960 0.445553
vt 0.839086 0.445553
vt 0.943960 0.451445
vt 0.839086 0.451445
vt 0.943960 0.457337
vt 0.839086 0.457337
vt 0.943960 0.463229
vt 0.839086 0.463229
vt 0.943960 0.469121
vt 0.839086 0.469121
vt 0.943960 0.475013
vt 0.839086 0.475013
vt 0.943960 0.480904
vt 0.839086 0.480905
vt 0.839086 0.386633
vt 0.943960 0.386634
vt 0.943960 0.392526
vt 0.839086 0.392525
vt 0.943960 0.398418
vt 0.839086 0.398417
vt 0.943960 0.404310
vt 0.839086 0.404309
vt 0.943960 0.410202
vt 0.839086 0.410201
vt 0.943960 0.416094
vt 0.839086 0.416093
vt 0.943960 0.421986
vt 0.839086 0.421985
vt 0.403835 0.746844
vt 0.408002 0.742677
vt 0.413445 0.740423
vt 0.419337 0.740423
vt 0.424780 0.742677
vt 0.428947 0.746844
vt 0.431201 0.752287
vt 0.431201 0.758179
vt 0.428947 0.763622
vt 0.424780 0.767788
vt 0.419337 0.770043
vt 0.413445 0.770043
vt 0.408002 0.767788
vt 0.403835 0.763622
vt 0.401581 0.758179
vt 0.401581 0.752287
vt 0.943960 0.427877
vt 0.839086 0.427877
vt 0.839086 0.433769
vt 0.839086 0.439661
vt 0.943960 0.439661
vt 0.943960 0.433769
vt 0.839086 0.445553
vt 0.943960 0.445553
vt 0.839086 0.451445
vt 0.943960 0.451445
vt 0.839086 0.457337
vt 0.943960 0.457337
vt 0.839086 0.463229
vt 0.943960 0.463229
vt 0.839086 0.469121
vt 0.943960 0.469121
vt 0.839086 0.475013
vt 0.943960 0.475013
vt 0.839086 0.480905
vt 0.943960 0.480904
vt 0.839086 0.386633
vt 0.839086 0.392525
vt 0.943960 0.392526
vt 0.943960 0.386634
vt 0.839086 0.398417
vt 0.943960 0.398418
vt 0.839086 0.404309
vt 0.943960 0.404310
vt 0.839086 0.410201
vt 0.943960 0.410202
vt 0.839086 0.416093
vt 0.943960 0.416094
vt 0.839086 0.421985
vt 0.943960 0.421986
vt 0.403835 0.746844
vt 0.401581 0.752287
vt 0.401581 0.758179
vt 0.403835 0.763622
vt 0.408002 0.767788
vt 0.413445 0.770043
vt 0.419337 0.770043
vt 0.424780 0.767788
vt 0.428947 0.763622
vt 0.431201 0.758179
vt 0.431201 0.752287
vt 0.428947 0.746844
vt 0.424780 0.742677
vt 0.419337 0.740423
vt 0.413445 0.740423
vt 0.408002 0.742677
vt 0.839086 0.427877
vt 0.943960 0.427877
vn 0.0000 1.0000 0.0000
vn 0.0000 0.9239 -0.3827
vn 0.0000 0.7071 -0.7071
vn 0.0000 0.3827 -0.9239
vn 0.0000 0.0000 -1.0000
vn 0.0000 -0.3827 -0.9239
vn 0.0000 -0.7071 -0.7071
vn 0.0000 -0.9239 -0.3827
vn 0.0000 -1.0000 0.0000
vn 0.0000 -0.9239 0.3827
vn 0.0000 -0.7071 0.7071
vn 0.0000 -0.3827 0.9239
vn 0.0000 0.0000 1.0000
vn 0.0000 0.3827 0.9239
vn 0.0000 0.7071 0.7071
vn 1.0000 0.0000 0.0000
vn 0.0000 0.9239 0.3827
vn -1.0000 0.0000 0.0000
usemtl WoodToy2
s 1
f 4023/4607/2576 4040/4608/2576 4039/4609/2577 4024/4610/2577
f 4024/4610/2577 4039/4609/2577 4041/4611/2578 4025/4612/2578
f 4025/4612/2578 4041/4611/2578 4042/4613/2579 4026/4614/2579
f 4026/4614/2579 4042/4613/2579 4043/4615/2580 4027/4616/2580
f 4027/4616/2580 4043/4615/2580 4044/4617/2581 4028/4618/2581
f 4028/4618/2581 4044/4617/2581 4045/4619/2582 4029/4620/2582
f 4029/4620/2582 4045/4619/2582 4046/4621/2583 4030/4622/2583
f 4030/4622/2583 4046/4621/2583 4047/4623/2584 4031/4624/2584
f 4031/4625/2584 4047/4626/2584 4048/4627/2585 4032/4628/2585
f 4032/4628/2585 4048/4627/2585 4049/4629/2586 4033/4630/2586
f 4033/4630/2586 4049/4629/2586 4050/4631/2587 4034/4632/2587
f 4034/4632/2587 4050/4631/2587 4051/4633/2588 4035/4634/2588
f 4035/4634/2588 4051/4633/2588 4052/4635/2589 4036/4636/2589
f 4036/4636/2589 4052/4635/2589 4053/4637/2590 4037/4638/2590
f 4008/4639/2591 4007/4640/2591 4054/4641/2591 4021/4642/2591 4020/4643/2591 4019/4644/2591 4018/4645/2591 4017/4646/2591 4016/4647/2591 4015/4648/2591 4014/4649/2591 4013/4650/2591 4012/4651/2591 4011/4652/2591 4010/4653/2591 4009/4654/2591
f 4037/4638/2590 4053/4637/2590 4022/4655/2592 4038/4656/2592
f 4038/4656/2592 4022/4655/2592 4040/4608/2576 4023/4607/2576
f 4071/4657/2576 4072/4658/2577 4087/4659/2577 4088/4660/2576
f 4072/4658/2577 4073/4661/2578 4089/4662/2578 4087/4659/2577
f 4073/4661/2578 4074/4663/2579 4090/4664/2579 4089/4662/2578
f 4074/4663/2579 4075/4665/2580 4091/4666/2580 4090/4664/2579
f 4075/4665/2580 4076/4667/2581 4092/4668/2581 4091/4666/2580
f 4076/4667/2581 4077/4669/2582 4093/4670/2582 4092/4668/2581
f 4077/4669/2582 4078/4671/2583 4094/4672/2583 4093/4670/2582
f 4078/4671/2583 4079/4673/2584 4095/4674/2584 4094/4672/2583
f 4079/4675/2584 4080/4676/2585 4096/4677/2585 4095/4678/2584
f 4080/4676/2585 4081/4679/2586 4097/4680/2586 4096/4677/2585
f 4081/4679/2586 4082/4681/2587 4098/4682/2587 4097/4680/2586
f 4082/4681/2587 4083/4683/2588 4099/4684/2588 4098/4682/2587
f 4083/4683/2588 4084/4685/2589 4100/4686/2589 4099/4684/2588
f 4084/4685/2589 4085/4687/2590 4101/4688/2590 4100/4686/2589
f 4056/4689/2593 4057/4690/2593 4058/4691/2593 4059/4692/2593 4060/4693/2593 4061/4694/2593 4062/4695/2593 4063/4696/2593 4064/4697/2593 4065/4698/2593 4066/4699/2593 4067/4700/2593 4068/4701/2593 4069/4702/2593 4102/4703/2593 4055/4704/2593
f 4085/4687/2590 4086/4705/2592 4070/4706/2592 4101/4688/2590
f 4086/4705/2592 4071/4657/2576 4088/4660/2576 4070/4706/2592
o Cylinder.010
v -0.140338 3.257286 -2.560661
v -0.140338 3.596440 -2.837740
v -0.129655 3.223308 -2.602251
v -0.129655 3.562462 -2.879330
v -0.099234 3.194503 -2.637509
v -0.099234 3.533657 -2.914588
v -0.053705 3.175256 -2.661068
v -0.053705 3.514410 -2.938147
v 0.000000 3.168498 -2.669341
v -0.000000 3.507652 -2.946420
v 0.053705 3.175256 -2.661068
v 0.053705 3.514410 -2.938147
v 0.099234 3.194503 -2.637509
v 0.099234 3.533657 -2.914588
v 0.129655 3.223308 -2.602251
v 0.129655 3.562462 -2.879330
v 0.140338 3.257286 -2.560661
v 0.140338 3.596440 -2.837740
v 0.129655 3.291264 -2.519071
v 0.129655 3.630418 -2.796150
v 0.099234 3.320069 -2.483813
v 0.099234 3.659223 -2.760892
v 0.053705 3.339316 -2.460254
v 0.053705 3.678470 -2.737333
v 0.000000 3.346074 -2.451981
v 0.000000 3.685228 -2.729060
v -0.053705 3.339316 -2.460254
v -0.053705 3.678470 -2.737333
v -0.099234 3.320069 -2.483813
v -0.099234 3.659223 -2.760892
v -0.129655 3.291264 -2.519071
v -0.129655 3.630418 -2.796150
v -0.129655 3.562462 -2.879330
v -0.140338 3.596440 -2.837740
v -0.099234 3.533657 -2.914588
v -0.053705 3.514410 -2.938147
v -0.000000 3.507652 -2.946420
v 0.053705 3.514410 -2.938147
v 0.099234 3.533657 -2.914588
v 0.129655 3.562462 -2.879330
v 0.140338 3.596440 -2.837740
v 0.129655 3.630418 -2.796150
v 0.099234 3.659223 -2.760892
v 0.053705 3.678470 -2.737333
v 0.000000 3.685228 -2.729060
v -0.053705 3.678470 -2.737333
v -0.099234 3.659223 -2.760892
v -0.129655 3.630418 -2.796150
vt 0.672360 0.704447
vt 0.634842 0.704447
vt 0.634842 0.699756
vt 0.672360 0.699756
vt 0.634842 0.695065
vt 0.672360 0.695065
vt 0.634842 0.690374
vt 0.672360 0.690374
vt 0.634842 0.685683
vt 0.672360 0.685683
vt 0.672360 0.760738
vt 0.634842 0.760738
vt 0.634842 0.756047
vt 0.672360 0.756047
vt 0.634842 0.751356
vt 0.672360 0.751356
vt 0.634842 0.746665
vt 0.672360 0.746665
vt 0.634842 0.741974
vt 0.672360 0.741974
vt 0.634842 0.737283
vt 0.672360 0.737283
vt 0.634842 0.732592
vt 0.672360 0.732592
vt 0.634842 0.727901
vt 0.672360 0.727901
vt 0.634842 0.723210
vt 0.672360 0.723210
vt 0.634842 0.718519
vt 0.672360 0.718519
vt 0.634842 0.713829
vt 0.672360 0.713829
vt 0.644288 0.798048
vt 0.639954 0.796253
vt 0.636637 0.792936
vt 0.634842 0.788602
vt 0.634842 0.783911
vt 0.636637 0.779577
vt 0.639954 0.776261
vt 0.644288 0.774465
vt 0.648979 0.774465
vt 0.653313 0.776261
vt 0.656630 0.779577
vt 0.658425 0.783911
vt 0.658425 0.788602
vt 0.656630 0.792936
vt 0.653313 0.796253
vt 0.648979 0.798048
vt 0.634842 0.709138
vt 0.672360 0.709138
vn -1.0000 0.0000 0.0000
vn -0.9239 -0.2421 -0.2963
vn -0.7071 -0.4473 -0.5476
vn -0.3827 -0.5845 -0.7154
vn 0.0000 -0.6326 -0.7744
vn 0.3827 -0.5845 -0.7154
vn 0.7071 -0.4473 -0.5476
vn 0.9239 -0.2421 -0.2963
vn 1.0000 0.0000 0.0000
vn 0.9239 0.2421 0.2963
vn 0.7071 0.4473 0.5476
vn 0.3827 0.5845 0.7154
vn 0.0000 0.6326 0.7744
vn -0.3827 0.5845 0.7154
vn -0.7071 0.4473 0.5476
vn 0.0000 0.7744 -0.6326
vn -0.9239 0.2421 0.2963
usemtl WoodToy2
s 1
f 4103/4707/2594 4136/4708/2594 4135/4709/2595 4105/4710/2595
f 4105/4710/2595 4135/4709/2595 4137/4711/2596 4107/4712/2596
f 4107/4712/2596 4137/4711/2596 4138/4713/2597 4109/4714/2597
f 4109/4714/2597 4138/4713/2597 4139/4715/2598 4111/4716/2598
f 4111/4717/2598 4139/4718/2598 4140/4719/2599 4113/4720/2599
f 4113/4720/2599 4140/4719/2599 4141/4721/2600 4115/4722/2600
f 4115/4722/2600 4141/4721/2600 4142/4723/2601 4117/4724/2601
f 4117/4724/2601 4142/4723/2601 4143/4725/2602 4119/4726/2602
f 4119/4726/2602 4143/4725/2602 4144/4727/2603 4121/4728/2603
f 4121/4728/2603 4144/4727/2603 4145/4729/2604 4123/4730/2604
f 4123/4730/2604 4145/4729/2604 4146/4731/2605 4125/4732/2605
f 4125/4732/2605 4146/4731/2605 4147/4733/2606 4127/4734/2606
f 4127/4734/2606 4147/4733/2606 4148/4735/2607 4129/4736/2607
f 4129/4736/2607 4148/4735/2607 4149/4737/2608 4131/4738/2608
f 4106/4739/2609 4104/4740/2609 4150/4741/2609 4132/4742/2609 4130/4743/2609 4128/4744/2609 4126/4745/2609 4124/4746/2609 4122/4747/2609 4120/4748/2609 4118/4749/2609 4116/4750/2609 4114/4751/2609 4112/4752/2609 4110/4753/2609 4108/4754/2609
f 4131/4738/2608 4149/4737/2608 4134/4755/2610 4133/4756/2610
f 4133/4756/2610 4134/4755/2610 4136/4708/2594 4103/4707/2594
o Cube.005_Cube.007
v 6.361482 2.018509 2.837673
v 4.916904 1.568557 1.470811
v 5.915083 1.996401 2.770516
v 5.512381 1.932243 2.575617
v 5.192794 1.832315 2.272055
v 4.987607 1.706398 1.889545
v 4.916904 1.798345 1.395168
v 6.361482 2.248297 2.762030
v 4.987607 1.936187 1.813902
v 5.192794 2.062104 2.196412
v 5.512381 2.162032 2.499974
v 5.915083 2.226190 2.694872
v 6.361482 1.118605 0.103949
v 4.987607 1.430715 1.052078
v 5.192794 1.304798 0.669567
v 5.512381 1.204870 0.366006
v 5.915083 1.140712 0.171107
v 6.361482 1.348393 0.028306
v 5.915083 1.370501 0.095464
v 5.512381 1.434659 0.290362
v 5.192794 1.534587 0.593924
v 4.987607 1.660504 0.976434
v 15.083096 1.568557 1.470811
v 13.638518 2.018509 2.837673
v 15.012393 1.706398 1.889545
v 14.807206 1.832315 2.272055
v 14.487619 1.932243 2.575617
v 14.084917 1.996401 2.770516
v 13.638518 2.248297 2.762030
v 15.083096 1.798345 1.395168
v 14.084917 2.226190 2.694872
v 14.487619 2.162032 2.499974
v 14.807206 2.062104 2.196412
v 15.012393 1.936187 1.813902
v 13.638518 1.118605 0.103949
v 14.084917 1.140712 0.171107
v 14.487619 1.204870 0.366006
v 14.807206 1.304798 0.669567
v 15.012393 1.430715 1.052077
v 13.638518 1.348393 0.028306
v 15.012393 1.660504 0.976434
v 14.807206 1.534587 0.593924
v 14.487619 1.434659 0.290362
v 14.084917 1.370501 0.095464
v 15.012393 1.660504 0.976434
v 15.083096 1.798345 1.395168
v 5.915083 1.996401 2.770516
v 6.361482 2.018509 2.837673
v 6.361482 2.248297 2.762030
v 5.915083 2.226190 2.694872
v 5.512381 1.932243 2.575617
v 5.512381 2.162032 2.499974
v 5.192794 1.832315 2.272055
v 5.192794 2.062104 2.196412
v 4.987607 1.706398 1.889545
v 4.987607 1.936187 1.813902
v 4.916904 1.568557 1.470811
v 4.916904 1.798345 1.395168
v 5.915083 1.370501 0.095464
v 6.361482 1.348393 0.028306
v 6.361482 1.118605 0.103949
v 5.915083 1.140712 0.171107
v 5.512381 1.434659 0.290362
v 5.512381 1.204870 0.366006
v 5.192794 1.534587 0.593924
v 5.192794 1.304798 0.669567
v 4.987607 1.660504 0.976434
v 4.987607 1.430715 1.052078
v 14.807206 1.534587 0.593924
v 15.012393 1.430715 1.052077
v 14.807206 1.304798 0.669567
v 14.487619 1.434659 0.290362
v 14.487619 1.204870 0.366006
v 14.084917 1.370501 0.095464
v 14.084917 1.140712 0.171107
v 13.638518 1.348393 0.028306
v 13.638518 1.118605 0.103949
v 14.084917 2.226190 2.694872
v 13.638518 2.248297 2.762030
v 13.638518 2.018509 2.837673
v 14.084917 1.996401 2.770516
v 14.487619 2.162032 2.499974
v 14.487619 1.932243 2.575617
v 14.807206 2.062104 2.196412
v 14.807206 1.832315 2.272055
v 15.012393 1.936187 1.813902
v 15.012393 1.706398 1.889545
v 15.083096 1.568557 1.470811
vt 0.872576 0.264739
vt 0.884917 0.264739
vt 0.884917 0.635976
vt 0.872575 0.635976
vt 0.694676 0.452711
vt 0.547849 0.452711
vt 0.547849 0.081465
vt 0.694676 0.081465
vt 0.710212 0.452711
vt 0.857038 0.452711
vt 0.853431 0.475485
vt 0.842964 0.496029
vt 0.826659 0.512333
vt 0.806115 0.522801
vt 0.783625 0.526408
vt 0.761135 0.522801
vt 0.740591 0.512333
vt 0.724287 0.496029
vt 0.713819 0.475485
vt 0.621263 0.526408
vt 0.598773 0.522801
vt 0.578228 0.512333
vt 0.561924 0.496029
vt 0.551457 0.475485
vt 0.691069 0.475485
vt 0.680601 0.496029
vt 0.664297 0.512333
vt 0.643752 0.522801
vt 0.515830 0.431177
vt 0.528171 0.431177
vt 0.528171 0.802414
vt 0.515828 0.802414
vt 0.933586 0.651512
vt 0.945927 0.651512
vt 0.945927 0.674570
vt 0.933586 0.674570
vt 0.945927 0.697627
vt 0.933586 0.697627
vt 0.945927 0.720685
vt 0.933586 0.720685
vt 0.945927 0.743742
vt 0.933586 0.743742
vt 0.945927 0.766519
vt 0.933586 0.766519
vt 0.945927 0.881526
vt 0.933586 0.881526
vt 0.933586 0.858469
vt 0.945927 0.858469
vt 0.933586 0.835411
vt 0.945927 0.835411
vt 0.933586 0.812354
vt 0.945927 0.812354
vt 0.933586 0.789297
vt 0.945927 0.789297
vt 0.934496 0.122775
vt 0.922154 0.122775
vt 0.922154 0.099998
vt 0.934496 0.099998
vt 0.922154 0.076941
vt 0.934496 0.076941
vt 0.922154 0.053883
vt 0.934496 0.053883
vt 0.922154 0.030826
vt 0.934496 0.030826
vt 0.922154 0.007768
vt 0.934496 0.007768
vt 0.934496 0.237782
vt 0.922154 0.237782
vt 0.922154 0.214725
vt 0.934496 0.214725
vt 0.922154 0.191667
vt 0.934496 0.191667
vt 0.922154 0.168610
vt 0.934496 0.168610
vt 0.922154 0.145552
vt 0.934496 0.145552
vt 0.783625 0.007768
vt 0.806115 0.011375
vt 0.826659 0.021843
vt 0.842964 0.038147
vt 0.853431 0.058692
vt 0.857038 0.081465
vt 0.710212 0.081465
vt 0.713819 0.058692
vt 0.724287 0.038147
vt 0.740591 0.021843
vt 0.761135 0.011375
vt 0.551456 0.058692
vt 0.561924 0.038147
vt 0.578228 0.021843
vt 0.598773 0.011375
vt 0.621263 0.007768
vt 0.643752 0.011375
vt 0.664297 0.021843
vt 0.680601 0.038147
vt 0.691069 0.058692
vn 0.0784 0.3117 0.9469
vn -0.0784 0.3117 0.9469
vn 0.0000 0.9499 -0.3127
vn 0.0000 -0.9499 0.3127
vn -0.0784 -0.3117 -0.9469
vn 0.0784 -0.3117 -0.9469
vn -0.3090 0.2974 0.9033
vn -0.5878 0.2529 0.7684
vn -0.8090 0.1838 0.5583
vn -0.9507 0.0969 0.2944
vn -1.0000 0.0000 0.0000
vn -0.3090 -0.2974 -0.9033
vn -0.5878 -0.2529 -0.7684
vn -0.8090 -0.1838 -0.5583
vn -0.9507 -0.0969 -0.2944
vn 1.0000 0.0000 0.0000
vn 0.9507 -0.0969 -0.2944
vn 0.8090 -0.1838 -0.5583
vn 0.5878 -0.2529 -0.7684
vn 0.3090 -0.2974 -0.9033
vn 0.3090 0.2974 0.9033
vn 0.5878 0.2529 0.7684
vn 0.8090 0.1838 0.5583
vn 0.9507 0.0969 0.2944
usemtl WoodToy3
s 1
f 4174/4757/2611 4179/4758/2611 4199/4759/2612 4198/4760/2612
f 4229/4761/2613 4226/4762/2613 4168/4763/2613 4158/4764/2613
f 4230/4765/2614 4227/4766/2614 4225/4767/2614 4223/4768/2614 4221/4769/2614 4189/4770/2614 4238/4771/2614 4237/4772/2614 4235/4773/2614 4233/4774/2614 4231/4775/2614
f 4196/4776/2613 4195/4777/2613 4219/4778/2613 4222/4779/2613 4224/4780/2613 4226/4762/2613 4229/4761/2613 4228/4781/2613 4232/4782/2613 4234/4783/2613 4236/4784/2613
f 4211/4785/2615 4210/4786/2615 4190/4787/2616 4185/4788/2616
f 4198/4789/2612 4199/4790/2612 4200/4791/2617 4197/4792/2617
f 4197/4792/2617 4200/4791/2617 4202/4793/2618 4201/4794/2618
f 4201/4794/2618 4202/4793/2618 4204/4795/2619 4203/4796/2619
f 4203/4796/2619 4204/4795/2619 4206/4797/2620 4205/4798/2620
f 4205/4798/2620 4206/4797/2620 4208/4799/2621 4207/4800/2621
f 4210/4801/2615 4211/4802/2615 4212/4803/2622 4209/4804/2622
f 4209/4804/2622 4212/4803/2622 4214/4805/2623 4213/4806/2623
f 4213/4806/2623 4214/4805/2623 4216/4807/2624 4215/4808/2624
f 4215/4808/2624 4216/4807/2624 4218/4809/2625 4217/4810/2625
f 4217/4810/2625 4218/4809/2625 4207/4800/2621 4208/4799/2621
f 4180/4811/2626 4173/4812/2626 4220/4813/2627 4191/4814/2627
f 4191/4814/2627 4220/4813/2627 4188/4815/2628 4192/4816/2628
f 4192/4816/2628 4188/4815/2628 4187/4817/2629 4193/4818/2629
f 4193/4818/2629 4187/4817/2629 4186/4819/2630 4194/4820/2630
f 4194/4820/2630 4186/4819/2630 4185/4821/2616 4190/4822/2616
f 4179/4823/2611 4174/4824/2611 4178/4825/2631 4181/4826/2631
f 4181/4826/2631 4178/4825/2631 4177/4827/2632 4182/4828/2632
f 4182/4828/2632 4177/4827/2632 4176/4829/2633 4183/4830/2633
f 4183/4830/2633 4176/4829/2633 4175/4831/2634 4184/4832/2634
f 4184/4832/2634 4175/4831/2634 4173/4812/2626 4180/4811/2626
f 4152/4833/2614 4164/4834/2614 4165/4835/2614 4166/4836/2614 4167/4837/2614 4163/4838/2614 4151/4839/2614 4153/4840/2614 4154/4841/2614 4155/4842/2614 4156/4843/2614
f 4151/4839/2614 4163/4838/2614 4227/4766/2614 4230/4765/2614
f 4158/4764/2613 4168/4763/2613 4169/4844/2613 4170/4845/2613 4171/4846/2613 4172/4847/2613 4157/4848/2613 4159/4849/2613 4160/4850/2613 4161/4851/2613 4162/4852/2613
o Cube.006_Cube.008
v 6.361482 5.154428 1.805372
v 4.916904 4.704476 0.438510
v 5.915083 5.132320 1.738214
v 5.512381 5.068163 1.543316
v 5.192794 4.968235 1.239754
v 4.987607 4.842317 0.857244
v 4.916904 4.934265 0.362867
v 6.361482 5.384216 1.729729
v 4.987607 5.072106 0.781600
v 5.192794 5.198023 1.164111
v 5.512381 5.297951 1.467672
v 5.915083 5.362109 1.662571
v 6.361482 4.254524 -0.928352
v 4.987607 4.566635 0.019776
v 5.192794 4.440718 -0.362734
v 5.512381 4.340789 -0.666296
v 5.915083 4.276631 -0.861194
v 6.361482 4.484313 -1.003995
v 5.915083 4.506420 -0.936838
v 5.512381 4.570578 -0.741939
v 5.192794 4.670506 -0.438377
v 4.987607 4.796423 -0.055867
v 15.083096 4.704476 0.438510
v 13.638518 5.154428 1.805372
v 15.012393 4.842317 0.857244
v 14.807206 4.968235 1.239754
v 14.487619 5.068163 1.543316
v 14.084917 5.132320 1.738214
v 13.638518 5.384216 1.729729
v 15.083096 4.934265 0.362867
v 14.084917 5.362109 1.662571
v 14.487619 5.297951 1.467672
v 14.807206 5.198023 1.164111
v 15.012393 5.072106 0.781601
v 13.638518 4.254524 -0.928352
v 14.084917 4.276631 -0.861194
v 14.487619 4.340789 -0.666296
v 14.807206 4.440718 -0.362734
v 15.012393 4.566635 0.019776
v 13.638518 4.484313 -1.003995
v 15.012393 4.796423 -0.055867
v 14.807206 4.670506 -0.438377
v 14.487619 4.570578 -0.741939
v 14.084917 4.506420 -0.936838
v 6.361482 4.796423 -0.055867
v 13.638518 4.796423 -0.055867
v 6.361482 4.566635 0.019776
v 13.638518 4.566635 0.019776
v 8.290042 4.254524 -0.928352
v 8.787161 4.410579 -0.454288
v 8.443661 4.262132 -0.905241
v 8.582241 4.284210 -0.838171
v 8.692220 4.318598 -0.733707
v 8.762830 4.361930 -0.602075
v 11.212839 4.410579 -0.454288
v 11.709958 4.254524 -0.928352
v 11.237170 4.361930 -0.602075
v 11.307780 4.318598 -0.733707
v 11.417759 4.284210 -0.838171
v 11.556340 4.262132 -0.905241
v 11.709958 4.484313 -1.003995
v 11.212839 4.640368 -0.529931
v 11.556339 4.491920 -0.980885
v 11.417759 4.513999 -0.913815
v 11.307780 4.548387 -0.809351
v 11.237170 4.591718 -0.677719
v 8.787161 4.640368 -0.529931
v 8.290042 4.484313 -1.003995
v 8.762830 4.591718 -0.677719
v 8.692220 4.548387 -0.809351
v 8.582241 4.513999 -0.913815
v 8.443660 4.491920 -0.980885
v 10.715721 4.796423 -0.055866
v 11.228745 4.805219 -0.029148
v 11.188509 4.689018 -0.382143
v 11.117898 4.732349 -0.250510
v 11.007919 4.766737 -0.146047
v 10.869339 4.788816 -0.078977
v 9.284279 4.796423 -0.055866
v 8.771255 4.805219 -0.029148
v 9.130661 4.788815 -0.078977
v 8.992081 4.766737 -0.146047
v 8.882102 4.732349 -0.250511
v 8.811491 4.689018 -0.382143
v 9.284279 4.566634 0.019776
v 8.771255 4.575430 0.046494
v 8.811491 4.459229 -0.306501
v 8.882102 4.502560 -0.174869
v 8.992081 4.536948 -0.070405
v 9.130661 4.559027 -0.003335
v 10.715721 4.566635 0.019776
v 11.228745 4.575430 0.046494
v 10.869339 4.559027 -0.003335
v 11.007919 4.536948 -0.070405
v 11.117898 4.502560 -0.174868
v 11.188509 4.459229 -0.306501
v 10.743850 5.154428 1.805372
v 11.228745 5.154428 1.805372
v 8.771255 5.154428 1.805372
v 9.256150 5.154428 1.805372
v 11.228745 5.384216 1.729729
v 10.743850 5.384216 1.729729
v 9.256150 5.384216 1.729729
v 8.771255 5.384216 1.729729
v 15.012393 4.796423 -0.055867
v 15.083096 4.934265 0.362867
v 5.915083 5.132320 1.738214
v 6.361482 5.154428 1.805372
v 6.361482 5.384216 1.729729
v 5.915083 5.362109 1.662571
v 5.512381 5.068163 1.543316
v 5.512381 5.297951 1.467672
v 5.192794 4.968235 1.239754
v 5.192794 5.198023 1.164111
v 4.987607 4.842317 0.857244
v 4.987607 5.072106 0.781600
v 4.916904 4.704476 0.438510
v 4.916904 4.934265 0.362867
v 5.915083 4.506420 -0.936838
v 6.361482 4.484313 -1.003995
v 6.361482 4.254524 -0.928352
v 5.915083 4.276631 -0.861194
v 5.512381 4.570578 -0.741939
v 5.512381 4.340789 -0.666296
v 5.192794 4.670506 -0.438377
v 5.192794 4.440718 -0.362734
v 4.987607 4.796423 -0.055867
v 4.987607 4.566635 0.019776
v 14.807206 4.670506 -0.438377
v 15.012393 4.566635 0.019776
v 14.807206 4.440718 -0.362734
v 14.487619 4.570578 -0.741939
v 14.487619 4.340789 -0.666296
v 14.084917 4.506420 -0.936838
v 14.084917 4.276631 -0.861194
v 13.638518 4.484313 -1.003995
v 13.638518 4.254524 -0.928352
v 14.084917 5.362109 1.662571
v 13.638518 5.384216 1.729729
v 13.638518 5.154428 1.805372
v 14.084917 5.132320 1.738214
v 14.487619 5.297951 1.467672
v 14.487619 5.068163 1.543316
v 14.807206 5.198023 1.164111
v 14.807206 4.968235 1.239754
v 15.012393 5.072106 0.781601
v 15.012393 4.842317 0.857244
v 15.083096 4.704476 0.438510
v 11.212839 4.640368 -0.529931
v 11.188509 4.689018 -0.382143
v 11.117898 4.732349 -0.250510
v 11.007919 4.766737 -0.146047
v 10.869339 4.788816 -0.078977
v 10.715721 4.796423 -0.055866
v 9.284279 4.796423 -0.055866
v 9.130661 4.788815 -0.078977
v 8.992081 4.766737 -0.146047
v 8.882102 4.732349 -0.250511
v 8.811491 4.689018 -0.382143
v 8.811491 4.459229 -0.306501
v 8.882102 4.502560 -0.174869
v 8.992081 4.536948 -0.070405
v 9.130661 4.559027 -0.003335
v 9.284279 4.566634 0.019776
v 10.715721 4.566635 0.019776
v 10.869339 4.559027 -0.003335
v 11.007919 4.536948 -0.070405
v 11.117898 4.502560 -0.174868
v 11.188509 4.459229 -0.306501
v 8.762830 4.591718 -0.677719
v 8.787161 4.640368 -0.529931
v 8.787161 4.410579 -0.454288
v 8.762830 4.361930 -0.602075
v 8.692220 4.548387 -0.809351
v 8.692220 4.318598 -0.733707
v 8.582241 4.513999 -0.913815
v 8.582241 4.284210 -0.838171
v 8.443660 4.491920 -0.980885
v 8.443661 4.262132 -0.905241
v 8.290042 4.484313 -1.003995
v 8.290042 4.254524 -0.928352
v 11.556339 4.491920 -0.980885
v 11.709958 4.484313 -1.003995
v 11.709958 4.254524 -0.928352
v 11.556340 4.262132 -0.905241
v 11.417759 4.513999 -0.913815
v 11.417759 4.284210 -0.838171
v 11.307780 4.548387 -0.809351
v 11.307780 4.318598 -0.733707
v 11.237170 4.591718 -0.677719
v 11.237170 4.361930 -0.602075
v 11.212839 4.410579 -0.454288
v 11.228745 5.384216 1.729729
v 10.743850 5.384216 1.729729
v 10.743850 5.154428 1.805372
v 11.228745 5.154428 1.805372
v 9.256150 5.384216 1.729729
v 8.771255 5.384216 1.729729
v 8.771255 5.154428 1.805372
v 9.256150 5.154428 1.805372
vt 0.007768 0.504871
vt 0.103667 0.504871
vt 0.102232 0.627802
vt 0.007768 0.627802
vt 0.912795 0.488300
vt 0.900454 0.488300
vt 0.900454 0.412407
vt 0.912795 0.412407
vt 0.170124 0.876100
vt 0.266023 0.876100
vt 0.266023 0.946186
vt 0.243534 0.949793
vt 0.221045 0.946186
vt 0.200502 0.935719
vt 0.184198 0.919416
vt 0.173731 0.898872
vt 0.081178 0.431177
vt 0.103667 0.434784
vt 0.011375 0.482098
vt 0.021843 0.461555
vt 0.038146 0.445251
vt 0.058689 0.434784
vt 0.857038 0.870331
vt 0.844697 0.870331
vt 0.844697 0.847275
vt 0.857038 0.847275
vt 0.844697 0.824219
vt 0.857038 0.824219
vt 0.844697 0.801162
vt 0.857038 0.801162
vt 0.844697 0.778106
vt 0.857038 0.778106
vt 0.844697 0.755330
vt 0.857038 0.755330
vt 0.844697 0.640328
vt 0.857038 0.640328
vt 0.857038 0.663384
vt 0.844697 0.663384
vt 0.857038 0.686441
vt 0.844697 0.686441
vt 0.857038 0.709497
vt 0.844697 0.709497
vt 0.857038 0.732554
vt 0.844697 0.732554
vt 0.940673 0.478124
vt 0.928332 0.478124
vt 0.928332 0.455347
vt 0.940673 0.455347
vt 0.928332 0.432291
vt 0.940673 0.432291
vt 0.928332 0.409235
vt 0.940673 0.409235
vt 0.928332 0.386178
vt 0.940673 0.386178
vt 0.928332 0.363122
vt 0.940673 0.363122
vt 0.940673 0.593125
vt 0.928332 0.593125
vt 0.928332 0.570069
vt 0.940673 0.570069
vt 0.928332 0.547013
vt 0.940673 0.547013
vt 0.928332 0.523956
vt 0.940673 0.523956
vt 0.928332 0.500900
vt 0.940673 0.500900
vt 0.243534 0.431177
vt 0.266023 0.434784
vt 0.266023 0.504871
vt 0.170124 0.504871
vt 0.173731 0.482098
vt 0.184198 0.461555
vt 0.200502 0.445251
vt 0.221045 0.434784
vt 0.007768 0.876100
vt 0.103667 0.876100
vt 0.103667 0.946186
vt 0.081178 0.949793
vt 0.058689 0.946186
vt 0.038146 0.935719
vt 0.021842 0.919416
vt 0.011375 0.898872
vt 0.264588 0.627802
vt 0.170124 0.627802
vt 0.912795 0.387670
vt 0.900454 0.387670
vt 0.900454 0.264739
vt 0.912795 0.264739
vt 0.129127 0.628614
vt 0.121190 0.629855
vt 0.114120 0.633457
vt 0.108510 0.639067
vt 0.104908 0.646137
vt 0.103667 0.653974
vt 0.918049 0.731054
vt 0.918049 0.804077
vt 0.905708 0.804077
vt 0.905708 0.731054
vt 0.170124 0.652539
vt 0.266023 0.653974
vt 0.266023 0.726997
vt 0.170124 0.728432
vt 0.170124 0.753168
vt 0.264588 0.753168
vt 0.154588 0.504871
vt 0.154588 0.603254
vt 0.153346 0.611090
vt 0.149744 0.618160
vt 0.144134 0.623770
vt 0.137064 0.627372
vt 0.102232 0.753168
vt 0.129127 0.752357
vt 0.137064 0.753598
vt 0.144134 0.757200
vt 0.149744 0.762810
vt 0.153347 0.769880
vt 0.154588 0.777717
vt 0.154588 0.876100
vt 0.007768 0.652539
vt 0.103667 0.726997
vt 0.007768 0.728432
vt 0.124210 0.445251
vt 0.140513 0.461555
vt 0.150981 0.482098
vt 0.150981 0.898872
vt 0.140514 0.919416
vt 0.124210 0.935719
vt 0.007768 0.753168
vt 0.286566 0.445251
vt 0.302869 0.461555
vt 0.313337 0.482098
vt 0.316944 0.504871
vt 0.291483 0.752357
vt 0.299420 0.753598
vt 0.306490 0.757200
vt 0.312100 0.762810
vt 0.315702 0.769880
vt 0.316944 0.777717
vt 0.316944 0.876100
vt 0.313337 0.898872
vt 0.302869 0.919416
vt 0.286566 0.935719
vt 0.928332 0.264739
vt 0.940673 0.264739
vt 0.844697 0.541945
vt 0.857038 0.541945
vt 0.104908 0.734833
vt 0.108510 0.741903
vt 0.114120 0.747513
vt 0.121190 0.751115
vt 0.291483 0.628614
vt 0.283546 0.629855
vt 0.276477 0.633457
vt 0.270866 0.639067
vt 0.267264 0.646137
vt 0.267264 0.734833
vt 0.270866 0.741903
vt 0.276476 0.747513
vt 0.283546 0.751116
vt 0.918049 0.691283
vt 0.905708 0.691283
vt 0.905708 0.683250
vt 0.918049 0.683250
vt 0.905708 0.675315
vt 0.918049 0.675315
vt 0.905708 0.667381
vt 0.918049 0.667381
vt 0.905708 0.659447
vt 0.918049 0.659447
vt 0.905708 0.651512
vt 0.918049 0.651512
vt 0.918049 0.883619
vt 0.905708 0.883619
vt 0.905708 0.875685
vt 0.918049 0.875685
vt 0.905708 0.867751
vt 0.918049 0.867751
vt 0.905708 0.859816
vt 0.918049 0.859816
vt 0.905708 0.851882
vt 0.918049 0.851882
vt 0.905708 0.843848
vt 0.918049 0.843848
vt 0.905708 0.723120
vt 0.918049 0.723120
vt 0.905708 0.715185
vt 0.918049 0.715185
vt 0.905708 0.707251
vt 0.918049 0.707251
vt 0.905708 0.699317
vt 0.918049 0.699317
vt 0.905708 0.835815
vt 0.918049 0.835815
vt 0.905708 0.827880
vt 0.918049 0.827880
vt 0.905708 0.819946
vt 0.918049 0.819946
vt 0.905708 0.812012
vt 0.918049 0.812012
vt 0.316944 0.603254
vt 0.315702 0.611090
vt 0.312100 0.618160
vt 0.306490 0.623770
vt 0.299420 0.627372
vt 0.912795 0.513036
vt 0.900454 0.513036
vt 0.912795 0.635968
vt 0.900454 0.635968
vn 0.0000 0.9499 -0.3127
vn 0.0000 0.3127 0.9499
vn 0.0000 -0.9499 0.3127
vn -0.0784 0.3117 0.9469
vn -0.3090 0.2974 0.9033
vn -0.5878 0.2529 0.7684
vn -0.8090 0.1838 0.5583
vn -0.9507 0.0969 0.2944
vn -1.0000 0.0000 0.0000
vn -0.0784 -0.3117 -0.9469
vn -0.3090 -0.2974 -0.9033
vn -0.5878 -0.2529 -0.7684
vn -0.8090 -0.1838 -0.5583
vn -0.9507 -0.0969 -0.2944
vn 1.0000 0.0000 0.0000
vn 0.9507 -0.0969 -0.2944
vn 0.8090 -0.1838 -0.5583
vn 0.5878 -0.2529 -0.7684
vn 0.3090 -0.2974 -0.9033
vn 0.0784 -0.3117 -0.9469
vn 0.0784 0.3117 0.9469
vn 0.3090 0.2974 0.9033
vn 0.5878 0.2529 0.7684
vn 0.8090 0.1838 0.5583
vn 0.9507 0.0969 0.2944
vn 0.9880 -0.0483 -0.1467
vn 0.9514 -0.0963 -0.2926
vn -0.9514 -0.0963 -0.2926
vn -0.9880 -0.0483 -0.1467
vn 0.3090 -0.2973 -0.9033
vn -0.3090 -0.2973 -0.9033
usemtl WoodToy3
s 1
f 4377/4853/2635 4284/4854/2635 4312/4855/2635 4339/4856/2635
f 4433/4857/2636 4340/4858/2636 4435/4859/2636 4438/4860/2636
f 4262/4861/2637 4286/4862/2637 4277/4863/2637 4386/4864/2637 4385/4865/2637 4383/4866/2637 4381/4867/2637 4379/4868/2637
f 4344/4869/2635 4343/4870/2635 4284/4854/2635 4377/4853/2635 4376/4871/2635 4380/4872/2635 4382/4873/2635 4384/4874/2635
f 4346/4875/2638 4347/4876/2638 4348/4877/2639 4345/4878/2639
f 4345/4878/2639 4348/4877/2639 4350/4879/2640 4349/4880/2640
f 4349/4880/2640 4350/4879/2640 4352/4881/2641 4351/4882/2641
f 4351/4882/2641 4352/4881/2641 4354/4883/2642 4353/4884/2642
f 4353/4884/2642 4354/4883/2642 4356/4885/2643 4355/4886/2643
f 4358/4887/2644 4359/4888/2644 4360/4889/2645 4357/4890/2645
f 4357/4890/2645 4360/4889/2645 4362/4891/2646 4361/4892/2646
f 4361/4892/2646 4362/4891/2646 4364/4893/2647 4363/4894/2647
f 4363/4894/2647 4364/4893/2647 4366/4895/2648 4365/4896/2648
f 4365/4896/2648 4366/4895/2648 4355/4886/2643 4356/4885/2643
f 4268/4897/2649 4261/4898/2649 4368/4899/2650 4279/4900/2650
f 4279/4900/2650 4368/4899/2650 4369/4901/2651 4367/4902/2651
f 4367/4902/2651 4369/4901/2651 4371/4903/2652 4370/4904/2652
f 4370/4904/2652 4371/4903/2652 4373/4905/2653 4372/4906/2653
f 4372/4906/2653 4373/4905/2653 4273/4907/2654 4374/4908/2654
f 4267/4909/2655 4378/4910/2655 4266/4911/2656 4269/4912/2656
f 4269/4912/2656 4266/4911/2656 4265/4913/2657 4270/4914/2657
f 4270/4914/2657 4265/4913/2657 4264/4915/2658 4271/4916/2658
f 4271/4916/2658 4264/4915/2658 4263/4917/2659 4272/4918/2659
f 4272/4918/2659 4263/4917/2659 4261/4898/2649 4268/4897/2649
f 4240/4919/2637 4252/4920/2637 4285/4921/2637 4239/4922/2637 4241/4923/2637 4242/4924/2637 4243/4925/2637 4244/4926/2637
f 4246/4927/2635 4283/4928/2635 4260/4929/2635 4245/4930/2635 4247/4931/2635 4248/4932/2635 4249/4933/2635 4250/4934/2635
f 4239/4922/2637 4285/4921/2637 4324/4935/2637 4337/4936/2637
f 4437/4937/2636 4436/4938/2636 4347/4939/2638 4346/4940/2638
f 4387/4941/2635 4388/4942/2635 4389/4943/2635 4390/4944/2635 4391/4945/2635 4392/4946/2635 4312/4855/2635
f 4317/4947/2654 4311/4948/2644 4329/4949/2644 4323/4950/2654
f 4338/4951/2637 4402/4952/2637 4403/4953/2637 4335/4954/2637
f 4336/4955/2637 4330/4956/2637 4286/4862/2637 4262/4861/2637
f 4387/4941/2635 4312/4855/2635 4284/4854/2635 4278/4957/2635 4421/4958/2635 4420/4959/2635 4424/4960/2635 4426/4961/2635 4428/4962/2635
f 4283/4928/2635 4318/4963/2635 4409/4964/2635 4408/4965/2635 4412/4966/2635 4414/4967/2635 4416/4968/2635 4418/4969/2635 4256/4970/2635
f 4432/4971/2635 4392/4946/2635 4393/4972/2635 4341/4973/2635
f 4284/4854/2635 4343/4870/2635 4280/4974/2635 4281/4975/2635 4282/4976/2635 4278/4957/2635
f 4260/4929/2635 4283/4928/2635 4256/4970/2635 4257/4977/2635 4258/4978/2635 4259/4979/2635
f 4342/4980/2635 4318/4963/2635 4283/4928/2635 4246/4927/2635
f 4285/4921/2637 4252/4920/2637 4253/4981/2637 4254/4982/2637 4255/4983/2637 4251/4984/2637
f 4286/4862/2637 4330/4956/2637 4430/4985/2637 4429/4986/2637 4427/4987/2637 4425/4988/2637 4423/4989/2637 4294/4990/2637 4375/4991/2637
f 4277/4863/2637 4286/4862/2637 4375/4991/2637 4274/4992/2637 4275/4993/2637 4276/4994/2637
f 4422/4995/2644 4299/4996/2644 4374/4908/2654 4273/4907/2654
f 4359/4888/2644 4358/4887/2644 4306/4997/2654 4419/4998/2654
f 4393/4972/2635 4394/4999/2635 4395/5000/2635 4396/5001/2635 4397/5002/2635 4409/4964/2635 4318/4963/2635
f 4288/5003/2637 4398/5004/2637 4399/5005/2637 4400/5006/2637 4401/5007/2637 4402/4952/2637 4324/4935/2637
f 4403/4953/2637 4404/5008/2637 4405/5009/2637 4406/5010/2637 4407/5011/2637 4430/4985/2637 4330/4956/2637
f 4305/5012/2660 4410/5013/2660 4411/5014/2661 4307/5015/2661
f 4307/5015/2661 4411/5014/2661 4413/5016/2651 4308/5017/2651
f 4308/5017/2651 4413/5016/2651 4415/5018/2652 4309/5019/2652
f 4309/5019/2652 4415/5018/2652 4417/5020/2653 4310/5021/2653
f 4310/5021/2653 4417/5020/2653 4419/5022/2654 4306/5023/2654
f 4299/5024/2644 4422/5025/2644 4298/5026/2645 4301/5027/2645
f 4301/5027/2645 4298/5026/2645 4297/5028/2646 4302/5029/2646
f 4302/5029/2646 4297/5028/2646 4296/5030/2647 4303/5031/2647
f 4303/5031/2647 4296/5030/2647 4295/5032/2662 4304/5033/2662
f 4304/5033/2662 4295/5032/2662 4293/5034/2663 4300/5035/2663
f 4317/4947/2654 4323/4950/2654 4328/5036/2664 4319/5037/2664
f 4319/5037/2664 4328/5036/2664 4327/5038/2652 4320/5039/2652
f 4320/5039/2652 4327/5038/2652 4326/5040/2651 4321/5041/2651
f 4321/5041/2651 4326/5040/2651 4325/5042/2661 4322/5043/2661
f 4322/5043/2661 4325/5042/2661 4410/5013/2660 4305/5012/2660
f 4300/5035/2663 4293/5034/2663 4334/5044/2662 4313/5045/2662
f 4313/5045/2662 4334/5044/2662 4333/5046/2647 4314/5047/2647
f 4314/5047/2647 4333/5046/2647 4332/5048/2646 4315/5049/2646
f 4315/5049/2646 4332/5048/2646 4331/5050/2665 4316/5051/2665
f 4316/5051/2665 4331/5050/2665 4329/4949/2644 4311/4948/2644
f 4288/5003/2637 4324/4935/2637 4285/4921/2637 4251/4984/2637 4287/5052/2637 4289/5053/2637 4290/5054/2637 4291/5055/2637 4292/5056/2637
f 4340/4858/2636 4433/4857/2636 4434/5057/2636 4431/5058/2636
f 4436/4938/2636 4437/4937/2636 4438/4860/2636 4435/4859/2636
f 4339/4856/2635 4312/4855/2635 4392/4946/2635 4432/4971/2635
f 4318/4963/2635 4342/4980/2635 4341/4973/2635 4393/4972/2635
f 4337/4936/2637 4324/4935/2637 4402/4952/2637 4338/4951/2637
f 4330/4956/2637 4336/4955/2637 4335/4954/2637 4403/4953/2637
f 4378/5059/2655 4267/5060/2655 4431/5058/2636 4434/5057/2636
o Cylinder.011
v 10.000000 4.419034 1.585262
v 10.313581 4.379820 1.598171
v 10.605791 4.264852 1.636017
v 10.856718 4.081963 1.696221
v 11.049261 3.843618 1.774681
v 11.170299 3.566059 1.866049
v 11.211582 3.268202 1.964100
v 11.170299 2.970345 2.062150
v 11.049261 2.692786 2.153519
v 10.856718 2.454441 2.231978
v 10.605791 2.271553 2.292183
v 10.313581 2.156584 2.330029
v 10.000000 2.117371 2.342937
v 9.686419 2.156584 2.330029
v 9.394209 2.271553 2.292183
v 9.143282 2.454441 2.231978
v 8.950739 2.692786 2.153519
v 8.829701 2.970345 2.062150
v 8.788418 3.268202 1.964100
v 8.829701 3.566059 1.866049
v 8.950739 3.843618 1.774681
v 9.897319 2.676727 -0.043786
v 9.143282 4.081963 1.696221
v 9.879648 2.957296 0.097811
v 9.394209 4.264852 1.636017
v 9.890556 2.719386 0.031703
v 9.686419 4.379820 1.598171
v 9.884824 2.787686 0.085120
v 9.999999 1.315942 -5.972714
v 9.880994 2.871229 0.108335
v 10.162360 1.295638 -5.966031
v 9.372066 2.473300 -0.661755
v 10.313656 1.236112 -5.946436
v 9.192654 2.691227 -0.710451
v 9.303409 2.491987 -0.659089
v 10.443577 1.141419 -5.915264
v 9.245203 2.539964 -0.667407
v 10.543269 1.018012 -5.874640
v 9.206311 2.609928 -0.685442
v 10.605938 0.874302 -5.827333
v 9.686750 2.660506 -0.093064
v 10.627313 0.720082 -5.776567
v 9.616747 2.937042 0.036286
v 10.605938 0.565863 -5.725800
v 9.659962 2.701622 -0.022262
v 10.543269 0.422153 -5.678492
v 9.637251 2.768613 0.027182
v 10.443577 0.298746 -5.637868
v 10.313656 0.204053 -5.606697
v 9.622076 2.851282 0.047742
v 9.523219 2.618187 -0.221620
v 10.162360 0.144527 -5.587101
v 9.393869 2.879366 -0.138923
v 9.999999 0.124223 -5.580418
v 9.837639 0.144527 -5.587101
v 9.473720 2.653426 -0.168672
v 9.686342 0.204053 -5.606697
v 9.431755 2.715435 -0.134362
v 9.556421 0.298746 -5.637868
v 9.403716 2.794775 -0.123916
v 9.456730 0.422153 -5.678492
v 9.413952 2.554852 -0.414017
v 9.244948 2.793047 -0.401142
v 9.394061 0.565863 -5.725800
v 9.349277 2.581295 -0.387789
v 9.372685 0.720082 -5.776567
v 9.294448 2.635848 -0.376132
v 9.394061 0.874302 -5.827333
v 9.257812 2.710206 -0.380821
v 9.456730 1.018012 -5.874640
v 9.372066 2.393765 -0.903368
v 9.556421 1.141419 -5.915264
v 9.686342 1.236112 -5.946436
v 9.192654 2.598004 -0.993643
v 9.303409 2.407214 -0.916613
v 9.837639 1.295638 -5.966031
v 9.245203 2.450750 -0.938420
v 9.999999 0.291428 -7.557034
v 10.038707 0.286587 -7.555440
v 9.206311 2.517747 -0.965470
v 10.074777 0.272396 -7.550768
v 9.897319 2.190338 -1.521337
v 10.105751 0.249820 -7.543337
v 9.879648 2.331935 -1.801906
v 9.890556 2.179815 -1.607404
v 10.129518 0.220400 -7.533651
v 10.144459 0.186138 -7.522373
v 9.884824 2.203029 -1.690948
v 10.149554 0.149372 -7.510270
v 9.880994 2.256447 -1.759247
v 9.413952 2.312213 -1.151106
v 10.144459 0.112605 -7.498167
v 9.244948 2.496184 -1.302952
v 10.129518 0.078343 -7.486889
v 9.349277 2.317905 -1.187913
v 10.105751 0.048923 -7.477203
v 10.074777 0.026347 -7.469772
v 9.294448 2.354867 -1.229695
v 10.038707 0.012156 -7.465100
v 9.257812 2.417470 -1.270092
v 9.999999 0.007315 -7.463508
v 9.523219 2.248878 -1.343503
v 9.961291 0.012156 -7.465100
v 9.393869 2.409865 -1.565171
v 9.473720 2.245775 -1.407030
v 9.925221 0.026347 -7.469772
v 9.431755 2.275280 -1.471464
v 9.894248 0.048923 -7.477203
v 9.403716 2.332901 -1.526996
v 9.870481 0.078343 -7.486889
v 9.855540 0.112605 -7.498167
v 9.686750 2.206560 -1.472059
v 9.850444 0.149372 -7.510270
v 9.616747 2.352189 -1.740380
v 9.855540 0.186138 -7.522373
v 9.659962 2.197579 -1.553439
v 9.637251 2.222102 -1.633009
v 9.870481 0.220400 -7.533651
v 9.622076 2.276393 -1.698654
v 9.894248 0.249820 -7.543337
v 9.925221 0.272396 -7.550768
v 10.627934 2.473300 -0.661755
v 10.807346 2.691227 -0.710451
v 9.961291 0.286587 -7.555440
v 9.412092 4.250302 1.690886
v 10.696591 2.491987 -0.659089
v 9.168573 4.072813 1.749313
v 10.754797 2.539964 -0.667407
v 8.981715 3.841504 1.825456
v 10.793689 2.609928 -0.685442
v 10.102681 2.676727 -0.043786
v 8.864250 3.572140 1.914127
v 8.824185 3.283076 2.009283
v 10.120352 2.957296 0.097811
v 8.864250 2.994012 2.104439
v 10.109444 2.719386 0.031703
v 8.981715 2.724647 2.193110
v 10.115176 2.787686 0.085120
v 10.119006 2.871229 0.108335
v 9.168573 2.493339 2.269254
v 9.412093 2.315849 2.327681
v 10.586048 2.554852 -0.414017
v 10.755052 2.793047 -0.401142
v 9.695677 2.204275 2.364409
v 10.000000 2.166219 2.376937
v 10.650723 2.581295 -0.387789
v 10.304323 2.204275 2.364409
v 10.705552 2.635848 -0.376132
v 10.587908 2.315849 2.327681
v 10.742188 2.710206 -0.380821
v 10.831427 2.493339 2.269254
v 10.476781 2.618187 -0.221620
v 11.018285 2.724647 2.193110
v 10.606131 2.879366 -0.138923
v 11.135750 2.994012 2.104439
v 10.526280 2.653426 -0.168672
v 10.568245 2.715435 -0.134362
v 11.175815 3.283076 2.009283
v 10.596284 2.794775 -0.123916
v 11.135750 3.572140 1.914127
v 11.018285 3.841504 1.825456
v 10.313250 2.660506 -0.093064
v 10.383253 2.937042 0.036286
v 10.831427 4.072814 1.749313
v 10.340038 2.701622 -0.022262
v 9.695677 4.361877 1.654157
v 10.362749 2.768613 0.027182
v 10.587907 4.250302 1.690886
v 10.000000 4.399933 1.641629
v 10.377924 2.851282 0.047742
v 10.304323 4.361877 1.654157
v 10.102681 2.190338 -1.521337
v 10.118174 3.950917 2.627569
v 10.120352 2.331935 -1.801906
v 10.313581 4.409568 1.688537
v 10.109444 2.179815 -1.607404
v 10.192953 4.198187 2.486184
v 10.115176 2.203029 -1.690948
v 10.256348 4.372179 2.258081
v 10.119006 2.256447 -1.759247
v 10.298706 4.446406 1.977984
v 10.627934 2.393765 -0.903368
v 10.000000 4.448781 1.675629
v 10.807346 2.598004 -0.993643
v 10.696591 2.407214 -0.916613
v 10.000000 3.965695 2.622704
v 10.754797 2.450750 -0.938420
v 10.000000 4.483760 1.965688
v 10.000000 4.404236 2.247528
v 10.793689 2.517747 -0.965470
v 10.313250 2.206560 -1.472059
v 10.000000 4.222316 2.478241
v 10.383253 2.352189 -1.740380
v 10.228293 3.907591 2.641831
v 10.605791 4.294599 1.726383
v 10.340038 2.197579 -1.553439
v 10.362749 2.222102 -1.633009
v 10.372756 4.127444 2.509472
v 10.377924 2.276393 -1.698654
v 10.495225 4.278195 2.289019
v 10.476781 2.248878 -1.343503
v 10.577056 4.336892 2.014035
v 10.606131 2.409865 -1.565171
v 10.322856 3.838669 2.664519
v 10.856718 4.111711 1.786588
v 10.526280 2.245775 -1.407030
v 10.568245 2.275280 -1.471464
v 10.527156 4.014910 2.546517
v 10.596284 2.332901 -1.526996
v 10.700354 4.128686 2.338235
v 10.586048 2.312213 -1.151106
v 10.816080 4.162678 2.071383
v 10.755052 2.496184 -1.302952
v 10.395416 3.748848 2.694087
v 11.049261 3.873365 1.865048
v 10.650723 2.317905 -1.187913
v 10.705552 2.354867 -1.229695
v 10.645632 3.868251 2.594795
v 10.742188 2.417470 -1.270092
v 10.857754 3.933843 2.402375
v 10.999490 3.935639 2.146122
v 10.441030 3.644250 2.728519
v 11.170299 3.595807 1.956416
v 10.720108 3.697463 2.651016
v 10.956700 3.706943 2.477067
v 11.114786 3.671246 2.233156
v 10.456587 3.532002 2.765470
v 11.211582 3.297950 2.054466
v 10.745511 3.514186 2.711348
v 10.990449 3.463449 2.557222
v 11.154112 3.387517 2.326556
v 10.441030 3.419755 2.802420
v 11.170299 3.000093 2.152517
v 10.720108 3.330909 2.771680
v 10.956700 3.219956 2.637376
v 11.114786 3.103789 2.419955
v 10.395416 3.315156 2.836853
v 11.049261 2.722534 2.243885
v 10.645632 3.160121 2.827901
v 10.857754 2.993056 2.712069
v 10.999490 2.839396 2.506989
v 10.322856 3.225335 2.866421
v 10.856718 2.484189 2.322345
v 10.527156 3.013462 2.876179
v 10.700354 2.798213 2.776208
v 10.816080 2.612357 2.581728
v 10.228293 3.156413 2.889109
v 10.605791 2.301300 2.382550
v 10.372755 2.900927 2.913224
v 10.495225 2.648705 2.825425
v 10.577056 2.438143 2.639076
v 10.118174 3.113087 2.903371
v 10.313581 2.186332 2.420396
v 10.192953 2.830185 2.936512
v 10.256348 2.554720 2.856363
v 10.298706 2.328629 2.675127
v 10.000000 3.098309 2.908236
v 10.000000 2.147118 2.433304
v 10.000000 2.806056 2.944455
v 10.000000 2.522663 2.866916
v 10.000000 2.291275 2.687423
v 9.881826 3.113087 2.903371
v 9.686419 2.186332 2.420396
v 9.807048 2.830185 2.936512
v 9.743653 2.554720 2.856363
v 9.701294 2.328629 2.675127
v 9.771707 3.156413 2.889109
v 9.394209 2.301300 2.382550
v 9.627245 2.900927 2.913224
v 9.504776 2.648705 2.825425
v 9.422944 2.438143 2.639076
v 9.677144 3.225335 2.866421
v 9.143282 2.484189 2.322345
v 9.472844 3.013462 2.876179
v 9.299646 2.798213 2.776208
v 9.183920 2.612357 2.581728
v 9.604584 3.315156 2.836853
v 8.950739 2.722534 2.243885
v 9.354368 3.160121 2.827901
v 9.142246 2.993057 2.712069
v 9.000510 2.839396 2.506989
v 9.558971 3.419754 2.802420
v 8.829701 3.000093 2.152517
v 9.279892 3.330908 2.771680
v 9.043300 3.219956 2.637377
v 8.885214 3.103789 2.419955
v 9.543413 3.532002 2.765470
v 8.788418 3.297950 2.054466
v 9.254489 3.514186 2.711348
v 9.009551 3.463449 2.557222
v 8.845888 3.387517 2.326556
v 9.558971 3.644250 2.728519
v 8.829701 3.595807 1.956416
v 9.279892 3.697463 2.651016
v 9.043300 3.706943 2.477067
v 8.885214 3.671246 2.233156
v 9.604584 3.748848 2.694087
v 8.950739 3.873365 1.865048
v 9.354368 3.868251 2.594795
v 9.142246 3.933843 2.402375
v 9.000510 3.935639 2.146122
v 9.677144 3.838669 2.664519
v 9.143282 4.111711 1.786588
v 9.472844 4.014909 2.546517
v 9.299646 4.128686 2.338235
v 9.183920 4.162678 2.071384
v 9.771707 3.907591 2.641831
v 9.394209 4.294599 1.726383
v 9.627245 4.127444 2.509472
v 9.504775 4.278194 2.289019
v 9.422944 4.336891 2.014035
v 9.881827 3.950917 2.627569
v 9.686419 4.409568 1.688537
v 9.807048 4.198187 2.486184
v 9.743653 4.372180 2.258080
v 9.701294 4.446406 1.977984
v 10.000000 3.873053 2.653201
v 10.092931 3.861432 2.657026
v 10.179527 3.827361 2.668242
v 10.253890 3.773161 2.686084
v 10.310950 3.702528 2.709335
v 10.346820 3.620273 2.736413
v 10.359055 3.532002 2.765470
v 10.346820 3.443732 2.794527
v 10.310950 3.361477 2.821605
v 10.253890 3.290843 2.844856
v 10.179527 3.236643 2.862698
v 10.092931 3.202572 2.873914
v 10.000000 3.190951 2.877739
v 9.907070 3.202572 2.873914
v 9.820473 3.236643 2.862698
v 9.746110 3.290843 2.844856
v 9.689050 3.361477 2.821605
v 9.653180 3.443732 2.794528
v 9.640945 3.532002 2.765470
v 9.653180 3.620273 2.736413
v 9.689050 3.702528 2.709335
v 9.746110 3.773161 2.686084
v 9.820473 3.827361 2.668242
v 9.907070 3.861432 2.657026
v 10.000000 3.790884 2.578628
v 10.078765 3.781035 2.581870
v 10.152162 3.752157 2.591377
v 10.215189 3.706220 2.606498
v 10.263552 3.646352 2.626206
v 10.293954 3.576636 2.649156
v 10.304323 3.501820 2.673784
v 10.293954 3.427005 2.698412
v 10.263552 3.357288 2.721362
v 10.215189 3.297421 2.741069
v 10.152162 3.251483 2.756191
v 10.078765 3.222606 2.765697
v 10.000000 3.212756 2.768940
v 9.921235 3.222606 2.765697
v 9.847838 3.251483 2.756191
v 9.784811 3.297421 2.741069
v 9.736448 3.357288 2.721362
v 9.706046 3.427005 2.698412
v 9.695677 3.501820 2.673784
v 9.706046 3.576636 2.649156
v 9.736448 3.646352 2.626206
v 9.784811 3.706219 2.606498
v 9.847838 3.752157 2.591377
v 9.921236 3.781035 2.581870
v 10.000000 3.793155 2.671122
v 10.071837 3.784171 2.674080
v 10.138780 3.757833 2.682750
v 10.196263 3.715936 2.696542
v 10.240373 3.661334 2.714516
v 10.268101 3.597749 2.735447
v 10.277558 3.529513 2.757909
v 10.268101 3.461278 2.780371
v 10.240373 3.397693 2.801303
v 10.196263 3.343091 2.819277
v 10.138780 3.301193 2.833069
v 10.071837 3.274855 2.841739
v 10.000000 3.265872 2.844697
v 9.928163 3.274855 2.841739
v 9.861221 3.301193 2.833069
v 9.803737 3.343091 2.819277
v 9.759627 3.397693 2.801303
v 9.731899 3.461278 2.780371
v 9.722442 3.529513 2.757909
v 9.731899 3.597749 2.735447
v 9.759627 3.661334 2.714516
v 9.803737 3.715936 2.696542
v 9.861220 3.757833 2.682750
v 9.928164 3.784171 2.674080
v 10.000000 3.769287 2.873816
v 10.049566 3.763088 2.875857
v 10.095755 3.744915 2.881839
v 10.135417 3.716007 2.891355
v 10.165852 3.678333 2.903757
v 10.184983 3.634461 2.918199
v 10.191509 3.587380 2.933697
v 10.184983 3.540299 2.949196
v 10.165852 3.496427 2.963638
v 10.135417 3.458753 2.976039
v 10.095755 3.429845 2.985556
v 10.049566 3.411672 2.991538
v 10.000000 3.405474 2.993578
v 9.950434 3.411672 2.991538
v 9.904245 3.429845 2.985556
v 9.864583 3.458753 2.976039
v 9.834148 3.496427 2.963638
v 9.815017 3.540299 2.949196
v 9.808491 3.587380 2.933697
v 9.815017 3.634461 2.918199
v 9.834148 3.678333 2.903757
v 9.864583 3.716007 2.891355
v 9.904245 3.744915 2.881839
v 9.950435 3.763088 2.875857
v 10.000000 3.884690 3.224388
v 10.000001 3.865759 3.261502
v 10.000000 3.882945 3.246800
v 10.041908 3.860518 3.263227
v 10.049566 3.878491 3.226429
v 10.047323 3.877026 3.248748
v 10.080961 3.845153 3.268285
v 10.095755 3.860319 3.232411
v 10.091422 3.859676 3.254459
v 10.114496 3.820711 3.276331
v 10.135417 3.831411 3.241927
v 10.129290 3.832076 3.263545
v 10.140229 3.788857 3.286817
v 10.165852 3.793737 3.254329
v 10.158347 3.796107 3.275386
v 10.156405 3.751763 3.299028
v 10.184983 3.749865 3.268771
v 10.176613 3.754220 3.289174
v 10.161922 3.711956 3.312132
v 10.191509 3.702784 3.284269
v 10.182843 3.709269 3.303971
v 10.156405 3.672148 3.325236
v 10.184983 3.655703 3.299768
v 10.176613 3.664319 3.318769
v 10.140229 3.635054 3.337447
v 10.165852 3.611830 3.314210
v 10.158347 3.622432 3.332557
v 10.114496 3.603200 3.347933
v 10.135417 3.574157 3.326612
v 10.129290 3.586462 3.344398
v 10.080961 3.578758 3.355979
v 10.095755 3.545248 3.336128
v 10.091422 3.558862 3.353483
v 10.041908 3.563393 3.361037
v 10.049566 3.527076 3.342110
v 10.047323 3.541512 3.359195
v 10.000000 3.558152 3.362762
v 10.000000 3.520877 3.344151
v 10.000000 3.535594 3.361143
v 9.958092 3.563393 3.361037
v 9.950434 3.527076 3.342110
v 9.952677 3.541512 3.359195
v 9.919039 3.578758 3.355979
v 9.904245 3.545248 3.336128
v 9.908579 3.558862 3.353483
v 9.885504 3.603200 3.347933
v 9.864583 3.574157 3.326612
v 9.870710 3.586462 3.344398
v 9.859771 3.635054 3.337447
v 9.834148 3.611830 3.314210
v 9.841653 3.622432 3.332557
v 9.843596 3.672148 3.325236
v 9.815017 3.655703 3.299768
v 9.823387 3.664319 3.318769
v 9.838078 3.711956 3.312132
v 9.808492 3.702784 3.284269
v 9.817157 3.709269 3.303971
v 9.843596 3.751763 3.299028
v 9.815017 3.749865 3.268771
v 9.823387 3.754220 3.289174
v 9.859771 3.788857 3.286817
v 9.834148 3.793737 3.254329
v 9.841653 3.796107 3.275386
v 9.885504 3.820711 3.276331
v 9.864583 3.831411 3.241927
v 9.870710 3.832076 3.263545
v 9.919039 3.845153 3.268285
v 9.904245 3.860319 3.232411
v 9.908579 3.859676 3.254460
v 9.958092 3.860518 3.263227
v 9.950435 3.878492 3.226429
v 9.952677 3.877027 3.248748
v 9.164727 0.845248 -3.854046
v 9.318003 0.655512 -3.791587
v 9.318003 1.951112 -4.218081
v 9.164727 1.761376 -4.155622
v 10.835272 1.761376 -4.155622
v 10.681996 1.951112 -4.218081
v 10.681996 0.655512 -3.791587
v 10.835272 0.845248 -3.854046
v 9.517756 0.509922 -3.743661
v 9.750372 0.418400 -3.713533
v 9.068375 1.540423 -4.082888
v 9.035511 1.303312 -4.004834
v 10.000000 2.219440 -4.306411
v 9.750372 2.188224 -4.296135
v 10.482244 2.096702 -4.266007
v 10.249628 2.188224 -4.296135
v 10.931624 1.066201 -3.926781
v 10.964489 1.303312 -4.004834
v 10.000000 0.387184 -3.703258
v 10.249628 0.418400 -3.713533
v 9.068375 1.066201 -3.926781
v 9.517755 2.096702 -4.266007
v 10.931624 1.540423 -4.082888
v 10.482244 0.509922 -3.743661
v 9.999999 0.037218 -6.512563
v 10.108314 0.050763 -6.517022
v 10.404232 0.537610 -6.677285
v 10.362425 0.633482 -6.708845
v 9.637573 0.633482 -6.708845
v 9.595766 0.537610 -6.677285
v 9.891685 0.050763 -6.517022
v 10.418492 0.434727 -6.643417
v 9.704080 0.715809 -6.735946
v 9.790752 0.090474 -6.530094
v 10.404232 0.331844 -6.609550
v 9.790752 0.778980 -6.756741
v 9.704080 0.153646 -6.550889
v 10.362425 0.235973 -6.577991
v 9.891685 0.818692 -6.769814
v 10.108314 0.818691 -6.769814
v 9.999999 0.832236 -6.774272
v 9.637573 0.235973 -6.577991
v 10.295918 0.153646 -6.550889
v 10.209246 0.778980 -6.756741
v 9.595766 0.331844 -6.609550
v 10.209246 0.090474 -6.530094
v 10.295918 0.715809 -6.735946
v 9.581507 0.434727 -6.643417
v 10.000000 2.619671 -3.454381
v 10.000000 3.071104 -2.384567
v 10.279069 2.584773 -3.442893
v 10.303473 3.033154 -2.372075
v 10.539119 2.482458 -3.409212
v 10.586264 2.921892 -2.335448
v 10.976456 3.002227 -1.140185
v 10.762429 2.319697 -3.355633
v 10.829102 2.744899 -2.277185
v 11.049261 2.895635 -1.105097
v 10.933782 2.107584 -3.285809
v 11.015438 2.514237 -2.201254
v 11.170299 2.618076 -1.013728
v 11.041498 1.860573 -3.204496
v 11.132574 2.245625 -2.112831
v 11.211582 2.320219 -0.915678
v 11.078238 1.595497 -3.117237
v 11.172526 1.957370 -2.017941
v 11.170299 2.022362 -0.817627
v 11.041498 1.330421 -3.029977
v 11.132574 1.669114 -1.923051
v 11.049261 1.744804 -0.726259
v 10.933782 1.083410 -2.948665
v 11.015438 1.400502 -1.834628
v 10.856718 1.506459 -0.647799
v 10.762429 0.871296 -2.878840
v 10.829102 1.169840 -1.758698
v 10.605791 1.323570 -0.587595
v 10.539120 0.708536 -2.825262
v 10.586264 0.992847 -1.700434
v 10.313581 1.208601 -0.549749
v 10.279069 0.606221 -2.791581
v 10.303473 0.881585 -1.663808
v 10.000000 1.169388 -0.536840
v 10.000000 0.571323 -2.780093
v 10.000000 0.843635 -1.651315
v 9.686419 1.208601 -0.549749
v 9.720931 0.606221 -2.791581
v 9.696527 0.881585 -1.663808
v 9.394209 1.323570 -0.587595
v 9.460880 0.708536 -2.825262
v 9.413736 0.992847 -1.700434
v 9.143282 1.506459 -0.647799
v 9.237570 0.871296 -2.878840
v 9.170898 1.169840 -1.758698
v 8.950739 1.744804 -0.726259
v 9.066217 1.083410 -2.948665
v 8.984562 1.400502 -1.834628
v 8.829701 2.022362 -0.817627
v 8.958501 1.330421 -3.029977
v 8.867426 1.669114 -1.923051
v 8.788418 2.320220 -0.915678
v 8.921762 1.595497 -3.117237
v 8.827474 1.957370 -2.017941
v 8.829701 2.618076 -1.013728
v 8.958502 1.860573 -3.204496
v 8.867426 2.245625 -2.112831
v 8.950739 2.895635 -1.105097
v 9.066217 2.107584 -3.285809
v 8.984562 2.514237 -2.201254
v 9.031908 2.996113 -1.138173
v 9.237570 2.319697 -3.355633
v 9.170898 2.744899 -2.277184
v 9.460880 2.482457 -3.409212
v 9.413736 2.921892 -2.335448
v 9.720931 2.584773 -3.442893
v 9.696528 3.033154 -2.372075
v 9.292149 0.641046 -4.709649
v 9.422042 1.578210 -5.018150
v 10.707850 1.417418 -4.965219
v 10.577957 0.480254 -4.656718
v 9.591322 0.356874 -4.616103
v 9.210495 1.230172 -4.903581
v 9.999999 1.805604 -5.093005
v 10.408677 1.701590 -5.058765
v 10.789504 0.828292 -4.771287
v 9.999999 0.252860 -4.581863
v 9.210495 0.828292 -4.771287
v 9.591322 1.701590 -5.058765
v 10.789504 1.230172 -4.903581
v 10.408677 0.356874 -4.616103
v 9.422042 0.480254 -4.656718
v 9.292149 1.417418 -4.965219
v 10.577957 1.578210 -5.018150
v 10.707850 0.641046 -4.709649
v 9.788452 0.279314 -4.590571
v 9.182644 1.029232 -4.837434
v 9.788452 1.779150 -5.084296
v 10.211547 1.779150 -5.084296
v 10.817355 1.029232 -4.837434
v 10.211547 0.279314 -4.590571
v 9.674925 3.641135 -0.180401
v 9.686419 3.831642 -0.067081
v 9.680673 3.717576 -0.180889
v 9.684880 3.787307 -0.139411
v 10.000000 3.885448 -0.035660
v 10.000000 3.697815 -0.145957
v 10.000000 3.841605 -0.107260
v 10.000000 3.772927 -0.147631
v 9.394209 3.654543 -0.217975
v 9.394146 3.467377 -0.332248
v 9.394200 3.610353 -0.291351
v 9.394177 3.541846 -0.333178
v 9.244948 3.272391 -0.558936
v 9.120639 3.295263 -0.576386
v 9.228791 3.325752 -0.584008
v 9.184650 3.336806 -0.608155
v 9.101591 2.999913 -1.477893
v 9.244948 2.963360 -1.456740
v 9.185925 3.044812 -1.459450
v 9.229133 3.021199 -1.469321
v 9.194231 3.037932 -1.148801
v 9.084048 3.090808 -1.169345
v 9.179645 3.093892 -1.168791
v 9.139315 3.113246 -1.176311
v 10.325075 3.641134 -0.180401
v 10.313581 3.831642 -0.067081
v 10.319328 3.717576 -0.180889
v 10.315121 3.787307 -0.139411
v 9.081968 3.189173 -0.865428
v 9.192654 3.132700 -0.855778
v 9.137311 3.210164 -0.876808
v 9.177825 3.189493 -0.873276
v 10.000000 3.045906 -2.036935
v 10.000000 3.126129 -2.234596
v 10.000000 3.106538 -2.079838
v 10.000000 3.135902 -2.152186
v 10.605791 3.654543 -0.217975
v 10.605854 3.467377 -0.332248
v 10.605800 3.610353 -0.291351
v 10.605823 3.541846 -0.333178
v 10.879361 3.295263 -0.576387
v 10.755052 3.272391 -0.558936
v 10.815350 3.336806 -0.608155
v 10.771209 3.325752 -0.584008
v 10.918031 3.189173 -0.865428
v 10.807346 3.132700 -0.855778
v 10.862689 3.210164 -0.876808
v 10.822175 3.189493 -0.873276
v 10.915952 3.090808 -1.169345
v 10.805769 3.037932 -1.148801
v 10.860685 3.113246 -1.176311
v 10.820355 3.093892 -1.168791
v 9.694747 3.103390 -2.179969
v 9.680319 3.022564 -1.977548
v 9.692292 3.113159 -2.096512
v 9.687011 3.083574 -2.022421
v 9.402272 2.978716 -1.759750
v 9.407078 3.056563 -1.963225
v 9.403645 3.038481 -1.803886
v 9.405404 3.066975 -1.878363
v 10.592921 3.056564 -1.963226
v 10.597728 2.978716 -1.759750
v 10.594596 3.066974 -1.878364
v 10.596355 3.038480 -1.803886
v 10.319681 3.022564 -1.977548
v 10.305253 3.103390 -2.179969
v 10.312989 3.083574 -2.022421
v 10.307709 3.113159 -2.096512
v 10.844875 3.033296 -1.523744
v 10.755052 2.963360 -1.456740
v 10.814075 3.044812 -1.459450
v 10.770867 3.021199 -1.469321
v 10.308527 1.045093 -1.106778
v 11.151436 2.431851 -1.563279
v 9.101403 2.870506 -1.707679
v 8.967650 1.572653 -1.280443
v 10.596027 1.158209 -1.144014
v 11.151436 1.845738 -1.370339
v 8.807945 2.138794 -1.466809
v 8.848564 1.845738 -1.370339
v 11.192055 2.138794 -1.466809
v 10.000000 1.006512 -1.094078
v 10.902779 2.873563 -1.708685
v 8.848564 2.431851 -1.563279
v 11.032350 1.572653 -1.280443
v 9.403973 1.158209 -1.144014
v 9.691474 1.045093 -1.106778
v 9.157090 1.338150 -1.203248
v 10.842910 1.338150 -1.203248
v 8.967650 2.704936 -1.653175
v 11.032350 2.704936 -1.653175
v 8.788418 2.512497 -0.331578
v 10.952169 3.221228 -0.564883
v 8.829701 2.810354 -0.429629
v 8.950739 1.937081 -0.142159
v 8.829701 2.214640 -0.233528
v 11.211582 2.512497 -0.331578
v 9.054499 3.216354 -0.563278
v 11.170299 2.214640 -0.233528
v 11.049261 3.087913 -0.520997
v 8.950739 3.087913 -0.520997
v 11.170299 2.810354 -0.429629
v 10.605791 1.515848 -0.003495
v 10.856718 1.698736 -0.063699
v 10.313581 1.400879 0.034351
v 11.049261 1.937081 -0.142159
v 9.394209 1.515848 -0.003495
v 9.143282 1.698736 -0.063699
v 10.000000 1.361665 0.047260
v 9.686419 1.400879 0.034351
v 10.000000 2.147118 2.433304
v 9.686419 2.186332 2.420396
v 8.950739 2.692786 2.153519
v 8.829701 2.970345 2.062150
v 10.000000 4.419034 1.585262
v 9.686419 4.379820 1.598171
v 10.313581 4.379820 1.598171
v 10.346820 3.620273 2.736413
v 10.359055 3.532002 2.765470
v 10.074777 0.272396 -7.550768
v 10.105751 0.249820 -7.543337
v 10.074777 0.026347 -7.469772
v 10.038707 0.012156 -7.465100
v 9.850444 0.149372 -7.510270
v 9.855540 0.186138 -7.522373
v 8.981715 3.841504 1.825456
v 8.864250 3.572140 1.914127
v 10.000000 2.166219 2.376937
v 10.304323 2.204275 2.364409
v 10.176613 3.754220 3.289174
v 10.182843 3.709269 3.303971
v 11.018285 3.841504 1.825456
v 10.831427 4.072814 1.749313
v 10.047323 3.877026 3.248748
v 10.091422 3.859676 3.254459
v 9.823387 3.664319 3.318769
v 9.817157 3.709269 3.303971
v 9.921235 3.222606 2.765697
v 9.847838 3.251483 2.756191
v 8.788418 3.268202 1.964100
v 9.143282 2.484189 2.322345
v 8.950739 2.722534 2.243885
v 9.706046 3.427005 2.698412
v 9.695677 3.501820 2.673784
v 10.310950 3.702528 2.709335
v 9.689050 3.702528 2.709335
v 9.746110 3.773161 2.686084
v 10.000000 3.212756 2.768940
v 9.686419 2.156584 2.330029
v 9.394209 2.271553 2.292183
v 10.176613 3.664319 3.318769
v 9.908579 3.859676 3.254460
v 9.952677 3.877027 3.248748
v 10.605791 4.264852 1.636017
v 10.856718 4.081963 1.696221
v 9.394209 4.294599 1.726383
v 9.686419 4.409568 1.688537
v 10.346820 3.443732 2.794527
v 10.310950 3.361477 2.821605
v 10.129518 0.220400 -7.533651
v 9.925221 0.026347 -7.469772
v 9.894248 0.048923 -7.477203
v 9.999999 0.007315 -7.463508
v 9.870481 0.220400 -7.533651
v 10.587908 2.315849 2.327681
v 10.158347 3.622432 3.332557
v 10.605791 4.294599 1.726383
v 10.856718 4.111711 1.786588
v 10.856718 2.484189 2.322345
v 10.605791 2.301300 2.382550
v 11.049261 3.843618 1.774681
v 8.829701 3.566059 1.866049
v 8.950739 3.843618 1.774681
v 11.170299 2.970345 2.062150
v 11.049261 2.692786 2.153519
v 9.784811 3.297421 2.741069
v 9.736448 3.357288 2.721362
v 8.824185 3.283076 2.009283
v 10.587907 4.250302 1.690886
v 10.000000 3.535594 3.361143
v 9.952677 3.541512 3.359195
v 11.211582 3.297950 2.054466
v 11.170299 3.000093 2.152517
v 11.049261 2.722534 2.243885
v 11.170299 3.566059 1.866049
v 9.143282 4.081963 1.696221
v 8.829701 3.000093 2.152517
v 10.253890 3.290843 2.844856
v 10.179527 3.236643 2.862698
v 10.078765 3.781035 2.581870
v 10.152162 3.752157 2.591377
v 9.841653 3.622432 3.332557
v 9.961291 0.012156 -7.465100
v 8.864250 2.994012 2.104439
v 10.831427 2.493339 2.269254
v 9.908579 3.558862 3.353483
v 11.211582 3.268202 1.964100
v 8.829701 3.595807 1.956416
v 8.950739 3.873365 1.865048
v 10.000000 3.790884 2.578628
v 10.144459 0.186138 -7.522373
v 10.856718 2.454441 2.231978
v 10.605791 2.271553 2.292183
v 9.921236 3.781035 2.581870
v 9.894248 0.249820 -7.543337
v 10.129290 3.832076 3.263545
v 9.695677 4.361877 1.654157
v 10.000000 4.399933 1.641629
v 9.823387 3.754220 3.289174
v 10.092931 3.202572 2.873914
v 10.000000 3.190951 2.877739
v 10.149554 0.149372 -7.510270
v 9.706046 3.576636 2.649156
v 9.736448 3.646352 2.626206
v 8.981715 2.724647 2.193110
v 11.018285 2.724647 2.193110
v 10.158347 3.796107 3.275386
v 9.841653 3.796107 3.275386
v 11.049261 3.873365 1.865048
v 11.170299 3.595807 1.956416
v 9.394209 2.301300 2.382550
v 10.000000 4.448781 1.675629
v 10.215189 3.706220 2.606498
v 9.925221 0.272396 -7.550768
v 10.313581 2.156584 2.330029
v 10.000000 2.117371 2.342937
v 10.304323 4.361877 1.654157
v 10.129290 3.586462 3.344398
v 10.047323 3.541512 3.359195
v 10.313581 2.186332 2.420396
v 9.394209 4.264852 1.636017
v 9.143282 4.111711 1.786588
v 9.907070 3.202572 2.873914
v 9.820473 3.236643 2.862698
v 10.293954 3.576636 2.649156
v 10.304323 3.501820 2.673784
v 10.144459 0.112605 -7.498167
v 9.784811 3.706219 2.606498
v 9.847838 3.752157 2.591377
v 9.961291 0.286587 -7.555440
v 9.168573 2.493339 2.269254
v 11.135750 2.994012 2.104439
v 10.091422 3.558862 3.353483
v 10.263552 3.646352 2.626206
v 9.870710 3.586462 3.344398
v 9.746110 3.290843 2.844856
v 9.689050 3.361477 2.821605
v 10.293954 3.427005 2.698412
v 10.263552 3.357288 2.721362
v 9.653180 3.620273 2.736413
v 11.175815 3.283076 2.009283
v 8.788418 3.297950 2.054466
v 9.820473 3.827361 2.668242
v 9.907070 3.861432 2.657026
v 10.129518 0.078343 -7.486889
v 9.412093 2.315849 2.327681
v 9.143282 2.454441 2.231978
v 9.870710 3.832076 3.263545
v 10.000000 3.873053 2.653201
v 10.092931 3.861432 2.657026
v 10.179527 3.827361 2.668242
v 9.653180 3.443732 2.794528
v 9.640945 3.532002 2.765470
v 10.215189 3.297421 2.741069
v 10.152162 3.251483 2.756191
v 9.870481 0.078343 -7.486889
v 9.412092 4.250302 1.690886
v 9.168573 4.072813 1.749313
v 9.695677 2.204275 2.364409
v 9.999999 0.291428 -7.557034
v 10.038707 0.286587 -7.555440
v 10.105751 0.048923 -7.477203
v 9.855540 0.112605 -7.498167
v 11.135750 3.572140 1.914127
v 10.253890 3.773161 2.686084
v 10.078765 3.222606 2.765697
v 10.313581 4.409568 1.688537
v 10.000000 3.882945 3.246800
v 9.228791 3.325752 -0.584008
v 9.394177 3.541846 -0.333178
v 9.184650 3.336806 -0.608155
v 9.394200 3.610353 -0.291351
v 9.687011 3.083574 -2.022421
v 10.000000 3.106538 -2.079838
v 10.862689 3.210164 -0.876808
v 10.815350 3.336806 -0.608155
v 10.822175 3.189493 -0.873276
v 10.771209 3.325752 -0.584008
v 9.084048 3.090808 -1.169345
v 9.137311 3.210164 -0.876808
v 9.139315 3.113246 -1.176311
v 9.177825 3.189493 -0.873276
v 9.179645 3.093892 -1.168791
v 10.312989 3.083574 -2.022421
v 10.915952 3.090808 -1.169345
v 10.860685 3.113246 -1.176311
v 10.820355 3.093892 -1.168791
v 10.319328 3.717576 -0.180889
v 10.605823 3.541846 -0.333178
v 10.605800 3.610353 -0.291351
v 9.403645 3.038481 -1.803886
v 9.229133 3.021199 -1.469321
v 9.405404 3.066975 -1.878363
v 9.185925 3.044812 -1.459450
v 10.770867 3.021199 -1.469321
v 10.596355 3.038480 -1.803886
v 10.814075 3.044812 -1.459450
v 10.594596 3.066974 -1.878364
v 10.000000 3.772927 -0.147631
v 9.680673 3.717576 -0.180889
vt 0.646210 0.713342
vt 0.637042 0.667549
vt 0.646627 0.661423
vt 0.668685 0.699905
vt 0.287527 0.198738
vt 0.288039 0.185057
vt 0.333812 0.187919
vt 0.333139 0.200185
vt 0.288929 0.171298
vt 0.334924 0.175620
vt 0.290219 0.157446
vt 0.336484 0.163278
vt 0.291923 0.143484
vt 0.338508 0.150882
vt 0.294059 0.129395
vt 0.341011 0.138421
vt 0.296641 0.115160
vt 0.344014 0.125886
vt 0.299688 0.100758
vt 0.347538 0.113267
vt 0.303219 0.086165
vt 0.351612 0.100553
vt 0.307258 0.071355
vt 0.356266 0.087732
vt 0.311830 0.056297
vt 0.361539 0.074793
vt 0.316954 0.040966
vt 0.367469 0.061727
vt 0.315175 0.383018
vt 0.310358 0.367735
vt 0.360129 0.350080
vt 0.365844 0.363223
vt 0.306060 0.352730
vt 0.355062 0.337090
vt 0.302261 0.337981
vt 0.350595 0.324239
vt 0.298940 0.323455
vt 0.346693 0.311510
vt 0.296078 0.309125
vt 0.343323 0.298888
vt 0.293657 0.294965
vt 0.340460 0.286360
vt 0.291661 0.280952
vt 0.338081 0.273913
vt 0.290073 0.267068
vt 0.336167 0.261534
vt 0.288872 0.253289
vt 0.334703 0.249211
vt 0.288037 0.239603
vt 0.333674 0.236930
vt 0.427125 0.599109
vt 0.405039 0.599024
vt 0.405588 0.594857
vt 0.426576 0.594938
vt 0.287540 0.225975
vt 0.333073 0.224675
vt 0.287368 0.212368
vt 0.332894 0.212433
vt 0.395179 0.307694
vt 0.391075 0.297115
vt 0.440101 0.277216
vt 0.443886 0.285012
vt 0.493979 0.156402
vt 0.498012 0.152035
vt 0.532313 0.190755
vt 0.530777 0.192220
vt 0.379897 0.254802
vt 0.378326 0.244238
vt 0.428138 0.237180
vt 0.429630 0.245284
vt 0.378562 0.180917
vt 0.380219 0.170359
vt 0.429867 0.180251
vt 0.428315 0.188339
vt 0.391795 0.128133
vt 0.396012 0.117600
vt 0.444432 0.140700
vt 0.440585 0.148445
vt 0.405129 0.328803
vt 0.399854 0.318261
vt 0.448158 0.292701
vt 0.452928 0.300263
vt 0.384477 0.275950
vt 0.381943 0.265373
vt 0.431565 0.253352
vt 0.433950 0.261371
vt 0.376576 0.223126
vt 0.376386 0.212575
vt 0.426278 0.212749
vt 0.426465 0.220903
vt 0.376652 0.202024
vt 0.377376 0.191472
vt 0.427202 0.196458
vt 0.426524 0.204598
vt 0.384987 0.149239
vt 0.388127 0.138682
vt 0.437214 0.156289
vt 0.434310 0.164213
vt 0.406200 0.096630
vt 0.412226 0.086238
vt 0.458929 0.118246
vt 0.453595 0.125578
vt 0.387515 0.286532
vt 0.436792 0.269331
vt 0.377221 0.233680
vt 0.427084 0.229050
vt 0.382356 0.159799
vt 0.431863 0.172205
vt 0.400804 0.107094
vt 0.448765 0.133071
vt 0.411035 0.339298
vt 0.458202 0.307668
vt 0.806026 0.642642
vt 0.808081 0.642642
vt 0.810067 0.643174
vt 0.811848 0.644202
vt 0.813301 0.645655
vt 0.814329 0.647436
vt 0.814861 0.649421
vt 0.814861 0.651477
vt 0.814329 0.653463
vt 0.813301 0.655243
vt 0.811848 0.656697
vt 0.810067 0.657725
vt 0.808081 0.658257
vt 0.806026 0.658257
vt 0.804040 0.657725
vt 0.802259 0.656697
vt 0.800806 0.655243
vt 0.799778 0.653463
vt 0.799246 0.651477
vt 0.799246 0.649421
vt 0.799778 0.647436
vt 0.800806 0.645655
vt 0.802259 0.644202
vt 0.804040 0.643174
vt 0.475666 0.191228
vt 0.477231 0.185933
vt 0.524177 0.202820
vt 0.523545 0.204797
vt 0.477074 0.239867
vt 0.475539 0.234552
vt 0.523552 0.221145
vt 0.524185 0.223122
vt 0.497739 0.274041
vt 0.493703 0.269617
vt 0.530778 0.233732
vt 0.532313 0.235205
vt 0.479143 0.180715
vt 0.524946 0.200888
vt 0.474350 0.229180
vt 0.523058 0.219132
vt 0.490034 0.265005
vt 0.529360 0.232159
vt 0.481404 0.175590
vt 0.525852 0.199010
vt 0.473507 0.223767
vt 0.522703 0.217093
vt 0.486729 0.260228
vt 0.528066 0.230496
vt 0.484017 0.170578
vt 0.526891 0.197194
vt 0.473008 0.218327
vt 0.522490 0.215036
vt 0.472853 0.212874
vt 0.473041 0.207423
vt 0.522488 0.210905
vt 0.522418 0.212971
vt 0.483783 0.255307
vt 0.526898 0.228751
vt 0.486982 0.165696
vt 0.528060 0.195451
vt 0.473572 0.201989
vt 0.522700 0.208848
vt 0.481194 0.250261
vt 0.525860 0.226934
vt 0.490302 0.160963
vt 0.529357 0.193790
vt 0.474446 0.196586
vt 0.523052 0.206809
vt 0.478958 0.245108
vt 0.524955 0.225055
vt 0.383750 0.593234
vt 0.385356 0.589355
vt 0.364700 0.582153
vt 0.349169 0.566546
vt 0.352490 0.563989
vt 0.367251 0.578823
vt 0.500292 0.526246
vt 0.494532 0.547662
vt 0.490629 0.546055
vt 0.496104 0.525708
vt 0.448463 0.436817
vt 0.467688 0.447826
vt 0.465142 0.451190
vt 0.446879 0.440724
vt 0.349068 0.463865
vt 0.364585 0.448217
vt 0.367168 0.451528
vt 0.352414 0.466394
vt 0.338194 0.547476
vt 0.342060 0.545861
vt 0.483413 0.566839
vt 0.467708 0.582462
vt 0.465139 0.579120
vt 0.480063 0.564276
vt 0.483406 0.463458
vt 0.494531 0.482643
vt 0.490638 0.484279
vt 0.480072 0.466047
vt 0.383640 0.437097
vt 0.404947 0.431279
vt 0.405531 0.435446
vt 0.385281 0.440967
vt 0.332505 0.526230
vt 0.332480 0.504236
vt 0.336636 0.504760
vt 0.336655 0.525666
vt 0.448503 0.593466
vt 0.446891 0.589575
vt 0.500292 0.504064
vt 0.496108 0.504632
vt 0.419155 0.494691
vt 0.424355 0.496152
vt 0.422596 0.500197
vt 0.418504 0.499051
vt 0.427059 0.431177
vt 0.426543 0.435358
vt 0.338124 0.482970
vt 0.342007 0.484549
vt 0.011063 0.195565
vt 0.011076 0.212679
vt 0.007776 0.212704
vt 0.007768 0.195545
vt 0.385356 0.589355
vt 0.367251 0.578823
vt 0.377805 0.564635
vt 0.391892 0.572910
vt 0.386836 0.552708
vt 0.397539 0.559048
vt 0.395204 0.541863
vt 0.402822 0.546409
vt 0.403456 0.531394
vt 0.408074 0.534162
vt 0.405588 0.594857
vt 0.407652 0.577266
vt 0.409523 0.562407
vt 0.411356 0.548829
vt 0.413255 0.535639
vt 0.426576 0.594938
vt 0.424015 0.577397
vt 0.421974 0.562551
vt 0.420228 0.548956
vt 0.418642 0.535721
vt 0.446891 0.589575
vt 0.439866 0.573283
vt 0.434046 0.559463
vt 0.428834 0.546779
vt 0.423865 0.534403
vt 0.465139 0.579120
vt 0.454122 0.565194
vt 0.444912 0.553348
vt 0.436588 0.542441
vt 0.428577 0.531769
vt 0.480063 0.564276
vt 0.465801 0.553678
vt 0.453829 0.544618
vt 0.442957 0.536237
vt 0.432454 0.527994
vt 0.490629 0.546055
vt 0.474098 0.539518
vt 0.460180 0.533871
vt 0.447502 0.528590
vt 0.435222 0.523342
vt 0.496104 0.525708
vt 0.478438 0.523685
vt 0.463527 0.521841
vt 0.449911 0.520027
vt 0.436687 0.518144
vt 0.496108 0.504632
vt 0.478520 0.507265
vt 0.463640 0.509353
vt 0.450018 0.511132
vt 0.436756 0.512744
vt 0.490638 0.484279
vt 0.474338 0.491386
vt 0.460510 0.497262
vt 0.447816 0.502512
vt 0.435423 0.507503
vt 0.480072 0.466047
vt 0.466179 0.477139
vt 0.454352 0.486398
vt 0.443454 0.494757
vt 0.432778 0.502784
vt 0.465142 0.451190
vt 0.454608 0.465500
vt 0.445589 0.477505
vt 0.437233 0.488398
vt 0.429002 0.498913
vt 0.446879 0.440724
vt 0.440421 0.457266
vt 0.434826 0.471191
vt 0.429580 0.483871
vt 0.426543 0.435358
vt 0.424595 0.452994
vt 0.422801 0.467884
vt 0.421020 0.481483
vt 0.405531 0.435446
vt 0.408216 0.452970
vt 0.410338 0.467805
vt 0.412138 0.481394
vt 0.413758 0.494627
vt 0.385281 0.440967
vt 0.392403 0.457184
vt 0.398288 0.470955
vt 0.403543 0.483607
vt 0.408532 0.495964
vt 0.367168 0.451528
vt 0.378231 0.465338
vt 0.387472 0.477111
vt 0.395817 0.487968
vt 0.403834 0.498608
vt 0.352414 0.466394
vt 0.366659 0.476870
vt 0.378621 0.485850
vt 0.389487 0.494177
vt 0.399985 0.502379
vt 0.342007 0.484549
vt 0.358462 0.490990
vt 0.372333 0.496573
vt 0.384979 0.501809
vt 0.397244 0.507017
vt 0.336636 0.504760
vt 0.354190 0.506738
vt 0.369028 0.508552
vt 0.382597 0.510343
vt 0.395797 0.512205
vt 0.336655 0.525666
vt 0.354123 0.523052
vt 0.368925 0.520975
vt 0.382498 0.519202
vt 0.395738 0.517591
vt 0.342060 0.545861
vt 0.358265 0.538831
vt 0.372031 0.533004
vt 0.384685 0.527786
vt 0.397066 0.522810
vt 0.352490 0.563989
vt 0.366339 0.553012
vt 0.378138 0.543827
vt 0.389013 0.535516
vt 0.399694 0.527522
vt 0.013028 0.280501
vt 0.013732 0.297330
vt 0.010488 0.297465
vt 0.009786 0.280633
vt 0.016407 0.364772
vt 0.016925 0.381650
vt 0.013683 0.381726
vt 0.013158 0.364882
vt 0.013908 0.042631
vt 0.013755 0.059775
vt 0.010461 0.059735
vt 0.010602 0.042630
vt 0.012400 0.127795
vt 0.011997 0.144702
vt 0.008741 0.144623
vt 0.009139 0.127719
vt 0.011779 0.246816
vt 0.012358 0.263693
vt 0.009111 0.263815
vt 0.008508 0.246917
vt 0.015123 0.331029
vt 0.015788 0.347896
vt 0.012538 0.348019
vt 0.011875 0.331159
vt 0.012922 0.007768
vt 0.013796 0.025361
vt 0.010465 0.025463
vt 0.009530 0.008207
vt 0.013156 0.093875
vt 0.012789 0.110855
vt 0.009522 0.110782
vt 0.009881 0.093808
vt 0.014434 0.314174
vt 0.011188 0.314307
vt 0.017169 0.398511
vt 0.013955 0.398486
vt 0.013486 0.076850
vt 0.010202 0.076793
vt 0.011587 0.161581
vt 0.008328 0.161508
vt 0.011329 0.229783
vt 0.008037 0.229851
vt 0.016631 0.415641
vt 0.013394 0.415277
vt 0.011254 0.178510
vt 0.007979 0.178456
vt 0.403248 0.524901
vt 0.401176 0.521193
vt 0.405506 0.519432
vt 0.406952 0.522106
vt 0.422250 0.530307
vt 0.425950 0.528225
vt 0.403433 0.505111
vt 0.401284 0.508763
vt 0.432371 0.513248
vt 0.431314 0.509122
vt 0.406198 0.527938
vt 0.409817 0.530133
vt 0.414258 0.499003
vt 0.428978 0.525255
vt 0.400155 0.512849
vt 0.429227 0.505410
vt 0.413897 0.531277
vt 0.410149 0.500058
vt 0.431161 0.521612
vt 0.400117 0.517087
vt 0.426254 0.502366
vt 0.403248 0.524901
vt 0.418135 0.531362
vt 0.406457 0.502142
vt 0.432332 0.517513
vt 0.401176 0.521193
vt 0.657197 0.870105
vt 0.664875 0.868108
vt 0.665957 0.876332
vt 0.660367 0.877776
vt 0.409817 0.530133
vt 0.406198 0.527938
vt 0.409032 0.524304
vt 0.411611 0.525871
vt 0.410149 0.500058
vt 0.414258 0.499003
vt 0.414848 0.503590
vt 0.411907 0.504331
vt 0.432371 0.513248
vt 0.432332 0.517513
vt 0.427722 0.516892
vt 0.427768 0.513844
vt 0.413897 0.531277
vt 0.414517 0.526714
vt 0.406457 0.502142
vt 0.409263 0.505810
vt 0.431314 0.509122
vt 0.427023 0.510886
vt 0.418135 0.531362
vt 0.417547 0.526770
vt 0.403433 0.505111
vt 0.407095 0.507924
vt 0.429227 0.505410
vt 0.425540 0.508223
vt 0.422250 0.530307
vt 0.420489 0.526033
vt 0.401284 0.508763
vt 0.405555 0.510531
vt 0.426254 0.502366
vt 0.423420 0.506035
vt 0.425950 0.528225
vt 0.423141 0.524554
vt 0.400155 0.512849
vt 0.404747 0.513452
vt 0.422596 0.500197
vt 0.420809 0.504471
vt 0.428978 0.525255
vt 0.425321 0.522436
vt 0.400117 0.517087
vt 0.404729 0.516492
vt 0.418504 0.499051
vt 0.417885 0.503637
vt 0.431161 0.521612
vt 0.426885 0.519823
vt 0.682119 0.915960
vt 0.677095 0.918852
vt 0.672277 0.907114
vt 0.674436 0.905880
vt 0.698867 0.894391
vt 0.698867 0.902323
vt 0.690631 0.901293
vt 0.690650 0.895520
vt 0.649914 0.922573
vt 0.644269 0.916835
vt 0.650932 0.911732
vt 0.655021 0.915884
vt 0.650289 0.874017
vt 0.655334 0.880616
vt 0.696823 0.886732
vt 0.689179 0.889941
vt 0.656888 0.926594
vt 0.660053 0.918818
vt 0.644617 0.879584
vt 0.651203 0.884663
vt 0.692875 0.879862
vt 0.686320 0.884932
vt 0.664644 0.928651
vt 0.665672 0.920339
vt 0.640570 0.886436
vt 0.648254 0.889645
vt 0.687291 0.874242
vt 0.682265 0.880830
vt 0.672648 0.928625
vt 0.671485 0.920348
vt 0.687245 0.922525
vt 0.680355 0.926532
vt 0.638426 0.894112
vt 0.646691 0.895227
vt 0.680447 0.870251
vt 0.677289 0.877914
vt 0.692858 0.916883
vt 0.686219 0.911872
vt 0.638340 0.902096
vt 0.646626 0.901032
vt 0.672803 0.868159
vt 0.671728 0.876379
vt 0.696819 0.909993
vt 0.689121 0.906870
vt 0.640327 0.909847
vt 0.648071 0.906663
vt 0.677492 0.894715
vt 0.678121 0.897113
vt 0.668723 0.897958
vt 0.668638 0.897965
vt 0.659913 0.894605
vt 0.659251 0.897002
vt 0.674521 0.890796
vt 0.672379 0.889542
vt 0.669872 0.907747
vt 0.676202 0.904131
vt 0.659232 0.899489
vt 0.669986 0.888884
vt 0.677454 0.901987
vt 0.659859 0.901897
vt 0.667505 0.888867
vt 0.678109 0.899593
vt 0.661088 0.904059
vt 0.665102 0.889492
vt 0.662836 0.905828
vt 0.662943 0.890718
vt 0.664984 0.907082
vt 0.661173 0.892461
vt 0.676264 0.892560
vt 0.667384 0.907737
vt 0.669023 0.898303
vt 0.669019 0.898216
vt 0.668910 0.898531
vt 0.668966 0.898466
vt 0.668403 0.898430
vt 0.668450 0.898502
vt 0.668557 0.897992
vt 0.669004 0.898388
vt 0.668514 0.898558
vt 0.668486 0.898040
vt 0.668590 0.898596
vt 0.668429 0.898104
vt 0.668905 0.898095
vt 0.668930 0.898161
vt 0.668947 0.898227
vt 0.668950 0.898296
vt 0.668935 0.898363
vt 0.668905 0.898424
vt 0.668862 0.898476
vt 0.668809 0.898513
vt 0.668745 0.898535
vt 0.668679 0.898539
vt 0.668614 0.898526
vt 0.668555 0.898496
vt 0.668506 0.898453
vt 0.668469 0.898397
vt 0.668449 0.898334
vt 0.668445 0.898268
vt 0.668459 0.898203
vt 0.668490 0.898144
vt 0.668534 0.898094
vt 0.668590 0.898057
vt 0.668653 0.898036
vt 0.668720 0.898030
vt 0.668786 0.898040
vt 0.668847 0.898065
vt 0.668674 0.898613
vt 0.668390 0.898180
vt 0.668994 0.898133
vt 0.668950 0.898060
vt 0.668884 0.898006
vt 0.668759 0.898607
vt 0.668372 0.898264
vt 0.668807 0.897972
vt 0.668840 0.898579
vt 0.668377 0.898349
vt 0.668961 0.898147
vt 0.668983 0.898222
vt 0.668983 0.898222
vt 0.668961 0.898147
vt 0.668926 0.898079
vt 0.668926 0.898079
vt 0.668866 0.898036
vt 0.668866 0.898036
vt 0.668796 0.898006
vt 0.668796 0.898006
vt 0.668722 0.897995
vt 0.668722 0.897995
vt 0.668646 0.898001
vt 0.668646 0.898001
vt 0.668574 0.898026
vt 0.668574 0.898026
vt 0.668511 0.898068
vt 0.668511 0.898068
vt 0.668460 0.898124
vt 0.668460 0.898124
vt 0.668426 0.898192
vt 0.668426 0.898192
vt 0.668410 0.898265
vt 0.668410 0.898265
vt 0.668414 0.898341
vt 0.668414 0.898341
vt 0.668437 0.898413
vt 0.668437 0.898413
vt 0.668478 0.898476
vt 0.668478 0.898476
vt 0.668535 0.898527
vt 0.668535 0.898527
vt 0.668602 0.898560
vt 0.668602 0.898560
vt 0.668676 0.898575
vt 0.668676 0.898575
vt 0.668752 0.898570
vt 0.668752 0.898570
vt 0.668823 0.898545
vt 0.668823 0.898545
vt 0.668886 0.898503
vt 0.668886 0.898503
vt 0.668935 0.898445
vt 0.668935 0.898445
vt 0.668969 0.898375
vt 0.668969 0.898375
vt 0.668986 0.898300
vt 0.668986 0.898300
vt 0.146203 0.027080
vt 0.013796 0.025361
vt 0.012922 0.007768
vt 0.146999 0.008893
vt 0.141249 0.114574
vt 0.012789 0.110855
vt 0.013156 0.093875
vt 0.142177 0.097430
vt 0.142200 0.308961
vt 0.014434 0.314174
vt 0.013732 0.297330
vt 0.141267 0.292011
vt 0.147663 0.395090
vt 0.017169 0.398511
vt 0.016925 0.381650
vt 0.146552 0.377550
vt 0.627214 0.670632
vt 0.143171 0.080146
vt 0.013486 0.076850
vt 0.013755 0.059775
vt 0.144205 0.062683
vt 0.139268 0.157707
vt 0.011587 0.161581
vt 0.011997 0.144702
vt 0.139630 0.148582
vt 0.140403 0.275063
vt 0.013028 0.280501
vt 0.012358 0.263693
vt 0.139967 0.265938
vt 0.145414 0.360205
vt 0.016407 0.364772
vt 0.015788 0.347896
vt 0.144290 0.343018
vt 0.145237 0.045005
vt 0.013908 0.042631
vt 0.140399 0.131614
vt 0.012400 0.127795
vt 0.654122 0.651617
vt 0.684998 0.674923
vt 0.143211 0.325950
vt 0.015123 0.331029
vt 0.148646 0.412678
vt 0.016631 0.415641
vt 0.584328 0.646367
vt 0.592863 0.659177
vt 0.571689 0.685203
vt 0.554798 0.661488
vt 0.592414 0.704399
vt 0.604100 0.667529
vt 0.615892 0.671167
vt 0.620121 0.715323
vt 0.658399 0.638283
vt 0.657878 0.622964
vt 0.690747 0.618160
vt 0.690747 0.647234
vt 0.231826 0.212523
vt 0.231951 0.227126
vt 0.222272 0.227202
vt 0.224282 0.212632
vt 0.231547 0.197804
vt 0.570297 0.556954
vt 0.591179 0.593945
vt 0.583675 0.603726
vt 0.554358 0.580996
vt 0.231451 0.182932
vt 0.548463 0.608918
vt 0.579378 0.617030
vt 0.579793 0.632537
vt 0.547849 0.635875
vt 0.231721 0.167845
vt 0.202334 0.162548
vt 0.202755 0.151181
vt 0.232418 0.152560
vt 0.203642 0.134999
vt 0.233541 0.137105
vt 0.204848 0.118700
vt 0.235037 0.121468
vt 0.206347 0.102242
vt 0.236900 0.105634
vt 0.208124 0.085576
vt 0.239128 0.089577
vt 0.210172 0.068647
vt 0.241730 0.073259
vt 0.212486 0.051395
vt 0.244725 0.056638
vt 0.215072 0.033743
vt 0.248146 0.039665
vt 0.217938 0.015609
vt 0.252048 0.022291
vt 0.217336 0.406271
vt 0.214760 0.388587
vt 0.247196 0.383188
vt 0.250748 0.400327
vt 0.212388 0.371311
vt 0.244061 0.366456
vt 0.210236 0.354375
vt 0.241300 0.350067
vt 0.208321 0.337716
vt 0.238893 0.333965
vt 0.206660 0.321280
vt 0.236835 0.318107
vt 0.205272 0.305023
vt 0.235130 0.302459
vt 0.204192 0.288910
vt 0.233789 0.287002
vt 0.203474 0.272931
vt 0.232831 0.271725
vt 0.203208 0.261757
vt 0.232243 0.256657
vt 0.681592 0.593226
vt 0.653657 0.609032
vt 0.644916 0.596134
vt 0.665404 0.571596
vt 0.232004 0.241794
vt 0.592176 0.543929
vt 0.610571 0.584750
vt 0.600756 0.587832
vt 0.633672 0.587818
vt 0.644404 0.552308
vt 0.011329 0.229783
vt 0.011076 0.212679
vt 0.098496 0.212054
vt 0.101851 0.227793
vt 0.189830 0.259554
vt 0.212791 0.241858
vt 0.172751 0.260398
vt 0.172934 0.266445
vt 0.138995 0.260519
vt 0.155586 0.261273
vt 0.011063 0.195565
vt 0.011254 0.178510
vt 0.113147 0.180620
vt 0.101375 0.196294
vt 0.221639 0.197925
vt 0.211688 0.182935
vt 0.621882 0.584208
vt 0.617539 0.541945
vt 0.138297 0.163181
vt 0.171843 0.163011
vt 0.172051 0.157188
vt 0.190411 0.168004
vt 0.638504 0.651008
vt 0.640338 0.653558
vt 0.632943 0.658147
vt 0.631720 0.655169
vt 0.642236 0.656115
vt 0.634208 0.661165
vt 0.644295 0.658720
vt 0.635556 0.664277
vt 0.642919 0.644405
vt 0.645417 0.646188
vt 0.648032 0.647980
vt 0.650899 0.649793
vt 0.645077 0.635698
vt 0.647982 0.636356
vt 0.651091 0.637019
vt 0.654544 0.637673
vt 0.644156 0.625096
vt 0.647069 0.624651
vt 0.650266 0.624159
vt 0.653871 0.623597
vt 0.613298 0.597922
vt 0.612584 0.594762
vt 0.621301 0.594269
vt 0.621278 0.597432
vt 0.611886 0.591552
vt 0.621372 0.591073
vt 0.611212 0.588233
vt 0.621546 0.587755
vt 0.629754 0.597324
vt 0.628764 0.600243
vt 0.630837 0.594334
vt 0.632113 0.591183
vt 0.637586 0.603814
vt 0.635612 0.606044
vt 0.639725 0.601457
vt 0.642147 0.598900
vt 0.643637 0.613897
vt 0.640995 0.615205
vt 0.646557 0.612461
vt 0.649890 0.610842
vt 0.593612 0.630287
vt 0.590694 0.630749
vt 0.589796 0.619011
vt 0.592703 0.619678
vt 0.587484 0.631262
vt 0.586685 0.618337
vt 0.583852 0.631855
vt 0.583231 0.617666
vt 0.592374 0.609176
vt 0.594872 0.610965
vt 0.589760 0.607378
vt 0.586895 0.605557
vt 0.597458 0.601810
vt 0.599290 0.604361
vt 0.595562 0.599253
vt 0.593506 0.596647
vt 0.604849 0.597226
vt 0.606071 0.600202
vt 0.603586 0.594210
vt 0.602240 0.591101
vt 0.624488 0.657451
vt 0.625203 0.660613
vt 0.616483 0.661105
vt 0.616508 0.657943
vt 0.625901 0.663825
vt 0.616409 0.664300
vt 0.626574 0.667146
vt 0.616233 0.667619
vt 0.608036 0.658042
vt 0.609031 0.655130
vt 0.606948 0.661026
vt 0.605666 0.664171
vt 0.600223 0.651546
vt 0.602200 0.649326
vt 0.598079 0.653893
vt 0.595648 0.656434
vt 0.594206 0.641483
vt 0.596834 0.640164
vt 0.591310 0.642929
vt 0.588020 0.644555
vt 0.352027 0.643867
vt 0.344908 0.659484
vt 0.341745 0.658342
vt 0.350513 0.640193
vt 0.350513 0.640193
vt 0.341745 0.658342
vt 0.338944 0.659026
vt 0.350200 0.635873
vt 0.350200 0.635873
vt 0.338944 0.659026
vt 0.334452 0.658531
vt 0.350037 0.631150
vt 0.385107 0.753780
vt 0.367793 0.750906
vt 0.367776 0.746177
vt 0.384958 0.749145
vt 0.367486 0.741800
vt 0.384827 0.744832
vt 0.384827 0.744832
vt 0.367486 0.741800
vt 0.367647 0.737674
vt 0.384711 0.740851
vt 0.431297 0.657742
vt 0.433414 0.675170
vt 0.429997 0.675412
vt 0.426800 0.658266
vt 0.426800 0.658266
vt 0.429997 0.675412
vt 0.427486 0.675725
vt 0.423987 0.657592
vt 0.423987 0.657592
vt 0.427486 0.675725
vt 0.423949 0.676273
vt 0.420826 0.658745
vt 0.332716 0.693893
vt 0.332480 0.675809
vt 0.335873 0.676013
vt 0.336034 0.693837
vt 0.336034 0.693837
vt 0.335873 0.676013
vt 0.338364 0.676296
vt 0.338509 0.693647
vt 0.338509 0.693647
vt 0.338364 0.676296
vt 0.341873 0.676798
vt 0.341914 0.693117
vt 0.401566 0.736677
vt 0.401917 0.740783
vt 0.401917 0.740783
vt 0.401843 0.745123
vt 0.402081 0.749795
vt 0.433414 0.693340
vt 0.430107 0.693353
vt 0.430107 0.693353
vt 0.427636 0.693216
vt 0.427636 0.693216
vt 0.424231 0.692781
vt 0.413688 0.643355
vt 0.399687 0.630984
vt 0.399948 0.626932
vt 0.415145 0.639715
vt 0.415145 0.639715
vt 0.399948 0.626932
vt 0.399784 0.622608
vt 0.415409 0.635443
vt 0.415409 0.635443
vt 0.399880 0.617994
vt 0.415515 0.630763
vt 0.345349 0.709839
vt 0.353255 0.725559
vt 0.351875 0.729323
vt 0.342182 0.711028
vt 0.342182 0.711028
vt 0.351875 0.729323
vt 0.351746 0.733691
vt 0.339392 0.710518
vt 0.339392 0.710518
vt 0.351746 0.733691
vt 0.351741 0.738484
vt 0.334167 0.711985
vt 0.415107 0.724539
vt 0.421410 0.709551
vt 0.424496 0.710510
vt 0.416577 0.728026
vt 0.416577 0.728026
vt 0.424496 0.710510
vt 0.427146 0.709900
vt 0.416921 0.732200
vt 0.416921 0.732200
vt 0.427146 0.709900
vt 0.428827 0.713424
vt 0.417191 0.736789
vt 0.365645 0.618068
vt 0.382780 0.614646
vt 0.382790 0.619206
vt 0.365787 0.622704
vt 0.382803 0.623501
vt 0.365677 0.627042
vt 0.365677 0.627042
vt 0.382803 0.623501
vt 0.382815 0.627445
vt 0.365997 0.631096
vt 0.113779 0.243392
vt 0.011779 0.246816
vt 0.173160 0.273559
vt 0.173911 0.290344
vt 0.174879 0.307047
vt 0.176042 0.323785
vt 0.177376 0.340635
vt 0.178855 0.357654
vt 0.180449 0.374900
vt 0.182120 0.392431
vt 0.183807 0.410294
vt 0.181581 0.029597
vt 0.183393 0.011042
vt 0.179842 0.047610
vt 0.178204 0.065225
vt 0.176694 0.082536
vt 0.175334 0.099613
vt 0.174145 0.116519
vt 0.173143 0.133318
vt 0.172344 0.150086
vt 0.154942 0.162270
vn 0.0000 -0.1581 -0.9874
vn 0.1125 -0.2203 -0.9689
vn 0.4322 -0.1978 -0.8798
vn 0.3596 -0.1548 -0.9202
vn 0.2575 0.8813 -0.3963
vn 0.4974 0.7869 -0.3652
vn 0.4949 0.7694 -0.4038
vn 0.2561 0.8633 -0.4347
vn 0.7035 0.6367 -0.3158
vn 0.6998 0.6200 -0.3546
vn 0.8616 0.4410 -0.2514
vn 0.8571 0.4253 -0.2905
vn 0.9610 0.2130 -0.1763
vn 0.9560 0.1986 -0.2159
vn 0.9949 -0.0315 -0.0958
vn 0.9897 -0.0447 -0.1358
vn 0.9610 -0.2761 -0.0153
vn 0.9560 -0.2880 -0.0557
vn 0.8616 -0.5040 0.0597
vn 0.8571 -0.5147 0.0189
vn 0.7035 -0.6998 0.1241
vn 0.6998 -0.7094 0.0830
vn 0.4974 -0.8499 0.1736
vn 0.4949 -0.8589 0.1322
vn 0.2575 -0.9443 0.2047
vn 0.2561 -0.9528 0.1631
vn 0.0000 -0.9765 0.2152
vn 0.0000 -0.9848 0.1737
vn -0.2575 -0.9443 0.2047
vn -0.2561 -0.9528 0.1631
vn -0.4974 -0.8499 0.1736
vn -0.4949 -0.8589 0.1322
vn -0.7035 -0.6998 0.1241
vn -0.6998 -0.7094 0.0830
vn -0.8616 -0.5040 0.0597
vn -0.8571 -0.5147 0.0189
vn -0.9610 -0.2761 -0.0153
vn -0.9560 -0.2880 -0.0557
vn -0.9949 -0.0315 -0.0958
vn -0.9897 -0.0447 -0.1358
vn -0.9610 0.2130 -0.1763
vn -0.9560 0.1986 -0.2159
vn -0.8616 0.4410 -0.2514
vn -0.8571 0.4253 -0.2905
vn -0.7035 0.6367 -0.3158
vn -0.6998 0.6200 -0.3546
vn -0.4974 0.7869 -0.3652
vn -0.4949 0.7694 -0.4038
vn 0.5651 0.3489 -0.7476
vn 0.3996 0.4696 -0.7873
vn -0.2575 0.8813 -0.3963
vn -0.2561 0.8633 -0.4347
vn 0.0000 0.9134 -0.4069
vn 0.0000 0.8954 -0.4452
vn -0.6959 -0.7164 0.0495
vn -0.8524 -0.5228 -0.0142
vn -0.8475 -0.5291 -0.0423
vn -0.6920 -0.7216 0.0210
vn 0.2504 -0.9667 0.0525
vn 0.0000 -0.9980 0.0628
vn 0.0000 -0.9995 0.0314
vn 0.2482 -0.9684 0.0212
vn -0.8524 0.4121 -0.3220
vn -0.6959 0.6057 -0.3857
vn -0.6920 0.5930 -0.4117
vn -0.8475 0.4005 -0.3483
vn 0.6959 0.6057 -0.3857
vn 0.8524 0.4121 -0.3220
vn 0.8475 0.4005 -0.3483
vn 0.6920 0.5930 -0.4117
vn 0.8524 -0.5228 -0.0142
vn 0.6959 -0.7164 0.0495
vn 0.6920 -0.7216 0.0210
vn 0.8475 -0.5291 -0.0423
vn -0.2547 -0.9583 0.1291
vn -0.4921 -0.8650 0.0984
vn -0.4893 -0.8693 0.0696
vn -0.2533 -0.9622 0.1002
vn -0.9842 -0.0553 -0.1681
vn -0.9507 0.1866 -0.2477
vn -0.9453 0.1763 -0.2745
vn -0.9786 -0.0643 -0.1953
vn -0.2547 0.8477 -0.4653
vn 0.0000 0.8795 -0.4758
vn 0.0000 0.8652 -0.5013
vn -0.2533 0.8336 -0.4909
vn 0.2547 0.8477 -0.4653
vn 0.4921 0.7543 -0.4346
vn 0.4893 0.7407 -0.4603
vn 0.2533 0.8336 -0.4909
vn 0.9842 -0.0553 -0.1681
vn 0.9507 -0.2973 -0.0884
vn 0.9453 -0.3049 -0.1161
vn 0.9786 -0.0643 -0.1953
vn 0.2547 -0.9583 0.1291
vn 0.0000 -0.9902 0.1396
vn 0.0000 -0.9938 0.1107
vn 0.2533 -0.9622 0.1002
vn -0.9507 -0.2973 -0.0884
vn -0.9453 -0.3049 -0.1161
vn -0.4921 0.7543 -0.4346
vn -0.4893 0.7407 -0.4603
vn 0.9507 0.1866 -0.2477
vn 0.9453 0.1763 -0.2745
vn 0.4921 -0.8649 0.0984
vn 0.4893 -0.8693 0.0696
vn 0.0000 -0.3127 -0.9499
vn 0.8380 0.3806 -0.3910
vn 0.9347 0.1590 -0.3180
vn 0.9265 0.1474 -0.3461
vn 0.8307 0.3672 -0.4184
vn -0.9347 0.1590 -0.3180
vn -0.8380 0.3806 -0.3910
vn -0.8307 0.3672 -0.4184
vn -0.9265 0.1474 -0.3461
vn -0.2504 -0.9667 0.0525
vn -0.2482 -0.9684 0.0212
vn 0.9676 -0.0789 -0.2397
vn 0.9592 -0.0884 -0.2685
vn -0.6842 0.5710 -0.4536
vn -0.6782 0.5559 -0.4806
vn -0.4838 -0.8749 0.0223
vn -0.4796 -0.8774 -0.0087
vn 0.9347 -0.3168 -0.1614
vn 0.9265 -0.3242 -0.1909
vn -0.4838 0.7171 -0.5017
vn -0.4796 0.7006 -0.5282
vn -0.6842 -0.7288 -0.0258
vn -0.6782 -0.7326 -0.0564
vn 0.8380 -0.5384 -0.0884
vn 0.8307 -0.5439 -0.1185
vn -0.2504 0.8089 -0.5319
vn -0.2482 0.7917 -0.5582
vn 0.0000 0.8402 -0.5423
vn 0.2504 0.8089 -0.5319
vn 0.2482 0.7917 -0.5582
vn 0.0000 0.8227 -0.5684
vn -0.8380 -0.5384 -0.0884
vn -0.8307 -0.5439 -0.1185
vn 0.6842 -0.7288 -0.0258
vn 0.6782 -0.7326 -0.0564
vn 0.4838 0.7171 -0.5017
vn 0.4796 0.7006 -0.5282
vn -0.9347 -0.3168 -0.1614
vn -0.9265 -0.3242 -0.1909
vn 0.4838 -0.8749 0.0223
vn 0.4796 -0.8774 -0.0087
vn 0.6842 0.5710 -0.4536
vn 0.6782 0.5559 -0.4806
vn -0.9676 -0.0789 -0.2397
vn -0.9592 -0.0884 -0.2685
vn 0.2069 0.5454 -0.8122
vn 0.0000 0.5712 -0.8207
vn -0.2069 0.5454 -0.8122
vn 0.6922 -0.5675 -0.4459
vn 0.7720 -0.3844 -0.5061
vn -0.2069 -0.9212 -0.3294
vn 0.0000 -0.9471 -0.3209
vn -0.7992 -0.1879 -0.5708
vn -0.7720 -0.3844 -0.5061
vn -0.3996 0.4696 -0.7873
vn 0.7992 -0.1879 -0.5708
vn 0.7720 0.0086 -0.6355
vn 0.2069 -0.9212 -0.3294
vn 0.3996 -0.8454 -0.3544
vn -0.6922 -0.5675 -0.4459
vn -0.5651 -0.7247 -0.3941
vn -0.5651 0.3489 -0.7476
vn -0.6922 0.1917 -0.6958
vn 0.6922 0.1917 -0.6958
vn 0.5651 -0.7247 -0.3941
vn -0.0526 0.2244 0.9731
vn -0.0272 0.2144 0.9763
vn 0.0000 0.3127 0.9499
vn -0.3996 -0.8454 -0.3544
vn -0.7720 0.0086 -0.6355
vn 0.2069 0.9212 0.3294
vn 0.0000 0.9471 0.3209
vn 0.2538 0.9611 -0.1093
vn 0.0000 0.9928 -0.1197
vn 0.0000 0.9974 0.0713
vn 0.2394 0.9675 0.0811
vn 0.0000 0.8960 0.4440
vn 0.1843 0.8730 0.4516
vn 0.0000 0.6614 0.7500
vn 0.1019 0.6487 0.7542
vn 0.0000 0.4109 0.9117
vn 0.0272 0.4075 0.9128
vn 0.4902 0.8680 -0.0786
vn 0.4626 0.8797 0.1100
vn 0.3561 0.8054 0.4738
vn 0.1968 0.6113 0.7665
vn 0.0526 0.3975 0.9161
vn 0.6933 0.7200 -0.0299
vn 0.6542 0.7400 0.1560
vn 0.5036 0.6979 0.5092
vn 0.2784 0.5519 0.7861
vn 0.0744 0.3816 0.9213
vn 0.8491 0.5271 0.0335
vn 0.8012 0.5581 0.2159
vn 0.6168 0.5577 0.5553
vn 0.3410 0.4744 0.8115
vn 0.0911 0.3609 0.9281
vn 0.9471 0.3025 0.1075
vn 0.8936 0.3461 0.2857
vn 0.6880 0.3946 0.6090
vn 0.3803 0.3842 0.8412
vn 0.1016 0.3368 0.9361
vn 0.9804 0.0615 0.1868
vn 0.9251 0.1187 0.3605
vn 0.7123 0.2195 0.6667
vn 0.3937 0.2874 0.8731
vn 0.1052 0.3109 0.9446
vn 0.9471 -0.1795 0.2662
vn 0.8936 -0.1087 0.4354
vn 0.6880 0.0443 0.7243
vn 0.3803 0.1906 0.9050
vn 0.1016 0.2851 0.9531
vn 0.8491 -0.4041 0.3401
vn 0.8012 -0.3207 0.5052
vn 0.6168 -0.1188 0.7780
vn 0.3410 0.1004 0.9347
vn 0.0911 0.2610 0.9610
vn 0.6933 -0.5970 0.4036
vn 0.6542 -0.5027 0.5651
vn 0.5036 -0.2589 0.8242
vn 0.2784 0.0229 0.9602
vn 0.0744 0.2403 0.9678
vn 0.4902 -0.7450 0.4523
vn 0.4626 -0.6423 0.6111
vn 0.3561 -0.3665 0.8596
vn 0.1968 -0.0365 0.9797
vn 0.0526 0.2244 0.9731
vn 0.2538 -0.8380 0.4830
vn 0.2394 -0.7301 0.6400
vn 0.1843 -0.4340 0.8818
vn 0.1019 -0.0738 0.9920
vn 0.0272 0.2144 0.9763
vn 0.0000 -0.8698 0.4934
vn 0.0000 -0.7601 0.6498
vn 0.0000 -0.4571 0.8894
vn 0.0000 -0.0866 0.9962
vn 0.0000 0.2110 0.9775
vn -0.2538 -0.8380 0.4830
vn -0.2394 -0.7301 0.6400
vn -0.1843 -0.4340 0.8818
vn -0.1019 -0.0738 0.9920
vn -0.4902 -0.7450 0.4523
vn -0.4626 -0.6423 0.6111
vn -0.3561 -0.3665 0.8596
vn -0.1968 -0.0365 0.9797
vn -0.6933 -0.5970 0.4036
vn -0.6542 -0.5027 0.5651
vn -0.5036 -0.2589 0.8242
vn -0.2784 0.0229 0.9602
vn -0.0744 0.2403 0.9678
vn -0.8491 -0.4041 0.3401
vn -0.8012 -0.3207 0.5052
vn -0.6168 -0.1188 0.7780
vn -0.3410 0.1004 0.9347
vn -0.0911 0.2610 0.9610
vn -0.9471 -0.1795 0.2662
vn -0.8936 -0.1087 0.4354
vn -0.6880 0.0443 0.7243
vn -0.3803 0.1906 0.9050
vn -0.1016 0.2851 0.9531
vn -0.9804 0.0615 0.1868
vn -0.9251 0.1187 0.3605
vn -0.7123 0.2195 0.6667
vn -0.3937 0.2874 0.8731
vn -0.1052 0.3109 0.9446
vn -0.9471 0.3025 0.1075
vn -0.8936 0.3461 0.2857
vn -0.6880 0.3946 0.6090
vn -0.3803 0.3842 0.8412
vn -0.1016 0.3368 0.9361
vn -0.8491 0.5271 0.0335
vn -0.8012 0.5581 0.2159
vn -0.6168 0.5577 0.5553
vn -0.3410 0.4744 0.8115
vn -0.0911 0.3609 0.9281
vn -0.6933 0.7200 -0.0299
vn -0.6542 0.7400 0.1560
vn -0.5036 0.6979 0.5092
vn -0.2784 0.5519 0.7861
vn -0.0744 0.3816 0.9213
vn -0.4902 0.8680 -0.0786
vn -0.4626 0.8797 0.1100
vn -0.3561 0.8054 0.4738
vn -0.1968 0.6113 0.7665
vn -0.0526 0.3975 0.9161
vn -0.2538 0.9611 -0.1093
vn -0.2394 0.9675 0.0811
vn -0.1843 0.8730 0.4516
vn -0.1019 0.6487 0.7542
vn -0.0272 0.4075 0.9128
vn -0.6922 0.5675 0.4459
vn -0.7720 0.3844 0.5061
vn -0.5651 -0.3489 0.7476
vn -0.3996 -0.4696 0.7873
vn 0.3996 -0.4696 0.7873
vn 0.5651 -0.3489 0.7476
vn 0.7720 0.3844 0.5061
vn 0.6922 0.5675 0.4459
vn -0.3996 0.8454 0.3544
vn -0.5651 0.7247 0.3941
vn -0.7720 -0.0086 0.6355
vn -0.6922 -0.1917 0.6958
vn 0.0000 -0.5712 0.8207
vn 0.2069 -0.5454 0.8122
vn 0.7720 -0.0085 0.6355
vn 0.7992 0.1879 0.5708
vn -0.7992 0.1879 0.5708
vn -0.2069 -0.5454 0.8122
vn 0.6922 -0.1917 0.6958
vn 0.5651 0.7247 0.3941
vn -0.2069 0.9212 0.3294
vn 0.3996 0.8454 0.3544
vn 0.2251 -0.6439 0.7312
vn 0.4349 -0.5613 0.7041
vn 0.0000 0.3127 0.9498
vn 0.0000 -0.8188 0.5741
vn 0.2477 -0.7878 0.5639
vn 0.2420 -0.7471 0.6190
vn 0.0000 -0.7774 0.6290
vn -0.2251 -0.6439 0.7312
vn 0.0000 -0.6720 0.7405
vn 0.7533 0.5673 0.3325
vn 0.6151 0.7385 0.2762
vn -0.6151 0.7385 0.2762
vn -0.7533 0.5673 0.3325
vn -0.4349 -0.5613 0.7041
vn 0.8402 0.3681 0.3981
vn -0.4349 0.8698 0.2329
vn -0.6151 -0.4300 0.6608
vn 0.8699 0.1542 0.4685
vn -0.2251 0.9523 0.2058
vn -0.7533 -0.2589 0.6045
vn 0.8402 -0.0596 0.5389
vn 0.0000 0.9805 0.1965
vn -0.8402 -0.0596 0.5389
vn 0.7533 -0.2589 0.6045
vn 0.2251 0.9523 0.2058
vn -0.8699 0.1542 0.4685
vn 0.6151 -0.4300 0.6608
vn 0.4349 0.8698 0.2329
vn -0.8402 0.3681 0.3981
vn 0.2420 0.9687 0.0542
vn 0.0000 0.9990 0.0442
vn 0.0000 0.9953 -0.0963
vn 0.2525 0.9638 -0.0859
vn 0.9246 0.3258 0.1973
vn 0.8290 0.5451 0.1251
vn 0.8098 0.5549 0.1904
vn 0.9032 0.3407 0.2609
vn -0.8290 0.5451 0.1251
vn -0.9246 0.3258 0.1973
vn -0.9032 0.3407 0.2609
vn -0.8098 0.5549 0.1904
vn -0.2477 -0.7878 0.5639
vn -0.2420 -0.7471 0.6190
vn 0.9572 0.0904 0.2748
vn 0.9351 0.1108 0.3366
vn -0.6769 0.7334 0.0631
vn -0.6612 0.7389 0.1299
vn -0.4786 -0.6970 0.5340
vn -0.4675 -0.6584 0.5898
vn 0.9246 -0.1449 0.3522
vn 0.9032 -0.1191 0.4123
vn -0.4786 0.8779 0.0155
vn -0.4675 0.8800 0.0834
vn -0.6769 -0.5525 0.4864
vn -0.6612 -0.5172 0.5434
vn 0.8290 -0.3641 0.4244
vn 0.8098 -0.3333 0.4828
vn -0.2477 0.9687 -0.0143
vn -0.2420 0.9687 0.0542
vn 0.2477 0.9687 -0.0143
vn 0.0000 0.9997 -0.0245
vn -0.8290 -0.3641 0.4244
vn -0.8098 -0.3333 0.4828
vn 0.6769 -0.5525 0.4864
vn 0.6612 -0.5172 0.5434
vn 0.4786 0.8779 0.0155
vn 0.4675 0.8800 0.0834
vn -0.9246 -0.1449 0.3522
vn -0.9032 -0.1191 0.4123
vn 0.4786 -0.6970 0.5340
vn 0.4675 -0.6584 0.5898
vn 0.6769 0.7334 0.0631
vn 0.6612 0.7389 0.1299
vn -0.9572 0.0904 0.2748
vn -0.9351 0.1108 0.3366
vn 0.9755 0.0687 0.2087
vn 0.9423 0.3085 0.1298
vn 0.9477 0.3017 0.1044
vn 0.9811 0.0605 0.1838
vn -0.6898 -0.5865 0.4245
vn -0.8448 -0.3946 0.3613
vn 0.8448 -0.3946 0.3613
vn 0.6898 -0.5865 0.4245
vn -0.2525 0.9638 -0.0859
vn 0.4877 0.8712 -0.0554
vn -0.9423 -0.1711 0.2877
vn 0.4877 -0.7338 0.4729
vn 0.6898 0.7239 -0.0069
vn -0.9755 0.0687 0.2087
vn 0.2525 -0.8263 0.5034
vn 0.8448 0.5320 0.0562
vn -0.9423 0.3085 0.1298
vn 0.0000 -0.8579 0.5138
vn -0.8448 0.5320 0.0562
vn -0.2525 -0.8263 0.5034
vn -0.6898 0.7239 -0.0069
vn -0.4877 -0.7338 0.4729
vn 0.9423 -0.1711 0.2877
vn -0.4877 0.8712 -0.0554
vn -0.2539 0.9606 -0.1125
vn 0.0000 0.9924 -0.1230
vn -0.8496 0.5264 0.0304
vn -0.6937 0.7194 -0.0331
vn -0.2539 -0.8396 0.4801
vn -0.4905 -0.7465 0.4495
vn 0.9477 -0.1807 0.2632
vn -0.4905 0.8675 -0.0819
vn -0.6937 -0.5984 0.4007
vn 0.8496 -0.4054 0.3372
vn -0.8496 -0.4054 0.3372
vn 0.6937 -0.5984 0.4007
vn 0.1045 0.4777 0.8722
vn 0.0541 0.4975 0.8657
vn 0.0000 0.5043 0.8635
vn -0.0541 0.4975 0.8657
vn -0.1045 0.4777 0.8722
vn -0.1478 0.4462 0.8827
vn -0.1810 0.4050 0.8962
vn -0.2019 0.3572 0.9120
vn -0.2090 0.3058 0.9289
vn -0.2019 0.2544 0.9458
vn -0.1810 0.2065 0.9615
vn -0.1478 0.1653 0.9751
vn -0.1045 0.1338 0.9855
vn -0.0541 0.1140 0.9920
vn 0.0000 0.1072 0.9942
vn 0.0541 0.1140 0.9920
vn 0.1045 0.1338 0.9855
vn 0.1478 0.1653 0.9751
vn 0.1810 0.2065 0.9615
vn 0.2019 0.2544 0.9458
vn 0.2090 0.3058 0.9289
vn 0.2019 0.3572 0.9120
vn 0.1810 0.4050 0.8962
vn 0.1478 0.4462 0.8827
vn -0.9477 -0.1807 0.2632
vn 0.4905 -0.7465 0.4494
vn 0.2539 0.9606 -0.1125
vn 0.4905 0.8675 -0.0819
vn 0.6937 0.7194 -0.0331
vn -0.9811 0.0605 0.1838
vn 0.2539 -0.8396 0.4801
vn 0.8496 0.5264 0.0304
vn -0.9477 0.3017 0.1044
vn 0.0000 -0.8714 0.4906
vn 0.0983 0.6378 0.7639
vn 0.0000 0.6500 0.7598
vn 0.0000 0.9970 0.0776
vn 0.2388 0.9671 0.0875
vn 0.1899 0.6017 0.7758
vn 0.4613 0.8795 0.1163
vn 0.2686 0.5444 0.7946
vn 0.6524 0.7403 0.1621
vn 0.3290 0.4696 0.8192
vn 0.7991 0.5587 0.2219
vn 0.3669 0.3826 0.8479
vn 0.8913 0.3474 0.2915
vn 0.3799 0.2892 0.8786
vn 0.9227 0.1205 0.3662
vn 0.3669 0.1958 0.9094
vn 0.8913 -0.1063 0.4408
vn 0.3290 0.1088 0.9380
vn 0.7991 -0.3177 0.5104
vn 0.2686 0.0341 0.9626
vn 0.6525 -0.4992 0.5701
vn 0.1899 -0.0232 0.9815
vn 0.4613 -0.6385 0.6160
vn 0.0983 -0.0593 0.9934
vn 0.2388 -0.7260 0.6449
vn 0.0000 -0.0716 0.9974
vn 0.0000 -0.7559 0.6547
vn -0.0983 -0.0593 0.9934
vn -0.2388 -0.7260 0.6449
vn -0.1899 -0.0233 0.9815
vn -0.4613 -0.6385 0.6160
vn -0.2686 0.0341 0.9626
vn -0.6524 -0.4992 0.5701
vn -0.3290 0.1088 0.9380
vn -0.7991 -0.3177 0.5104
vn -0.3669 0.1958 0.9094
vn -0.8913 -0.1063 0.4408
vn -0.3799 0.2892 0.8786
vn -0.9227 0.1205 0.3661
vn -0.3669 0.3826 0.8479
vn -0.8913 0.3474 0.2915
vn -0.3290 0.4696 0.8192
vn -0.7991 0.5587 0.2219
vn -0.2686 0.5444 0.7946
vn -0.6524 0.7403 0.1621
vn -0.1899 0.6017 0.7758
vn -0.4613 0.8795 0.1163
vn -0.0983 0.6377 0.7639
vn -0.2388 0.9671 0.0875
vn 0.2588 -0.9175 0.3020
vn 0.0000 -0.9499 0.3127
vn 1.0000 0.0000 0.0000
vn 0.9659 -0.2458 0.0809
vn -1.0000 0.0000 0.0000
vn -0.9659 0.2458 -0.0809
vn -0.2588 -0.9175 0.3020
vn -0.5000 -0.8226 0.2708
vn -0.1125 -0.2203 -0.9689
vn 0.8660 -0.4749 0.1563
vn 0.7071 -0.6717 0.2211
vn 0.7829 0.5930 -0.1882
vn 0.7230 0.6559 -0.2166
vn 0.8703 0.4682 -0.1529
vn 0.8758 0.4589 -0.1495
vn -0.8660 0.4749 -0.1563
vn -0.7215 0.6571 -0.2181
vn -0.7889 0.5856 -0.1863
vn -0.7071 -0.6717 0.2211
vn -0.8660 -0.4749 0.1563
vn 0.5000 -0.8226 0.2708
vn 0.9659 0.2458 -0.0809
vn 0.7629 -0.1208 -0.6351
vn 0.7392 -0.1172 -0.6631
vn -0.9659 -0.2458 0.0809
vn -0.9937 0.0507 -0.0996
vn -0.9434 -0.0221 -0.3310
vn -0.9315 -0.0164 -0.3633
vn -0.9896 0.0853 -0.1161
vn -0.7392 -0.1172 -0.6631
vn -0.7629 -0.1208 -0.6351
vn -0.4322 -0.1978 -0.8798
vn -0.3596 -0.1548 -0.9202
vn 0.9434 -0.0221 -0.3310
vn 0.9937 0.0507 -0.0996
vn 0.9896 0.0853 -0.1161
vn 0.9315 -0.0164 -0.3633
vn 0.0000 0.9304 -0.3666
vn -0.2584 0.8980 -0.3560
vn -0.2267 0.9435 -0.2417
vn 0.0000 0.9698 -0.2439
vn 0.2584 0.8980 -0.3560
vn -0.3576 0.4222 0.8330
vn -0.4318 0.3630 0.8256
vn -0.7621 0.2792 0.5841
vn -0.7359 0.2986 0.6077
vn 0.5075 0.7976 -0.3260
vn -0.9318 0.1998 0.3030
vn -0.9430 0.1784 0.2810
vn -0.9937 0.1002 0.0508
vn -0.9892 0.1396 0.0449
vn 0.7103 0.6467 -0.2777
vn 0.7456 0.6179 -0.2494
vn 0.8722 0.4517 -0.1876
vn 0.8658 0.4537 -0.2111
vn 0.9654 0.2352 -0.1128
vn 0.9643 0.2275 -0.1352
vn 0.9994 -0.0105 -0.0319
vn 0.9984 -0.0179 -0.0544
vn 0.9654 -0.2562 0.0489
vn 0.9643 -0.2633 0.0263
vn 0.8655 -0.4852 0.1243
vn 0.8646 -0.4920 0.1016
vn 0.7067 -0.6818 0.1890
vn 0.7059 -0.6885 0.1663
vn 0.4997 -0.8326 0.2387
vn 0.4992 -0.8392 0.2159
vn 0.2586 -0.9275 0.2699
vn 0.2584 -0.9339 0.2471
vn 0.0000 -0.9598 0.2805
vn 0.0000 -0.9662 0.2577
vn -0.2586 -0.9275 0.2699
vn -0.2584 -0.9339 0.2471
vn -0.4997 -0.8326 0.2387
vn -0.4992 -0.8392 0.2159
vn -0.7067 -0.6818 0.1890
vn -0.7059 -0.6885 0.1663
vn -0.8655 -0.4852 0.1243
vn -0.8646 -0.4920 0.1016
vn -0.9654 -0.2562 0.0489
vn -0.9643 -0.2633 0.0263
vn -0.9994 -0.0105 -0.0319
vn -0.9984 -0.0179 -0.0544
vn -0.9654 0.2352 -0.1128
vn -0.9643 0.2275 -0.1352
vn -0.8655 0.4641 -0.1882
vn -0.8646 0.4562 -0.2105
vn -0.7385 0.6270 -0.2480
vn -0.7106 0.6470 -0.2763
vn 0.9892 0.1396 0.0449
vn 0.9937 0.1002 0.0508
vn 0.9430 0.1784 0.2810
vn 0.9318 0.1998 0.3030
vn -0.5094 0.7966 -0.3254
vn 0.0000 0.4601 0.8878
vn 0.1126 0.3982 0.9103
vn -0.1126 0.3982 0.9103
vn 0.7621 0.2792 0.5841
vn 0.7359 0.2986 0.6077
vn -0.2588 0.9175 -0.3020
vn 0.0000 0.9499 -0.3127
vn 0.0000 0.9124 -0.4094
vn -0.2261 0.8900 -0.3959
vn -0.7128 0.6647 -0.2236
vn -0.4512 0.8636 -0.2246
vn -0.8924 0.4231 -0.1569
vn -0.8426 0.5062 -0.1836
vn -0.6572 0.7130 -0.2444
vn -0.6940 0.6885 -0.2104
vn 0.2588 0.9175 -0.3020
vn 0.5162 0.8130 -0.2694
vn 0.4589 0.8124 -0.3596
vn 0.2261 0.8900 -0.3959
vn 0.2267 0.9435 -0.2417
vn 0.4390 0.8707 -0.2216
vn 0.4318 0.3630 0.8256
vn 0.3576 0.4222 0.8330
vn 0.6385 0.7278 -0.2500
vn 0.8165 0.5417 -0.1997
vn 0.8210 0.5364 -0.1955
vn 0.5658 0.7987 -0.2047
vn 0.0539 0.9122 -0.4062
vn 0.1898 0.7512 -0.6321
vn 0.0482 0.7503 -0.6594
vn 0.0130 0.9119 -0.4101
vn 0.3284 0.4509 -0.8299
vn 0.0862 0.4438 -0.8920
vn 0.4163 0.0901 -0.9047
vn 0.1112 0.0718 -0.9912
vn 0.0961 0.9196 -0.3809
vn 0.3393 0.7710 -0.5388
vn 0.5799 0.4819 -0.6569
vn 0.7234 0.1432 -0.6754
vn 0.1216 0.9299 -0.3470
vn 0.4307 0.8020 -0.4139
vn 0.7275 0.5315 -0.4339
vn 0.8939 0.2166 -0.3923
vn 0.1253 0.9393 -0.3194
vn 0.4551 0.8338 -0.3123
vn 0.7726 0.5809 -0.2561
vn 0.9442 0.2807 -0.1720
vn 0.0130 0.9772 -0.2117
vn 0.0482 0.9952 0.0847
vn 0.1898 0.9798 0.0622
vn 0.0539 0.9751 -0.2150
vn 0.0862 0.8868 0.4539
vn 0.3284 0.8557 0.3998
vn 0.1112 0.6466 0.7547
vn 0.4163 0.6099 0.6742
vn 0.3393 0.9403 -0.0245
vn 0.0961 0.9660 -0.2398
vn 0.5798 0.7779 0.2422
vn 0.7234 0.5164 0.4583
vn 0.4307 0.8910 -0.1434
vn 0.1216 0.9542 -0.2732
vn 0.7275 0.6853 0.0333
vn 0.8939 0.4073 0.1870
vn 0.4551 0.8563 -0.2440
vn 0.1253 0.9453 -0.3009
vn 0.7726 0.6194 -0.1390
vn 0.9442 0.3280 -0.0284
vn -0.1253 0.9453 -0.3009
vn -0.4551 0.8563 -0.2440
vn -0.4307 0.8910 -0.1434
vn -0.1216 0.9542 -0.2732
vn -0.7726 0.6194 -0.1390
vn -0.7275 0.6853 0.0333
vn -0.9442 0.3280 -0.0284
vn -0.8939 0.4073 0.1870
vn -0.3393 0.9403 -0.0245
vn -0.0961 0.9660 -0.2398
vn -0.5799 0.7779 0.2422
vn -0.7234 0.5164 0.4583
vn -0.1898 0.9798 0.0622
vn -0.0539 0.9751 -0.2150
vn -0.3284 0.8557 0.3998
vn -0.4163 0.6099 0.6742
vn -0.0482 0.9952 0.0847
vn -0.0130 0.9772 -0.2117
vn -0.0862 0.8868 0.4539
vn -0.1112 0.6466 0.7547
vn -0.0130 0.9119 -0.4101
vn -0.0482 0.7503 -0.6594
vn -0.1898 0.7512 -0.6321
vn -0.0539 0.9122 -0.4062
vn -0.0862 0.4438 -0.8920
vn -0.3284 0.4509 -0.8299
vn -0.1112 0.0718 -0.9912
vn -0.4163 0.0901 -0.9047
vn -0.3393 0.7710 -0.5388
vn -0.0961 0.9196 -0.3809
vn -0.5798 0.4819 -0.6569
vn -0.7234 0.1432 -0.6754
vn -0.4307 0.8020 -0.4139
vn -0.1216 0.9299 -0.3470
vn -0.7275 0.5315 -0.4339
vn -0.8939 0.2166 -0.3923
vn -0.4551 0.8338 -0.3123
vn -0.1253 0.9393 -0.3194
vn -0.7726 0.5809 -0.2561
vn -0.9442 0.2807 -0.1720
vn 0.9092 0.0826 -0.4080
vn 0.6123 -0.0206 -0.7903
vn 0.4260 0.4714 -0.7721
vn 0.5020 0.5719 -0.6487
vn 0.4736 0.6901 -0.5472
vn 0.2155 0.5029 -0.8370
vn -0.4623 0.7968 -0.3891
vn -0.5276 0.7923 -0.3064
vn -0.4630 0.8104 -0.3589
vn -0.0938 0.9911 0.0938
vn 0.0000 0.9947 0.1027
vn 0.0847 0.9253 0.3696
vn 0.0000 0.9276 0.3734
vn 0.0000 0.5812 0.8137
vn 0.2452 0.5597 0.7916
vn 0.6587 0.7188 -0.2223
vn 0.4576 0.8462 -0.2731
vn 0.5276 0.7923 -0.3064
vn -0.4736 0.6901 -0.5472
vn -0.4492 0.8171 -0.3613
vn -0.4495 0.8182 -0.3583
vn -0.5020 0.5719 -0.6487
vn -0.9092 0.0826 -0.4080
vn -0.9659 0.2010 -0.1627
vn -0.3947 0.8744 -0.2822
vn -0.4576 0.8462 -0.2731
vn -0.3949 0.8744 -0.2820
vn 0.4543 0.8664 -0.2070
vn 0.4492 0.8171 -0.3613
vn 0.4495 0.8182 -0.3583
vn 0.4542 0.8671 -0.2045
vn 0.9662 0.2572 0.0125
vn 0.9659 0.2010 -0.1627
vn -0.2452 0.5597 0.7916
vn -0.0847 0.9253 0.3696
vn 0.0938 0.9911 0.0938
vn 0.3147 0.9127 -0.2605
vn 0.3034 0.9176 -0.2567
vn -0.4543 0.8664 -0.2070
vn -0.4542 0.8671 -0.2045
vn -0.9662 0.2572 0.0125
vn -0.2472 -0.0217 -0.9687
vn -0.6123 -0.0206 -0.7903
vn -0.4260 0.4714 -0.7721
vn -0.0878 0.5095 -0.8559
vn 0.0913 0.7248 -0.6829
vn -0.2155 0.5029 -0.8370
vn 0.4623 0.7968 -0.3891
vn 0.6085 0.4534 0.6512
vn 0.9107 0.3061 0.2773
vn 0.5061 0.8473 0.1612
vn 0.4251 0.8424 0.3310
vn 0.2112 0.9086 0.3603
vn 0.4833 0.8754 0.0091
vn -0.4031 0.8892 -0.2165
vn -0.3657 0.9188 -0.1483
vn -0.9107 0.3061 0.2773
vn -0.6085 0.4534 0.6512
vn -0.4251 0.8424 0.3310
vn -0.5061 0.8473 0.1612
vn -0.4833 0.8754 0.0091
vn -0.2112 0.9086 0.3603
vn 0.2555 0.9617 -0.0988
vn 0.2323 0.9536 -0.1913
vn 0.0000 0.7223 -0.6915
vn -0.0913 0.7248 -0.6829
vn 0.0000 0.5090 -0.8607
vn 0.0878 0.5095 -0.8559
vn 0.2472 -0.0217 -0.9687
vn 0.0000 -0.0183 -0.9998
vn -0.5211 0.8101 -0.2684
vn -0.8659 0.4696 -0.1722
vn -0.9658 0.2405 -0.0969
vn -0.9998 -0.0052 -0.0159
vn -0.9658 -0.2510 0.0649
vn -0.8659 -0.4801 0.1404
vn -0.7070 -0.6768 0.2051
vn -0.4999 -0.8277 0.2548
vn -0.2588 -0.9226 0.2860
vn 0.0000 -0.9550 0.2967
vn 0.2588 -0.9226 0.2860
vn 0.4999 -0.8277 0.2548
vn 0.7070 -0.6768 0.2051
vn 0.8659 -0.4801 0.1404
vn 0.9658 -0.2510 0.0649
vn 0.9998 -0.0052 -0.0159
vn 0.9658 0.2405 -0.0969
vn 0.8789 0.4471 -0.1660
usemtl WoodToy3
s 1
f 5067/5061/2666 4462/5062/2667 4481/5063/2668 5062/5064/2669
f 4973/5065/2670 4975/5066/2671 4937/5067/2672 4938/5068/2673
f 4975/5066/2671 4978/5069/2674 4928/5070/2675 4937/5067/2672
f 4978/5069/2674 4981/5071/2676 4927/5072/2677 4928/5070/2675
f 4981/5071/2676 4984/5073/2678 4945/5074/2679 4927/5072/2677
f 4984/5073/2678 4987/5075/2680 4940/5076/2681 4945/5074/2679
f 4987/5075/2680 4990/5077/2682 4939/5078/2683 4940/5076/2681
f 4990/5077/2682 4993/5079/2684 4930/5080/2685 4939/5078/2683
f 4993/5079/2684 4996/5081/2686 4929/5082/2687 4930/5080/2685
f 4996/5081/2686 4999/5083/2688 4946/5084/2689 4929/5082/2687
f 4999/5083/2688 5002/5085/2690 4942/5086/2691 4946/5084/2689
f 5002/5085/2690 5005/5087/2692 4941/5088/2693 4942/5086/2691
f 5005/5089/2692 5008/5090/2694 4932/5091/2695 4941/5092/2693
f 5008/5090/2694 5011/5093/2696 4931/5094/2697 4932/5091/2695
f 5011/5093/2696 5014/5095/2698 4924/5096/2699 4931/5094/2697
f 5014/5095/2698 5017/5097/2700 4923/5098/2701 4924/5096/2699
f 5017/5097/2700 5020/5099/2702 4943/5100/2703 4923/5098/2701
f 5020/5099/2702 5023/5101/2704 4934/5102/2705 4943/5100/2703
f 5023/5101/2704 5026/5103/2706 4933/5104/2707 4934/5102/2705
f 5026/5103/2706 5029/5105/2708 4926/5106/2709 4933/5104/2707
f 5029/5105/2708 5032/5107/2710 4925/5108/2711 4926/5106/2709
f 5032/5107/2710 5034/5109/2712 4944/5110/2713 4925/5108/2711
f 5194/5111/2714 4606/5112/2715 4633/5113/2715 5229/5114/2714
f 5034/5109/2712 5036/5115/2716 4936/5116/2717 4944/5110/2713
f 5036/5115/2716 4971/5117/2718 4935/5118/2719 4936/5116/2717
f 5052/5119/2720 5038/5120/2721 4499/5121/2722 4497/5122/2723
f 4948/5123/2724 4947/5124/2725 5224/5125/2726 4537/5126/2727
f 5053/5127/2728 5039/5128/2729 4510/5129/2730 4508/5130/2731
f 5054/5131/2732 5040/5132/2733 4476/5133/2734 4474/5134/2735
f 5055/5135/2736 5041/5136/2737 4486/5137/2738 4484/5138/2739
f 5056/5139/2740 5042/5140/2741 4495/5141/2742 4493/5142/2743
f 5057/5143/2744 5043/5144/2745 4506/5145/2746 4504/5146/2747
f 5058/5147/2748 5044/5148/2749 4467/5149/2750 4514/5150/2751
f 5059/5151/2752 5045/5152/2753 4471/5153/2754 4469/5154/2755
f 5060/5155/2756 5046/5156/2757 4482/5157/2758 4480/5158/2759
f 5061/5159/2760 5047/5160/2761 4492/5161/2762 4490/5162/2763
f 5038/5120/2721 5048/5163/2764 4502/5164/2765 4499/5121/2722
f 5039/5128/2729 5049/5165/2766 4511/5166/2767 4510/5129/2730
f 5040/5132/2733 5050/5167/2768 4478/5168/2769 4476/5133/2734
f 5041/5136/2737 5051/5169/2770 4487/5170/2771 4486/5137/2738
f 5042/5140/2741 5052/5119/2720 4497/5122/2723 4495/5141/2742
f 5043/5144/2745 5053/5127/2728 4508/5130/2731 4506/5145/2746
f 5045/5152/2753 5054/5131/2732 4474/5134/2735 4471/5153/2754
f 5046/5156/2757 5055/5135/2736 4484/5138/2739 4482/5157/2758
f 5044/5148/2749 5059/5151/2752 4469/5154/2755 4467/5149/2750
f 5047/5171/2761 5056/5139/2740 4493/5142/2743 4492/5172/2762
f 5048/5163/2764 5057/5143/2744 4504/5146/2747 4502/5164/2765
f 5049/5165/2766 5058/5147/2748 4514/5150/2751 4511/5166/2767
f 5050/5167/2768 5060/5155/2756 4480/5158/2759 4478/5168/2769
f 5051/5169/2770 5061/5159/2760 4490/5162/2763 4487/5170/2771
f 5301/5173/2772 5331/5174/2772 4517/5175/2772 5181/5176/2772 4521/5177/2772 5221/5178/2772 5262/5179/2772 5273/5180/2772 5298/5181/2772 5316/5182/2772 4534/5183/2772 5183/5184/2772 5184/5185/2772 4539/5186/2772 4541/5187/2772 5222/5188/2772 5223/5189/2772 5327/5190/2772 4549/5191/2772 5185/5192/2772 4553/5193/2772 5225/5194/2772 4558/5195/2772 5285/5196/2772
f 4950/5197/2773 4949/5198/2774 4525/5199/2775 4524/5200/2776
f 4952/5201/2777 4951/5202/2778 4556/5203/2779 5186/5204/2780
f 4947/5205/2725 4953/5206/2781 5254/5207/2782 5224/5208/2726
f 4949/5198/2774 4954/5209/2783 4527/5210/2784 4525/5199/2775
f 4951/5202/2778 4955/5211/2785 5266/5212/2786 4556/5203/2779
f 4953/5206/2781 4956/5213/2787 4544/5214/2788 5254/5207/2782
f 4954/5209/2783 4957/5215/2789 4530/5216/2790 4527/5210/2784
f 4955/5211/2785 4958/5217/2791 4559/5218/2792 5266/5212/2786
f 4956/5213/2787 4959/5219/2793 4546/5220/2794 4544/5214/2788
f 4957/5215/2789 4960/5221/2795 4532/5222/2796 4530/5216/2790
f 4958/5217/2791 4961/5223/2797 4562/5224/2798 4559/5218/2792
f 4963/5225/2799 4962/5226/2800 5332/5227/2801 4516/5228/2802
f 4959/5219/2793 4964/5229/2803 4548/5230/2804 4546/5220/2794
f 4960/5221/2795 4965/5231/2805 5333/5232/2806 4532/5222/2796
f 4961/5223/2797 4963/5225/2799 4516/5228/2802 4562/5224/2798
f 4962/5226/2800 4966/5233/2807 4519/5234/2808 5332/5227/2801
f 4964/5229/2803 4967/5235/2809 5334/5236/2810 4548/5230/2804
f 4965/5231/2805 4968/5237/2811 4535/5238/2812 5333/5232/2806
f 4966/5233/2807 4969/5239/2813 5182/5240/2814 4519/5234/2808
f 4967/5235/2809 4970/5241/2815 4551/5242/2816 5334/5236/2810
f 4968/5237/2811 4948/5123/2724 4537/5126/2727 4535/5238/2812
f 4969/5239/2813 4950/5197/2773 4524/5200/2776 5182/5240/2814
f 4970/5241/2815 4952/5201/2777 5186/5204/2780 4551/5242/2816
f 4606/5112/2715 4609/5243/2817 5338/5244/2817 4633/5113/2715
f 4607/5245/2818 5268/5246/2819 5218/5247/2819 4621/5248/2818
f 5277/5249/2820 4593/5250/2821 5244/5251/2821 5245/5252/2820
f 5330/5253/2822 5189/5254/2823 4696/5255/2823 5173/5256/2822
f 4571/5257/2824 4573/5258/2825 5248/5259/2825 5313/5260/2824
f 5268/5246/2819 4563/5261/2826 4746/5262/2826 5218/5247/2819
f 4596/5263/2827 4598/5264/2828 5281/5265/2828 4666/5266/2827
f 5190/5267/2829 5226/5268/2830 5231/5269/2830 5291/5270/2829
f 4575/5271/2831 5302/5272/2832 4711/5273/2832 5203/5274/2831
f 4565/5275/2833 5187/5276/2834 5260/5277/2834 5293/5278/2833
f 5193/5279/2835 5194/5111/2714 5229/5114/2714 5280/5280/2835
f 5256/5281/2836 5277/5249/2820 5245/5252/2820 4681/5282/2836
f 4705/5283/2837 4700/5284/2838 5294/5285/2839 5295/5286/2839
f 5317/5287/2840 5330/5253/2822 5173/5256/2822 5282/5288/2840
f 5188/5289/2841 4571/5257/2824 5313/5260/2824 5259/5290/2841
f 5178/5291/2842 5176/5292/2843 5269/5293/2843 5288/5294/2842
f 4593/5250/2821 4596/5263/2827 4666/5266/2827 5244/5251/2821
f 5189/5254/2823 5190/5267/2829 5291/5270/2829 4696/5255/2823
f 4573/5258/2825 4575/5271/2831 5203/5274/2831 5248/5259/2825
f 4563/5261/2826 4565/5275/2833 5293/5278/2833 4746/5262/2826
f 4598/5264/2828 5193/5279/2835 5280/5280/2835 5281/5265/2828
f 5226/5268/2830 5256/5281/2836 4681/5282/2836 5231/5269/2830
f 5302/5272/2832 5317/5287/2840 5282/5288/2840 4711/5273/2832
f 5187/5276/2834 5188/5289/2841 5259/5290/2841 5260/5277/2834
f 4613/5295/2844 5283/5296/2845 4626/5297/2846 4619/5298/2847
f 4619/5298/2847 4626/5297/2846 4627/5299/2848 4617/5300/2849
f 4617/5300/2849 4627/5299/2848 4630/5301/2850 4615/5302/2851
f 4615/5302/2851 4630/5301/2850 4624/5303/2852 4611/5304/2853
f 5228/5305/2854 4613/5295/2844 4619/5298/2847 4640/5306/2855
f 4640/5306/2855 4619/5298/2847 4617/5300/2849 4638/5307/2856
f 4638/5307/2856 4617/5300/2849 4615/5302/2851 4636/5308/2857
f 4636/5308/2857 4615/5302/2851 4611/5304/2853 4632/5309/2858
f 4643/5310/2859 5228/5305/2854 4640/5306/2855 4650/5311/2860
f 4650/5311/2860 4640/5306/2855 4638/5307/2856 4648/5312/2861
f 4648/5312/2861 4638/5307/2856 4636/5308/2857 4646/5313/2862
f 4646/5313/2862 4636/5308/2857 4632/5309/2858 4642/5314/2863
f 4653/5315/2864 4643/5310/2859 4650/5311/2860 4659/5316/2865
f 4659/5316/2865 4650/5311/2860 4648/5312/2861 4658/5317/2866
f 4658/5317/2866 4648/5312/2861 4646/5313/2862 4656/5318/2867
f 4656/5318/2867 4646/5313/2862 4642/5314/2863 4652/5319/2868
f 4661/5320/2869 4653/5315/2864 4659/5316/2865 4664/5321/2870
f 4664/5321/2870 4659/5316/2865 4658/5317/2866 4663/5322/2871
f 4663/5322/2871 4658/5317/2866 4656/5318/2867 4662/5323/2872
f 4662/5323/2872 4656/5318/2867 4652/5319/2868 4660/5324/2873
f 5243/5325/2874 4661/5320/2869 4664/5321/2870 4669/5326/2875
f 4669/5326/2875 4664/5321/2870 4663/5322/2871 4668/5327/2876
f 4668/5327/2876 4663/5322/2871 4662/5323/2872 4667/5328/2877
f 4667/5328/2877 4662/5323/2872 4660/5324/2873 4665/5329/2878
f 4671/5330/2879 5243/5325/2874 4669/5326/2875 4674/5331/2880
f 4674/5331/2880 4669/5326/2875 4668/5327/2876 4673/5332/2881
f 4673/5332/2881 4668/5327/2876 4667/5328/2877 4672/5333/2882
f 4672/5333/2882 4667/5328/2877 4665/5329/2878 4670/5334/2883
f 4676/5335/2884 4671/5330/2879 4674/5331/2880 4679/5336/2885
f 4679/5336/2885 4674/5331/2880 4673/5332/2881 4678/5337/2886
f 4678/5337/2886 4673/5332/2881 4672/5333/2882 4677/5338/2887
f 4677/5338/2887 4672/5333/2882 4670/5334/2883 4675/5339/2888
f 5230/5340/2889 4676/5335/2884 4679/5336/2885 4684/5341/2890
f 4684/5341/2890 4679/5336/2885 4678/5337/2886 4683/5342/2891
f 4683/5342/2891 4678/5337/2886 4677/5338/2887 4682/5343/2892
f 4682/5343/2892 4677/5338/2887 4675/5339/2888 4680/5344/2893
f 4686/5345/2894 5230/5340/2889 4684/5341/2890 4689/5346/2895
f 4689/5346/2895 4684/5341/2890 4683/5342/2891 4688/5347/2896
f 4688/5347/2896 4683/5342/2891 4682/5343/2892 4687/5348/2897
f 4687/5348/2897 4682/5343/2892 4680/5344/2893 4685/5349/2898
f 4691/5350/2899 4686/5345/2894 4689/5346/2895 4694/5351/2900
f 4694/5351/2900 4689/5346/2895 4688/5347/2896 4693/5352/2901
f 4693/5352/2901 4688/5347/2896 4687/5348/2897 4692/5353/2902
f 4692/5353/2902 4687/5348/2897 4685/5349/2898 4690/5354/2903
f 5172/5355/2904 4691/5350/2899 4694/5351/2900 4699/5356/2905
f 4699/5356/2905 4694/5351/2900 4693/5352/2901 4698/5357/2906
f 4698/5357/2906 4693/5352/2901 4692/5353/2902 4697/5358/2907
f 4697/5358/2907 4692/5353/2902 4690/5354/2903 4695/5359/2908
f 4701/5360/2909 5172/5355/2904 4699/5356/2905 4704/5361/2910
f 4704/5361/2910 4699/5356/2905 4698/5357/2906 4703/5362/2911
f 4703/5362/2911 4698/5357/2906 4697/5358/2907 4702/5363/2912
f 4702/5363/2912 4697/5358/2907 4695/5359/2908 4700/5284/2838
f 4706/5364/2913 4701/5360/2909 4704/5361/2910 4709/5365/2914
f 4709/5365/2914 4704/5361/2910 4703/5362/2911 4708/5366/2915
f 4708/5366/2915 4703/5362/2911 4702/5363/2912 4707/5367/2916
f 4707/5367/2916 4702/5363/2912 4700/5284/2838 4705/5283/2837
f 5202/5368/2917 4706/5364/2913 4709/5365/2914 4714/5369/2918
f 4714/5369/2918 4709/5365/2914 4708/5366/2915 4713/5370/2919
f 4713/5370/2919 4708/5366/2915 4707/5367/2916 4712/5371/2920
f 4712/5371/2920 4707/5367/2916 4705/5283/2837 4710/5372/2921
f 4716/5373/2922 5202/5368/2917 4714/5369/2918 4719/5374/2923
f 4719/5374/2923 4714/5369/2918 4713/5370/2919 4718/5375/2924
f 4718/5375/2924 4713/5370/2919 4712/5371/2920 4717/5376/2925
f 4717/5376/2925 4712/5371/2920 4710/5372/2921 4715/5377/2926
f 4721/5378/2927 4716/5373/2922 4719/5374/2923 4724/5379/2928
f 4724/5379/2928 4719/5374/2923 4718/5375/2924 4723/5380/2929
f 4723/5380/2929 4718/5375/2924 4717/5376/2925 4722/5381/2930
f 4722/5381/2930 4717/5376/2925 4715/5377/2926 4720/5382/2931
f 4726/5383/2932 4721/5378/2927 4724/5379/2928 4729/5384/2933
f 4729/5384/2933 4724/5379/2928 4723/5380/2929 4728/5385/2934
f 4728/5385/2934 4723/5380/2929 4722/5381/2930 4727/5386/2935
f 4727/5386/2935 4722/5381/2930 4720/5382/2931 4725/5387/2936
f 4731/5388/2937 4726/5383/2932 4729/5384/2933 4734/5389/2938
f 4734/5389/2938 4729/5384/2933 4728/5385/2934 4733/5390/2939
f 4733/5390/2939 4728/5385/2934 4727/5386/2935 4732/5391/2940
f 4732/5391/2940 4727/5386/2935 4725/5387/2936 4730/5392/2941
f 4736/5393/2942 4731/5388/2937 4734/5389/2938 4739/5394/2943
f 4739/5394/2943 4734/5389/2938 4733/5390/2939 4738/5395/2944
f 4738/5395/2944 4733/5390/2939 4732/5391/2940 4737/5396/2945
f 4737/5396/2945 4732/5391/2940 4730/5392/2941 4735/5397/2946
f 4741/5398/2947 4736/5393/2942 4739/5394/2943 4744/5399/2948
f 4744/5399/2948 4739/5394/2943 4738/5395/2944 4743/5400/2949
f 4743/5400/2949 4738/5395/2944 4737/5396/2945 4742/5401/2950
f 4742/5401/2950 4737/5396/2945 4735/5397/2946 4740/5402/2951
f 5217/5403/2952 4741/5398/2947 4744/5399/2948 4749/5404/2953
f 4749/5404/2953 4744/5399/2948 4743/5400/2949 4748/5405/2954
f 4748/5405/2954 4743/5400/2949 4742/5401/2950 4747/5406/2955
f 4747/5406/2955 4742/5401/2950 4740/5402/2951 4745/5407/2956
f 4751/5408/2957 5217/5403/2952 4749/5404/2953 4754/5409/2958
f 4754/5409/2958 4749/5404/2953 4748/5405/2954 4753/5410/2959
f 4753/5410/2959 4748/5405/2954 4747/5406/2955 4752/5411/2960
f 4752/5411/2960 4747/5406/2955 4745/5407/2956 4750/5412/2961
f 5283/5296/2845 4751/5408/2957 4754/5409/2958 4626/5297/2846
f 4626/5297/2846 4754/5409/2958 4753/5410/2959 4627/5299/2848
f 4627/5299/2848 4753/5410/2959 4752/5411/2960 4630/5301/2850
f 4630/5301/2850 4752/5411/2960 4750/5412/2961 4624/5303/2852
f 4609/5243/2817 4607/5245/2818 4621/5248/2818 5338/5244/2817
f 5234/5413/2962 5233/5414/2963 4570/5415/2963 4567/5416/2962
f 5318/5417/2964 5211/5418/2965 4579/5419/2965 4578/5420/2964
f 5264/5421/2966 5263/5422/2967 4589/5423/2967 4587/5424/2966
f 5246/5425/2968 5232/5426/2969 4599/5427/2969 5335/5428/2968
f 5292/5429/2970 5247/5430/2971 5329/5431/2971 5328/5432/2970
f 5175/5433/2972 5174/5434/2973 5276/5435/2973 5255/5436/2972
f 5287/5437/2974 5286/5438/2975 4585/5439/2975 4583/5440/2974
f 5235/5441/2976 5258/5442/2977 5312/5443/2977 5303/5444/2976
f 5233/5414/2963 5201/5445/2978 5239/5446/2978 4570/5415/2963
f 5211/5418/2965 5210/5447/2979 4582/5448/2979 4579/5419/2965
f 5263/5422/2967 5236/5449/2980 4591/5450/2980 4589/5423/2967
f 5232/5426/2969 5216/5451/2981 4602/5452/2981 4599/5427/2969
f 5247/5430/2971 5234/5413/2962 4567/5416/2962 5329/5431/2971
f 5174/5434/2973 5318/5417/2964 4578/5420/2964 5276/5435/2973
f 5286/5438/2975 5264/5421/2966 4587/5424/2966 4585/5439/2975
f 5258/5442/2977 5246/5425/2968 5335/5428/2968 5312/5443/2977
f 5177/5453/2982 5292/5429/2970 5328/5432/2970 4604/5454/2982
f 5201/5445/2978 5175/5433/2972 5255/5436/2972 5239/5446/2978
f 5210/5447/2979 5287/5455/2974 4583/5456/2974 4582/5448/2979
f 5236/5449/2980 5235/5441/2976 5303/5444/2976 4591/5450/2980
f 5176/5292/2843 5177/5453/2982 4604/5454/2982 5269/5293/2843
f 5215/5457/2983 5178/5291/2842 5288/5294/2842 5240/5458/2983
f 5216/5451/2981 5215/5457/2983 5240/5458/2983 4602/5452/2981
f 5315/5459/2984 4777/5460/2985 5300/5461/2985 5265/5462/2984
f 4660/5324/2873 4652/5319/2868 5206/5463/2839 5179/5464/2839
f 4730/5392/2941 4725/5387/2936 5324/5465/2839 5311/5466/2839
f 4685/5349/2898 4680/5344/2893 5249/5467/2839 5250/5468/2839
f 4611/5304/2853 4624/5303/2852 5320/5469/2986 5321/5470/2986
f 4710/5372/2921 4705/5283/2837 5295/5286/2839 5307/5471/2839
f 4665/5329/2878 4660/5324/2873 5179/5464/2839 5180/5472/2986
f 4735/5397/2946 4730/5392/2941 5311/5466/2839 5207/5473/2839
f 4690/5354/2903 4685/5349/2898 5250/5468/2839 5271/5474/2839
f 4632/5309/2858 4611/5304/2853 5321/5470/2986 5322/5475/2839
f 4715/5377/2926 4710/5372/2921 5307/5471/2839 5308/5476/2839
f 4670/5334/2883 4665/5329/2878 5180/5472/2986 5219/5477/2839
f 4740/5402/2951 4735/5397/2946 5207/5473/2839 4776/5478/2839
f 4695/5359/2908 4690/5354/2903 5271/5474/2839 5272/5479/2839
f 4624/5303/2852 4750/5412/2961 4778/5480/2839 5320/5469/2986
f 4642/5314/2863 4632/5309/2858 5322/5475/2839 4758/5481/2839
f 4720/5382/2931 4715/5377/2926 5308/5476/2839 5323/5482/2839
f 4675/5339/2888 4670/5334/2883 5219/5477/2839 5220/5483/2839
f 4745/5407/2956 4740/5402/2951 4776/5478/2839 5314/5484/2839
f 4700/5284/2838 4695/5359/2908 5272/5479/2839 5294/5285/2839
f 4652/5319/2868 4642/5314/2863 4758/5481/2839 5206/5463/2839
f 4725/5387/2936 4720/5382/2931 5323/5482/2839 5324/5465/2839
f 4680/5344/2893 4675/5339/2888 5220/5483/2839 5249/5467/2839
f 4750/5412/2961 4745/5407/2956 5314/5484/2839 4778/5480/2839
f 4791/5485/2987 4790/5486/2988 4814/5487/2989 4815/5488/2990
f 4756/5489/2991 4755/5490/2992 5261/5491/2992 5251/5492/2991
f 4771/5493/2993 4770/5494/2994 4794/5495/2994 5238/5496/2993
f 4764/5497/2995 4763/5498/2996 5310/5499/2996 5325/5500/2995
f 4755/5490/2992 5315/5459/2984 5265/5462/2984 5261/5491/2992
f 4757/5501/2997 4756/5489/2991 5251/5492/2991 5252/5502/2997
f 4772/5503/2998 4771/5493/2993 5238/5496/2993 5204/5504/2998
f 4765/5505/2999 4764/5497/2995 5325/5500/2995 5326/5506/2999
f 5336/5507/3000 4757/5501/2997 5252/5502/2997 5284/5508/3000
f 4773/5509/3001 4772/5503/2998 5204/5504/2998 5205/5510/3001
f 4766/5511/3002 4765/5505/2999 5326/5506/2999 5337/5512/3002
f 4759/5513/3003 5336/5507/3000 5284/5508/3000 5305/5514/3003
f 4774/5515/3004 4773/5509/3001 5205/5510/3001 5274/5516/3004
f 4767/5517/3005 4766/5511/3002 5337/5512/3002 5209/5518/3005
f 4760/5519/3006 4759/5513/3003 5305/5514/3003 5296/5520/3006
f 4775/5521/3007 4774/5515/3004 5274/5516/3004 5275/5522/3007
f 4768/5523/3008 4767/5517/3005 5209/5518/3005 4792/5524/3008
f 4761/5525/3009 4760/5519/3006 5296/5520/3006 5297/5526/3009
f 5208/5527/3010 4775/5521/3007 5275/5522/3007 5299/5528/3010
f 4769/5529/3011 4768/5523/3008 4792/5524/3008 5200/5530/3011
f 4762/5531/3012 4761/5525/3009 5297/5526/3009 5309/5532/3012
f 4777/5460/2985 5208/5527/3010 5299/5528/3010 5300/5461/2985
f 4770/5494/2994 4769/5529/3011 5200/5530/3011 4794/5495/2994
f 4763/5498/2996 4762/5531/3012 5309/5532/3012 5310/5499/2996
f 4804/5533/3013 4803/5534/3014 4827/5535/3015 4828/5536/3016
f 4784/5537/3017 4783/5538/3018 4807/5539/3019 4808/5540/3020
f 4799/5541/3021 4798/5542/3022 4822/5543/3023 4823/5544/3024
f 5199/5545/3025 4791/5485/2987 4815/5488/2990 4816/5546/3026
f 4785/5547/3027 4784/5537/3017 4808/5540/3020 4809/5548/3028
f 4800/5549/3029 4799/5541/3021 4823/5544/3024 4824/5550/3030
f 4793/5551/3031 5199/5545/3025 4816/5546/3026 4817/5552/3032
f 4786/5553/3033 4785/5547/3027 4809/5548/3028 4810/5554/3034
f 4801/5555/3035 4800/5549/3029 4824/5550/3030 4825/5556/3036
f 5237/5557/3037 4793/5551/3031 4817/5552/3032 4818/5558/3038
f 4787/5559/3039 4786/5553/3033 4810/5554/3034 4811/5560/3040
f 4802/5561/3041 4801/5555/3035 4825/5556/3036 4826/5562/3042
f 4780/5563/3043 4779/5564/3044 4803/5534/3014 4804/5533/3013
f 4795/5565/3045 5237/5557/3037 4818/5558/3038 4819/5566/3046
f 4788/5567/3047 4787/5559/3039 4811/5560/3040 4812/5568/3048
f 4779/5564/3044 4802/5561/3041 4826/5562/3042 4803/5534/3014
f 4781/5569/3049 4780/5563/3043 4804/5533/3013 4805/5570/3050
f 4796/5571/3051 4795/5565/3045 4819/5566/3046 4820/5572/3052
f 4789/5573/3053 4788/5567/3047 4812/5568/3048 4813/5574/3054
f 4782/5575/3055 4781/5569/3049 4805/5570/3050 4806/5576/3056
f 4797/5577/3057 4796/5571/3051 4820/5572/3052 4821/5578/3058
f 4790/5486/2988 4789/5573/3053 4813/5574/3054 4814/5487/2989
f 4783/5538/3018 4782/5575/3055 4806/5576/3056 4807/5539/3019
f 4798/5542/3022 4797/5577/3057 4821/5578/3058 4822/5543/3023
f 4833/5579/3059 4832/5580/3060 4867/5581/3061 4870/5582/3062
f 4819/5566/3046 4818/5558/3038 4842/5583/3063 4843/5584/3064
f 4812/5568/3048 4811/5560/3040 4835/5585/3065 4836/5586/3066
f 4803/5534/3014 4826/5562/3042 4850/5587/3067 4827/5535/3015
f 4805/5570/3050 4804/5533/3013 4828/5536/3016 4829/5588/3068
f 4820/5572/3052 4819/5566/3046 4843/5584/3064 4844/5589/3069
f 4813/5574/3054 4812/5568/3048 4836/5586/3066 4837/5590/3070
f 4806/5576/3056 4805/5570/3050 4829/5588/3068 4830/5591/3071
f 4821/5578/3058 4820/5572/3052 4844/5589/3069 4845/5592/3072
f 4814/5487/2989 4813/5574/3054 4837/5590/3070 4838/5593/3073
f 4807/5539/3019 4806/5576/3056 4830/5591/3071 4831/5594/3074
f 4822/5543/3023 4821/5578/3058 4845/5592/3072 4846/5595/3075
f 4815/5488/2990 4814/5487/2989 4838/5593/3073 4839/5596/3076
f 4808/5540/3020 4807/5539/3019 4831/5594/3074 4832/5580/3060
f 4823/5544/3024 4822/5543/3023 4846/5595/3075 4847/5597/3077
f 4816/5546/3026 4815/5488/2990 4839/5596/3076 4840/5598/3078
f 4809/5548/3028 4808/5540/3020 4832/5580/3060 4833/5579/3059
f 4824/5550/3030 4823/5544/3024 4847/5597/3077 4848/5599/3079
f 4817/5552/3032 4816/5546/3026 4840/5598/3078 4841/5600/3080
f 4810/5554/3034 4809/5548/3028 4833/5579/3059 4834/5601/3081
f 4825/5556/3036 4824/5550/3030 4848/5599/3079 4849/5602/3082
f 4818/5558/3038 4817/5552/3032 4841/5600/3080 4842/5583/3063
f 4811/5560/3040 4810/5554/3034 4834/5601/3081 4835/5585/3065
f 4826/5562/3042 4825/5556/3036 4849/5602/3082 4850/5587/3067
f 4827/5535/3015 4850/5587/3067 4921/5603/3083 4851/5604/3084
f 4848/5599/3079 4847/5597/3077 4912/5605/3085 4915/5606/3086
f 4841/5600/3080 4840/5598/3078 4891/5607/3087 4894/5608/3088
f 4834/5601/3081 4833/5579/3059 4870/5582/3062 4873/5609/3089
f 4849/5602/3082 4848/5599/3079 4915/5606/3086 4918/5610/3090
f 4842/5583/3063 4841/5600/3080 4894/5608/3088 4897/5611/3091
f 4835/5585/3065 4834/5601/3081 4873/5609/3089 4876/5612/3092
f 4850/5587/3067 4849/5602/3082 4918/5610/3090 4921/5603/3083
f 4843/5584/3064 4842/5583/3063 4897/5611/3091 4900/5613/3093
f 4836/5586/3066 4835/5585/3065 4876/5612/3092 4879/5614/3094
f 4857/5615/3095 4854/5616/3096 4852/5617/3097 4920/5618/3098 4917/5619/3099 4914/5620/3100 4911/5621/3101 4908/5622/3102 4905/5623/3103 4902/5624/3104 4899/5625/3105 4896/5626/3106 4893/5627/3107 4890/5628/3108 4887/5629/3109 4884/5630/3110 4881/5631/3111 4878/5632/3112 4875/5633/3113 4872/5634/3114 4869/5635/3115 4866/5636/3116 4863/5637/3117 4860/5638/3118
f 4844/5589/3069 4843/5584/3064 4900/5613/3093 4903/5639/3119
f 4837/5590/3070 4836/5586/3066 4879/5614/3094 4882/5640/3120
f 4829/5588/3068 4828/5536/3016 4855/5641/3121 4858/5642/3122
f 4830/5591/3071 4829/5588/3068 4858/5642/3122 4861/5643/3123
f 4845/5592/3072 4844/5589/3069 4903/5639/3119 4906/5644/3124
f 4838/5593/3073 4837/5590/3070 4882/5640/3120 4885/5645/3125
f 4831/5594/3074 4830/5591/3071 4861/5643/3123 4864/5646/3126
f 4846/5595/3075 4845/5592/3072 4906/5644/3124 4909/5647/3127
f 4839/5596/3076 4838/5593/3073 4885/5645/3125 4888/5648/3128
f 4832/5580/3060 4831/5594/3074 4864/5646/3126 4867/5581/3061
f 4847/5597/3077 4846/5595/3075 4909/5647/3127 4912/5605/3085
f 4840/5598/3078 4839/5596/3076 4888/5648/3128 4891/5607/3087
f 4852/5617/3097 4854/5616/3096 5195/5649/3129 5339/5650/3130
f 4853/5651/3131 4856/5652/3132 4855/5641/3121 4851/5604/3084
f 4854/5616/3096 4857/5615/3095 5196/5653/3133 5195/5649/3129
f 4856/5652/3132 4859/5654/3134 4858/5642/3122 4855/5641/3121
f 4857/5615/3095 4860/5638/3118 5267/5655/3135 5196/5653/3133
f 4859/5654/3134 4862/5656/3136 4861/5643/3123 4858/5642/3122
f 4860/5638/3118 4863/5637/3117 5278/5657/3137 5267/5655/3135
f 4862/5656/3136 4865/5658/3138 4864/5646/3126 4861/5643/3123
f 4863/5637/3117 4866/5636/3116 5191/5659/3139 5278/5657/3137
f 4865/5658/3138 4868/5660/3140 4867/5581/3061 4864/5646/3126
f 4866/5636/3116 4869/5635/3115 5192/5661/3141 5191/5659/3139
f 4868/5660/3140 4871/5662/3142 4870/5582/3062 4867/5581/3061
f 4869/5635/3115 4872/5634/3114 5212/5663/3143 5192/5661/3141
f 4871/5662/3142 4874/5664/3144 4873/5609/3089 4870/5582/3062
f 4872/5634/3114 4875/5633/3113 5227/5665/3145 5212/5663/3143
f 4874/5664/3144 4877/5666/3146 4876/5612/3092 4873/5609/3089
f 4875/5633/3113 4878/5632/3112 5289/5667/3147 5227/5665/3145
f 4877/5666/3146 4880/5668/3148 4879/5614/3094 4876/5612/3092
f 4878/5632/3112 4881/5631/3111 5304/5669/3149 5289/5667/3147
f 4880/5668/3148 4883/5670/3150 4882/5640/3120 4879/5614/3094
f 4881/5631/3111 4884/5630/3110 5290/5671/3151 5304/5669/3149
f 4883/5670/3150 4886/5672/3152 4885/5645/3125 4882/5640/3120
f 4884/5630/3110 4887/5629/3109 4889/5673/3153 5290/5671/3151
f 4886/5672/3152 5241/5674/3154 4888/5648/3128 4885/5645/3125
f 4887/5629/3109 4890/5628/3108 5242/5675/3155 4889/5673/3153
f 5241/5674/3154 4892/5676/3156 4891/5607/3087 4888/5648/3128
f 4890/5628/3108 4893/5627/3107 5257/5677/3157 5242/5675/3155
f 4892/5676/3156 4895/5678/3158 4894/5608/3088 4891/5607/3087
f 4893/5627/3107 4896/5626/3106 5306/5679/3159 5257/5677/3157
f 4895/5678/3158 4898/5680/3160 4897/5611/3091 4894/5608/3088
f 4896/5626/3106 4899/5625/3105 5253/5681/3161 5306/5679/3159
f 4898/5680/3160 4901/5682/3162 4900/5613/3093 4897/5611/3091
f 4899/5625/3105 4902/5624/3104 5197/5683/3163 5253/5681/3161
f 4901/5682/3162 4904/5684/3164 4903/5639/3119 4900/5613/3093
f 4902/5624/3104 4905/5623/3103 5198/5685/3165 5197/5683/3163
f 4904/5684/3164 4907/5686/3166 4906/5644/3124 4903/5639/3119
f 4905/5623/3103 4908/5622/3102 5270/5687/3167 5198/5685/3165
f 4907/5686/3166 4910/5688/3168 4909/5647/3127 4906/5644/3124
f 4908/5622/3102 4911/5621/3101 5279/5689/3169 5270/5687/3167
f 4910/5688/3168 4913/5690/3170 4912/5605/3085 4909/5647/3127
f 4911/5621/3101 4914/5620/3100 5319/5691/3171 5279/5689/3169
f 4913/5690/3170 4916/5692/3172 4915/5606/3086 4912/5605/3085
f 4914/5620/3100 4917/5619/3099 5213/5693/3173 5319/5691/3171
f 4916/5692/3172 4919/5694/3174 4918/5610/3090 4915/5606/3086
f 4917/5619/3099 4920/5618/3098 5214/5695/3175 5213/5693/3173
f 4919/5694/3174 4922/5696/3176 4921/5603/3083 4918/5610/3090
f 4920/5618/3098 4852/5617/3097 5339/5650/3130 5214/5695/3175
f 4922/5696/3176 4853/5651/3131 4851/5604/3084 4921/5603/3083
f 4828/5536/3016 4827/5535/3015 4851/5604/3084 4855/5641/3121
f 5166/5697/3177 4450/5698/3177 4451/5699/3178 5170/5700/3178
f 5158/5701/3179 4445/5702/3179 4446/5703/3180 5160/5704/3180
f 5153/5705/3181 4457/5706/3181 4458/5707/3182 5155/5708/3182
f 5171/5709/3183 4452/5710/3183 4453/5711/3184 5168/5712/3184
f 5067/5061/2666 4572/5713/3185 4462/5062/2667
f 5167/5714/3186 4447/5715/3186 4448/5716/3187 5165/5717/3187
f 5154/5718/3188 4442/5719/3189 4443/5720/3190 5161/5721/3191
f 5162/5722/3192 4459/5723/3192 4461/5724/3193 5159/5725/3194
f 5169/5726/3195 4454/5727/3195 4455/5728/3196 5156/5729/3196
f 5164/5730/3197 4449/5731/3197 4450/5698/3177 5166/5697/3177
f 5163/5732/3198 4444/5733/3198 4445/5702/3179 5158/5701/3179
f 4481/5063/2668 4491/5734/3199 5071/5735/3200 5062/5064/2669
f 5157/5736/3201 4456/5737/3201 4457/5706/3181 5153/5705/3181
f 5170/5738/3178 4451/5739/3178 4452/5710/3183 5171/5709/3183
f 5160/5704/3180 4446/5703/3180 4447/5715/3186 5167/5714/3186
f 4561/5740/3202 4581/5741/3203 5103/5742/3204 5107/5743/3205
f 5099/5744/3206 4592/5745/3207 4601/5746/3208 5086/5747/3209
f 5155/5708/3182 4458/5707/3182 4459/5723/3192 5162/5722/3192
f 5168/5712/3184 4453/5711/3184 4454/5727/3195 5169/5726/3195
f 5165/5717/3187 4448/5716/3187 4449/5731/3197 5164/5730/3197
f 5161/5721/3191 4443/5720/3190 4444/5733/3198 5163/5732/3198
f 4501/5748/3210 4472/5749/3211 5091/5750/3212 5074/5751/3213
f 5156/5729/3196 4455/5728/3196 4456/5737/3201 5157/5736/3201
f 4504/5146/2747 4506/5145/2746 4952/5201/2777 4970/5241/2815
f 4474/5134/2735 4476/5133/2734 4950/5197/2773 4969/5239/2813
f 4487/5170/2771 4490/5162/2763 4948/5123/2724 4968/5237/2811
f 4502/5164/2765 4504/5146/2747 4970/5241/2815 4967/5235/2809
f 4471/5153/2754 4474/5134/2735 4969/5239/2813 4966/5233/2807
f 4486/5137/2738 4487/5170/2771 4968/5237/2811 4965/5231/2805
f 4499/5121/2722 4502/5164/2765 4967/5235/2809 4964/5229/2803
f 4469/5154/2755 4471/5153/2754 4966/5233/2807 4962/5226/2800
f 4514/5150/2751 4467/5149/2750 4963/5225/2799 4961/5223/2797
f 4484/5138/2739 4486/5137/2738 4965/5231/2805 4960/5221/2795
f 4497/5122/2723 4499/5121/2722 4964/5229/2803 4959/5219/2793
f 4467/5149/2750 4469/5154/2755 4962/5226/2800 4963/5225/2799
f 4511/5166/2767 4514/5150/2751 4961/5223/2797 4958/5217/2791
f 4482/5157/2758 4484/5138/2739 4960/5221/2795 4957/5215/2789
f 4495/5141/2742 4497/5122/2723 4959/5219/2793 4956/5213/2787
f 4510/5129/2730 4511/5166/2767 4958/5217/2791 4955/5211/2785
f 4480/5158/2759 4482/5157/2758 4957/5215/2789 4954/5209/2783
f 4493/5142/2743 4495/5141/2742 4956/5213/2787 4953/5206/2781
f 4508/5130/2731 4510/5129/2730 4955/5211/2785 4951/5202/2778
f 4478/5168/2769 4480/5158/2759 4954/5209/2783 4949/5198/2774
f 4492/5172/2762 4493/5142/2743 4953/5206/2781 4947/5205/2725
f 4506/5145/2746 4508/5130/2731 4951/5202/2778 4952/5201/2777
f 4476/5133/2734 4478/5168/2769 4949/5198/2774 4950/5197/2773
f 4490/5162/2763 4492/5161/2762 4947/5124/2725 4948/5123/2724
f 4972/5752/3214 5037/5753/3215 5114/5754/3216 5095/5755/3217
f 4972/5752/3214 4974/5756/3218 4973/5065/2670 4971/5117/2718
f 5126/5757/3219 4631/5758/3220 4641/5759/3221 5123/5760/3222
f 4974/5756/3218 4976/5761/3223 4975/5066/2671 4973/5065/2670
f 5131/5762/3224 4651/5763/3225 4622/5764/3226 5111/5765/3227
f 4976/5761/3223 4979/5766/3228 4978/5069/2674 4975/5066/2671
f 5144/5767/3229 5152/5768/3230 4982/5769/3231 4979/5766/3228
f 4979/5766/3228 4982/5769/3231 4981/5071/2676 4978/5069/2674
f 5152/5768/3230 5135/5770/3232 4985/5771/3233 4982/5769/3231
f 4982/5769/3231 4985/5771/3233 4984/5073/2678 4981/5071/2676
f 5135/5770/3232 5142/5772/3234 4988/5773/3235 4985/5771/3233
f 4985/5771/3233 4988/5773/3235 4987/5075/2680 4984/5073/2678
f 5142/5772/3234 5139/5774/3236 4991/5775/3237 4988/5773/3235
f 4988/5773/3235 4991/5775/3237 4990/5077/2682 4987/5075/2680
f 5139/5774/3236 5146/5776/3238 4994/5777/3239 4991/5775/3237
f 4991/5775/3237 4994/5777/3239 4993/5079/2684 4990/5077/2682
f 5146/5776/3238 5150/5778/3240 4997/5779/3241 4994/5777/3239
f 4994/5777/3239 4997/5779/3241 4996/5081/2686 4993/5079/2684
f 5150/5778/3240 5138/5780/3242 5000/5781/3243 4997/5779/3241
f 4997/5779/3241 5000/5781/3243 4999/5083/2688 4996/5081/2686
f 5138/5780/3242 5134/5782/3244 5003/5783/3245 5000/5781/3243
f 5000/5781/3243 5003/5783/3245 5002/5085/2690 4999/5083/2688
f 5134/5782/3244 5143/5784/3246 5006/5785/3247 5003/5783/3245
f 5003/5783/3245 5006/5785/3247 5005/5087/2692 5002/5085/2690
f 5143/5786/3246 5148/5787/3248 5009/5788/3249 5006/5789/3247
f 5006/5789/3247 5009/5788/3249 5008/5090/2694 5005/5089/2692
f 5148/5787/3248 5147/5790/3250 5012/5791/3251 5009/5788/3249
f 5009/5788/3249 5012/5791/3251 5011/5093/2696 5008/5090/2694
f 5147/5790/3250 5149/5792/3252 5015/5793/3253 5012/5791/3251
f 5012/5791/3251 5015/5793/3253 5014/5095/2698 5011/5093/2696
f 5149/5792/3252 5137/5794/3254 5018/5795/3255 5015/5793/3253
f 5015/5793/3253 5018/5795/3255 5017/5097/2700 5014/5095/2698
f 5137/5794/3254 5141/5796/3256 5021/5797/3257 5018/5795/3255
f 5018/5795/3255 5021/5797/3257 5020/5099/2702 5017/5097/2700
f 5141/5796/3256 5140/5798/3258 5024/5799/3259 5021/5797/3257
f 5021/5797/3257 5024/5799/3259 5023/5101/2704 5020/5099/2702
f 5140/5798/3258 5145/5800/3260 5027/5801/3261 5024/5799/3259
f 5024/5799/3259 5027/5801/3261 5026/5103/2706 5023/5101/2704
f 5145/5800/3260 5151/5802/3262 5030/5803/3263 5027/5801/3261
f 5027/5801/3261 5030/5803/3263 5029/5105/2708 5026/5103/2706
f 5151/5802/3262 5136/5804/3264 5033/5805/3265 5030/5803/3263
f 5030/5803/3263 5033/5805/3265 5032/5107/2710 5029/5105/2708
f 5082/5806/3266 4512/5807/3267 4531/5808/3268 5079/5809/3269
f 5033/5805/3265 5035/5810/3270 5034/5109/2712 5032/5107/2710
f 5123/5760/3222 4641/5759/3221 4651/5763/3225 5131/5762/3224
f 5035/5810/3270 5037/5753/3215 5036/5115/2716 5034/5109/2712
f 5094/5811/3271 4522/5812/3272 4612/5813/3273
f 5037/5753/3215 4972/5752/3214 4971/5117/2718 5036/5115/2716
f 4971/5117/2718 4973/5065/2670 4938/5068/2673 4935/5118/2719
f 4946/5084/2689 4942/5086/2691 5061/5159/2760 5051/5169/2770
f 4945/5074/2679 4940/5076/2681 5060/5155/2756 5050/5167/2768
f 4944/5110/2713 4936/5116/2717 5058/5147/2748 5049/5165/2766
f 4943/5100/2703 4934/5102/2705 5057/5143/2744 5048/5163/2764
f 4941/5092/2693 4932/5091/2695 5056/5139/2740 5047/5171/2761
f 4935/5118/2719 4938/5068/2673 5059/5151/2752 5044/5148/2749
f 4939/5078/2683 4930/5080/2685 5055/5135/2736 5046/5156/2757
f 4937/5067/2672 4928/5070/2675 5054/5131/2732 5045/5152/2753
f 4933/5104/2707 4926/5106/2709 5053/5127/2728 5043/5144/2745
f 4931/5094/2697 4924/5096/2699 5052/5119/2720 5042/5140/2741
f 4929/5082/2687 4946/5084/2689 5051/5169/2770 5041/5136/2737
f 4927/5072/2677 4945/5074/2679 5050/5167/2768 5040/5132/2733
f 4925/5108/2711 4944/5110/2713 5049/5165/2766 5039/5128/2729
f 4923/5098/2701 4943/5100/2703 5048/5163/2764 5038/5120/2721
f 4942/5086/2691 4941/5088/2693 5047/5160/2761 5061/5159/2760
f 4940/5076/2681 4939/5078/2683 5046/5156/2757 5060/5155/2756
f 4938/5068/2673 4937/5067/2672 5045/5152/2753 5059/5151/2752
f 4936/5116/2717 4935/5118/2719 5044/5148/2749 5058/5147/2748
f 4934/5102/2705 4933/5104/2707 5043/5144/2745 5057/5143/2744
f 4932/5091/2695 4931/5094/2697 5042/5140/2741 5056/5139/2740
f 4930/5080/2685 4929/5082/2687 5041/5136/2737 5055/5135/2736
f 4928/5070/2675 4927/5072/2677 5040/5132/2733 5054/5131/2732
f 4926/5106/2709 4925/5108/2711 5039/5128/2729 5053/5127/2728
f 4924/5096/2699 4923/5098/2701 5038/5120/2721 5052/5119/2720
f 5079/5809/3269 4531/5808/3268 4542/5814/3274 5118/5815/3275
f 4491/5734/3199 4501/5748/3210 5074/5751/3213 5071/5735/3200
f 4465/5816/3276 4439/5817/3277 5066/5818/3278 5063/5819/3279
f 5035/5810/3270 5033/5805/3265 5136/5804/3264 5078/5820/3280 5119/5821/3281
f 4601/5746/3208 4572/5713/3185 5067/5061/2666 5086/5747/3209
f 5083/5822/3282 5031/5823/3283 5159/5725/3194 5075/5824/3284 5090/5825/3285
f 4472/5749/3211 4512/5807/3267 5082/5806/3266 5091/5750/3212
f 4440/5826/3286 4441/5827/3287 5098/5828/3288 5087/5829/3289
f 4581/5741/3203 4592/5745/3207 5099/5744/3206 5103/5742/3204
f 4622/5764/3226 4561/5740/3202 5107/5743/3205 5111/5765/3227
f 5037/5753/3215 5035/5810/3270 5119/5821/3281 5114/5754/3216
f 5094/5811/3271 4612/5813/3273 4631/5758/3220 5126/5757/3219
f 4976/5761/3223 4974/5756/3218 5127/5830/3290 5122/5831/3291
f 5118/5815/3275 4542/5814/3274 4552/5832/3292 5115/5833/3293
f 4441/5827/3287 4442/5719/3189 5154/5718/3188 5102/5834/3294 5098/5828/3288
f 4974/5756/3218 4972/5752/3214 5095/5755/3217 5127/5830/3290
f 5115/5833/3293 4552/5832/3292 4522/5812/3272 5094/5811/3271
f 5110/5835/3295 4977/5836/3296 5144/5767/3229 5130/5837/3297
f 5066/5818/3278 4439/5817/3277 4440/5826/3286 5087/5829/3289
f 4479/5838/3298 4483/5839/3299 4464/5840/3300 4460/5841/3301
f 4483/5839/3299 4485/5842/3302 4466/5843/3303 4464/5840/3300
f 4485/5842/3302 4488/5844/3304 4468/5845/3305 4466/5843/3303
f 4488/5844/3304 4481/5063/2668 4462/5062/2667 4468/5845/3305
f 4489/5846/3306 4494/5847/3307 4483/5839/3299 4479/5838/3298
f 4494/5847/3307 4496/5848/3308 4485/5842/3302 4483/5839/3299
f 4496/5848/3308 4498/5849/3309 4488/5844/3304 4485/5842/3302
f 4498/5849/3309 4491/5734/3199 4481/5063/2668 4488/5844/3304
f 4500/5850/3310 4503/5851/3311 4494/5847/3307 4489/5846/3306
f 4503/5851/3311 4505/5852/3312 4496/5848/3308 4494/5847/3307
f 4505/5852/3312 4507/5853/3313 4498/5849/3309 4496/5848/3308
f 4507/5853/3313 4501/5748/3210 4491/5734/3199 4498/5849/3309
f 4470/5854/3314 4473/5855/3315 4503/5851/3311 4500/5850/3310
f 4473/5855/3315 4475/5856/3316 4505/5852/3312 4503/5851/3311
f 4475/5856/3316 4477/5857/3317 4507/5853/3313 4505/5852/3312
f 4477/5857/3317 4472/5749/3211 4501/5748/3210 4507/5853/3313
f 4520/5858/3318 4523/5859/3319 4554/5860/3320 4550/5861/3321
f 4523/5859/3319 4526/5862/3322 4555/5863/3323 4554/5860/3320
f 4526/5862/3322 4528/5864/3324 4557/5865/3325 4555/5863/3323
f 4528/5864/3324 4522/5812/3272 4552/5832/3292 4557/5865/3325
f 4550/5861/3321 4554/5860/3320 4543/5866/3326 4540/5867/3327
f 4554/5860/3320 4555/5863/3323 4545/5868/3328 4543/5866/3326
f 4555/5863/3323 4557/5865/3325 4547/5869/3329 4545/5868/3328
f 4557/5865/3325 4552/5832/3292 4542/5814/3274 4547/5869/3329
f 4540/5867/3327 4543/5866/3326 4533/5870/3330 4529/5871/3331
f 4543/5866/3326 4545/5868/3328 4536/5872/3332 4533/5870/3330
f 4545/5868/3328 4547/5869/3329 4538/5873/3333 4536/5872/3332
f 4547/5869/3329 4542/5814/3274 4531/5808/3268 4538/5873/3333
f 4529/5871/3331 4533/5870/3330 4513/5874/3334 4509/5875/3335
f 4533/5870/3330 4536/5872/3332 4515/5876/3336 4513/5874/3334
f 4536/5872/3332 4538/5873/3333 4518/5877/3337 4515/5876/3336
f 4538/5873/3333 4531/5808/3268 4512/5807/3267 4518/5877/3337
f 4620/5878/3338 4623/5879/3339 4654/5880/3340 4649/5881/3341
f 4623/5879/3339 4625/5882/3342 4655/5883/3343 4654/5880/3340
f 4625/5882/3342 4628/5884/3344 4657/5885/3345 4655/5883/3343
f 4628/5884/3344 4622/5764/3226 4651/5763/3225 4657/5885/3345
f 4649/5881/3341 4654/5880/3340 4644/5886/3346 4639/5887/3347
f 4654/5880/3340 4655/5883/3343 4645/5888/3348 4644/5886/3346
f 4655/5883/3343 4657/5885/3345 4647/5889/3349 4645/5888/3348
f 4657/5885/3345 4651/5763/3225 4641/5759/3221 4647/5889/3349
f 4639/5887/3347 4644/5886/3346 4634/5890/3350 4629/5891/3351
f 4644/5886/3346 4645/5888/3348 4635/5892/3352 4634/5890/3350
f 4645/5888/3348 4647/5889/3349 4637/5893/3353 4635/5892/3352
f 4647/5889/3349 4641/5759/3221 4631/5758/3220 4637/5893/3353
f 4629/5891/3351 4634/5890/3350 4614/5894/3354 4610/5895/3355
f 4634/5890/3350 4635/5892/3352 4616/5896/3356 4614/5894/3354
f 4635/5892/3352 4637/5893/3353 4618/5897/3357 4616/5896/3356
f 4637/5893/3353 4631/5758/3220 4612/5813/3273 4618/5897/3357
f 4569/5898/3358 4574/5899/3359 4603/5900/3360 4600/5901/3361
f 4574/5899/3359 4576/5902/3362 4605/5903/3363 4603/5900/3360
f 4576/5902/3362 4577/5904/3364 4608/5905/3365 4605/5903/3363
f 4577/5904/3364 4572/5713/3185 4601/5746/3208 4608/5905/3365
f 4600/5901/3361 4603/5900/3360 4594/5906/3366 4590/5907/3367
f 4603/5900/3360 4605/5903/3363 4595/5908/3368 4594/5906/3366
f 4605/5903/3363 4608/5905/3365 4597/5909/3369 4595/5908/3368
f 4608/5905/3365 4601/5746/3208 4592/5745/3207 4597/5909/3369
f 4590/5907/3367 4594/5906/3366 4584/5910/3370 4580/5911/3371
f 4594/5906/3366 4595/5908/3368 4586/5912/3372 4584/5910/3370
f 4595/5908/3368 4597/5909/3369 4588/5913/3373 4586/5912/3372
f 4597/5909/3369 4592/5745/3207 4581/5741/3203 4588/5913/3373
f 4580/5911/3371 4584/5910/3370 4564/5914/3374 4560/5915/3375
f 4584/5910/3370 4586/5912/3372 4566/5916/3376 4564/5914/3374
f 4586/5912/3372 4588/5913/3373 4568/5917/3377 4566/5916/3376
f 4588/5913/3373 4581/5741/3203 4561/5740/3202 4568/5917/3377
f 4472/5749/3211 4477/5857/3317 4518/5877/3337 4512/5807/3267
f 4477/5857/3317 4475/5856/3316 4515/5876/3336 4518/5877/3337
f 4475/5856/3316 4473/5855/3315 4513/5874/3334 4515/5876/3336
f 4473/5855/3315 4470/5854/3314 4509/5875/3335 4513/5874/3334
f 4522/5812/3272 4528/5864/3324 4618/5897/3357 4612/5813/3273
f 4528/5864/3324 4526/5862/3322 4616/5896/3356 4618/5897/3357
f 4526/5862/3322 4523/5859/3319 4614/5894/3354 4616/5896/3356
f 4523/5859/3319 4520/5858/3318 4610/5895/3355 4614/5894/3354
f 4622/5764/3226 4628/5884/3344 4568/5917/3377 4561/5740/3202
f 4628/5884/3344 4625/5882/3342 4566/5916/3376 4568/5917/3377
f 4625/5882/3342 4623/5879/3339 4564/5914/3374 4566/5916/3376
f 4623/5879/3339 4620/5878/3338 4560/5915/3375 4564/5914/3374
f 4572/5713/3185 4577/5904/3364 4468/5845/3305 4462/5062/2667
f 4577/5904/3364 4576/5902/3362 4466/5843/3303 4468/5845/3305
f 4576/5902/3362 4574/5899/3359 4464/5840/3300 4466/5843/3303
f 4574/5899/3359 4569/5898/3358 4460/5841/3301 4464/5840/3300
f 4460/5841/3301 4569/5898/3358 4600/5901/3361 4479/5838/3298
f 5071/5918/3200 5074/5919/3213 5340/5920/3378 5341/5921/3379
f 5073/5922/3380 5076/5923/3381 5342/5924/3382 5343/5925/3383
f 5072/5926/3384 5077/5927/3385 5075/5928/3284 5070/5929/3386
f 5095/5930/3217 5114/5931/3216 5116/5932/3387 5097/5933/3388
f 5097/5933/3388 5116/5932/3387 5344/5934/3389 5345/5935/3390
f 5096/5936/3391 5117/5937/3392 5115/5938/3293 5094/5939/3271
f 5102/5940/3294 5106/5941/3393 5346/5942/3394 5347/5943/3395
f 5104/5944/3396 5108/5945/3397 5348/5946/3398 5349/5947/3399
f 5105/5948/3400 5109/5949/3401 5107/5950/3205 5103/5951/3204
f 5350/5952/3402 5090/5953/3285 5351/5954/3403 5352/5955/3404
f 5085/5956/3405 5092/5957/3406 5353/5958/3407 5354/5959/3408
f 5084/5960/3409 5093/5961/3410 5091/5962/3212 5082/5963/3266
f 5074/5919/3213 5091/5962/3212 5093/5961/3410 5340/5920/3378
f 5076/5923/3381 5353/5958/3407 5092/5957/3406 5342/5924/3382
f 5077/5927/3385 5351/5954/3403 5090/5953/3285 5075/5928/3284
f 5094/5939/3271 5126/5964/3219 5355/5965/3411 5096/5936/3391
f 5345/5935/3390 5128/5966/3412 5129/5967/3413 5097/5933/3388
f 5097/5933/3388 5129/5967/3413 5127/5968/3290 5095/5930/3217
f 5106/5941/3393 5356/5969/3414 5357/5970/3415 5346/5942/3394
f 5108/5945/3397 5112/5971/3416 5358/5972/3417 5348/5946/3398
f 5109/5949/3401 5113/5973/3418 5111/5974/3227 5107/5950/3205
f 5099/5975/3206 5086/5976/3209 5359/5977/3419 5360/5978/3420
f 5101/5979/3421 5088/5980/3422 5089/5981/3423 5361/5982/3424
f 5100/5983/3425 5089/5981/3423 5087/5984/3289 5098/5985/3288
f 5079/5986/3269 5118/5987/3275 5362/5988/3426 5363/5989/3427
f 5081/5990/3428 5120/5991/3429 5364/5992/3430 5365/5993/3431
f 5080/5994/3432 5121/5995/3433 5119/5996/3281 5078/5997/3280
f 5078/5997/3280 5350/5952/3402 5352/5955/3404 5080/5994/3432
f 5365/5993/3431 5085/5956/3405 5354/5959/3408 5081/5990/3428
f 5363/5989/3427 5084/5960/3409 5082/5963/3266 5079/5986/3269
f 5114/5931/3216 5119/5996/3281 5121/5995/3433 5116/5932/3387
f 5116/5932/3387 5364/5992/3430 5120/5991/3429 5344/5934/3389
f 5117/5937/3392 5362/5988/3426 5118/5987/3275 5115/5938/3293
f 5123/5998/3222 5131/5999/3224 5366/6000/3434 5367/6001/3435
f 5125/6002/3436 5133/6003/3437 5368/6004/3438 5369/6005/3439
f 5124/6006/3440 5132/6007/3441 5130/6008/3297 5122/6009/3291
f 5063/6010/3279 5066/6011/3278 5068/6012/3442 5065/6013/3443
f 5065/6013/3443 5068/6012/3442 5370/6014/3444 5371/6015/3445
f 5064/6016/3446 5069/6017/3447 5067/6018/2666 5062/6019/2669
f 5070/5929/3386 5063/6010/3279 5065/6013/3443 5072/5926/3384
f 5343/5925/3383 5065/6013/3443 5371/6015/3445 5073/5922/3380
f 5341/5921/3379 5064/6016/3446 5062/6019/2669 5071/5918/3200
f 5122/6009/3291 5127/5968/3290 5129/5967/3413 5124/6006/3440
f 5369/6005/3439 5129/5967/3413 5128/5966/3412 5125/6002/3436
f 5367/6001/3435 5355/5965/3411 5126/5964/3219 5123/5998/3222
f 5098/5985/3288 5102/5940/3294 5347/5943/3395 5100/5983/3425
f 5361/5982/3424 5104/5944/3396 5349/5947/3399 5101/5979/3421
f 5360/5978/3420 5105/5948/3400 5103/5951/3204 5099/5975/3206
f 5356/5969/3414 5130/6008/3297 5132/6007/3441 5357/5970/3415
f 5112/5971/3416 5368/6004/3438 5133/6003/3437 5358/5972/3417
f 5113/5973/3418 5366/6000/3434 5131/5999/3224 5111/5974/3227
f 5066/6011/3278 5087/5984/3289 5089/5981/3423 5068/6012/3442
f 5068/6012/3442 5089/5981/3423 5088/5980/3422 5370/6014/3444
f 5069/6017/3447 5359/5977/3419 5086/5976/3209 5067/6018/2666
f 5070/6020/3386 4463/6021/3448 4465/5816/3276 5063/5819/3279
f 5028/6022/3449 5031/5823/3283 5136/5804/3264 5151/5802/3262
f 5025/6023/3450 5028/6022/3449 5151/5802/3262 5145/5800/3260
f 5022/6024/3451 5025/6023/3450 5145/5800/3260 5140/5798/3258
f 5019/6025/3452 5022/6024/3451 5140/5798/3258 5141/5796/3256
f 5016/6026/3453 5019/6025/3452 5141/5796/3256 5137/5794/3254
f 5013/6027/3454 5016/6026/3453 5137/5794/3254 5149/5792/3252
f 5010/6028/3455 5013/6027/3454 5149/5792/3252 5147/5790/3250
f 5007/6029/3456 5010/6028/3455 5147/5790/3250 5148/5787/3248
f 5004/6030/3457 5007/6029/3456 5148/5787/3248 5143/5786/3246
f 5001/6031/3458 5004/6032/3457 5143/5784/3246 5134/5782/3244
f 4998/6033/3459 5001/6031/3458 5134/5782/3244 5138/5780/3242
f 4995/6034/3460 4998/6033/3459 5138/5780/3242 5150/5778/3240
f 4992/6035/3461 4995/6034/3460 5150/5778/3240 5146/5776/3238
f 4989/6036/3462 4992/6035/3461 5146/5776/3238 5139/5774/3236
f 4986/6037/3463 4989/6036/3462 5139/5774/3236 5142/5772/3234
f 4983/6038/3464 4986/6037/3463 5142/5772/3234 5135/5770/3232
f 4980/6039/3465 4983/6038/3464 5135/5770/3232 5152/5768/3230
f 4977/5836/3296 4980/6039/3465 5152/5768/3230 5144/5767/3229
f 5016/6026/3453 5156/5729/3196 5157/5736/3201 5019/6025/3452
f 5078/5820/3280 5136/5804/3264 5031/5823/3283 5083/5822/3282
f 5130/5837/3297 5144/5767/3229 4979/5766/3228 4976/5761/3223 5122/5831/3291
f 4980/6039/3465 5161/5721/3191 5163/5732/3198 4983/6038/3464
f 4995/6034/3460 5165/5717/3187 5164/5730/3197 4998/6033/3459
f 5010/6028/3455 5168/5712/3184 5169/5726/3195 5013/6027/3454
f 5025/6023/3450 5155/5708/3182 5162/5722/3192 5028/6022/3449
f 4989/6036/3462 5160/5704/3180 5167/5714/3186 4992/6035/3461
f 5004/6030/3457 5170/5738/3178 5171/5709/3183 5007/6029/3456
f 5019/6025/3452 5157/5736/3201 5153/5705/3181 5022/6024/3451
f 4983/6038/3464 5163/5732/3198 5158/5701/3179 4986/6037/3463
f 4998/6033/3459 5164/5730/3197 5166/5697/3177 5001/6031/3458
f 5013/6027/3454 5169/5726/3195 5156/5729/3196 5016/6026/3453
f 5028/6022/3449 5162/5722/3192 5159/5725/3194 5031/5823/3283
f 4977/5836/3296 5154/5718/3188 5161/5721/3191 4980/6039/3465
f 4992/6035/3461 5167/5714/3186 5165/5717/3187 4995/6034/3460
f 5007/6029/3456 5171/5709/3183 5168/5712/3184 5010/6028/3455
f 5022/6024/3451 5153/5705/3181 5155/5708/3182 5025/6023/3450
f 4986/6037/3463 5158/5701/3179 5160/5704/3180 4989/6036/3462
f 5001/6031/3458 5166/5697/3177 5170/5700/3178 5004/6032/3457
f 5075/5824/3284 5159/5725/3194 4461/5724/3193 4463/6021/3448 5070/6020/3386
f 5102/5834/3294 5154/5718/3188 4977/5836/3296 5110/5835/3295 5106/6040/3393
f 4470/5854/3314 4560/5915/3375 4620/5878/3338 4509/5875/3335
f 4509/5875/3335 4620/5878/3338 4649/5881/3341 4529/5871/3331
f 4529/5871/3331 4649/5881/3341 4639/5887/3347 4540/5867/3327
f 4540/5867/3327 4639/5887/3347 4629/5891/3351 4550/5861/3321
f 4500/5850/3310 4580/5911/3371 4560/5915/3375 4470/5854/3314
f 4489/5846/3306 4590/5907/3367 4580/5911/3371 4500/5850/3310
f 4479/5838/3298 4600/5901/3361 4590/5907/3367 4489/5846/3306
f 4550/5861/3321 4629/5891/3351 4610/5895/3355 4520/5858/3318
o Cylinder.012
v 13.620842 1.984993 2.007021
v 13.620842 4.920388 1.040730
v 13.690350 1.989316 2.020154
v 13.690350 4.924711 1.053862
v 13.749275 2.001626 2.057552
v 13.749275 4.937022 1.091261
v 13.788647 2.020051 2.113523
v 13.788647 4.955447 1.147231
v 13.802473 2.041785 2.179545
v 13.802473 4.977180 1.213253
v 13.788647 2.063519 2.245567
v 13.788647 4.998914 1.279275
v 13.749275 2.081943 2.301537
v 13.749275 5.017338 1.335246
v 13.690350 2.094254 2.338936
v 13.690350 5.029650 1.372644
v 13.620842 2.098577 2.352068
v 13.620842 5.033973 1.385777
v 13.551335 2.094254 2.338936
v 13.551335 5.029650 1.372644
v 13.492410 2.081943 2.301537
v 13.492410 5.017338 1.335246
v 13.453037 2.063519 2.245567
v 13.453037 4.998914 1.279275
v 13.439212 2.041785 2.179545
v 13.439212 4.977180 1.213253
v 13.453037 2.020051 2.113523
v 13.453037 4.955447 1.147231
v 13.492410 2.001626 2.057552
v 13.492410 4.937022 1.091261
v 13.551335 1.989316 2.020154
v 13.551335 4.924711 1.053862
v 13.620842 1.501991 0.539761
v 13.620842 4.437386 -0.426531
v 13.690350 1.506314 0.552893
v 13.690350 4.441709 -0.413398
v 13.749275 1.518625 0.590292
v 13.749275 4.454020 -0.376000
v 13.788647 1.537050 0.646262
v 13.788647 4.472445 -0.320029
v 13.802473 1.558783 0.712284
v 13.802473 4.494178 -0.254007
v 13.788647 1.580517 0.778306
v 13.788647 4.515912 -0.187985
v 13.749275 1.598941 0.834277
v 13.749275 4.534337 -0.132014
v 13.690350 1.611252 0.871675
v 13.690350 4.546648 -0.094616
v 13.620842 1.615576 0.884808
v 13.620842 4.550971 -0.081483
v 13.551335 1.611252 0.871675
v 13.551335 4.546648 -0.094616
v 13.492410 1.598941 0.834277
v 13.492410 4.534337 -0.132014
v 13.453037 1.580517 0.778306
v 13.453037 4.515912 -0.187985
v 13.439212 1.558783 0.712284
v 13.439212 4.494178 -0.254007
v 13.453037 1.537050 0.646262
v 13.453037 4.472445 -0.320029
v 13.492410 1.518625 0.590292
v 13.492410 4.454020 -0.376000
v 13.551335 1.506314 0.552893
v 13.551335 4.441709 -0.413398
v 10.883374 3.245850 0.755744
v 10.883374 4.672029 0.286266
v 10.952881 3.250173 0.768877
v 10.952881 4.676352 0.299399
v 11.011806 3.262484 0.806275
v 11.011806 4.688663 0.336797
v 11.051179 3.280908 0.862246
v 11.051179 4.707088 0.392768
v 11.065005 3.302642 0.928268
v 11.065005 4.728821 0.458789
v 11.051179 3.324375 0.994290
v 11.051179 4.750555 0.524811
v 11.011806 3.342800 1.050261
v 11.011806 4.768980 0.580782
v 10.952881 3.355111 1.087659
v 10.952881 4.781291 0.618180
v 10.883374 3.359434 1.100791
v 10.883374 4.785614 0.631313
v 10.813868 3.355111 1.087659
v 10.813868 4.781291 0.618180
v 10.754942 3.342800 1.050261
v 10.754942 4.768980 0.580782
v 10.715569 3.324375 0.994290
v 10.715569 4.750555 0.524811
v 10.701744 3.302642 0.928268
v 10.701744 4.728821 0.458789
v 10.715569 3.280908 0.862246
v 10.715569 4.707088 0.392768
v 10.754942 3.262484 0.806275
v 10.754942 4.688663 0.336797
v 10.813868 3.250173 0.768877
v 10.813868 4.676352 0.299399
v 6.379158 1.984993 2.007021
v 6.379158 4.920388 1.040730
v 6.309650 1.989316 2.020154
v 6.309650 4.924711 1.053862
v 6.250725 2.001626 2.057552
v 6.250725 4.937022 1.091261
v 6.211353 2.020051 2.113523
v 6.211353 4.955447 1.147231
v 6.197527 2.041785 2.179545
v 6.197527 4.977180 1.213253
v 6.211353 2.063519 2.245567
v 6.211353 4.998914 1.279275
v 6.250725 2.081943 2.301537
v 6.250725 5.017338 1.335246
v 6.309650 2.094254 2.338936
v 6.309650 5.029650 1.372644
v 6.379158 2.098577 2.352068
v 6.379158 5.033973 1.385777
v 6.448665 2.094254 2.338936
v 6.448665 5.029650 1.372644
v 6.507590 2.081943 2.301537
v 6.507590 5.017338 1.335246
v 6.546963 2.063519 2.245567
v 6.546963 4.998914 1.279275
v 6.560788 2.041785 2.179545
v 6.560788 4.977180 1.213253
v 6.546963 2.020051 2.113523
v 6.546963 4.955447 1.147231
v 6.507590 2.001626 2.057552
v 6.507590 4.937022 1.091261
v 6.448665 1.989316 2.020154
v 6.448665 4.924711 1.053862
v 6.379158 1.501991 0.539761
v 6.379158 4.437386 -0.426531
v 6.309650 1.506314 0.552893
v 6.309650 4.441709 -0.413398
v 6.250725 1.518625 0.590292
v 6.250725 4.454020 -0.376000
v 6.211353 1.537050 0.646262
v 6.211353 4.472445 -0.320029
v 6.197527 1.558783 0.712284
v 6.197527 4.494178 -0.254007
v 6.211353 1.580517 0.778306
v 6.211353 4.515912 -0.187985
v 6.250725 1.598941 0.834277
v 6.250725 4.534337 -0.132014
v 6.309650 1.611252 0.871675
v 6.309650 4.546648 -0.094616
v 6.379158 1.615576 0.884808
v 6.379158 4.550971 -0.081483
v 6.448665 1.611252 0.871675
v 6.448665 4.546648 -0.094616
v 6.507590 1.598941 0.834277
v 6.507590 4.534337 -0.132014
v 6.546963 1.580517 0.778306
v 6.546963 4.515912 -0.187985
v 6.560788 1.558783 0.712284
v 6.560788 4.494178 -0.254007
v 6.546963 1.537050 0.646262
v 6.546963 4.472445 -0.320029
v 6.507590 1.518625 0.590292
v 6.507590 4.454020 -0.376000
v 6.448665 1.506314 0.552893
v 6.448665 4.441709 -0.413398
v 9.116626 3.245850 0.755744
v 9.116626 4.672029 0.286266
v 9.047119 3.250173 0.768877
v 9.047119 4.676352 0.299399
v 8.988194 3.262484 0.806275
v 8.988194 4.688663 0.336797
v 8.948821 3.280908 0.862246
v 8.948821 4.707088 0.392768
v 8.934995 3.302642 0.928268
v 8.934995 4.728821 0.458789
v 8.948821 3.324375 0.994290
v 8.948821 4.750555 0.524811
v 8.988194 3.342800 1.050261
v 8.988194 4.768980 0.580782
v 9.047119 3.355111 1.087659
v 9.047119 4.781291 0.618180
v 9.116626 3.359434 1.100791
v 9.116626 4.785614 0.631313
v 9.186132 3.355111 1.087659
v 9.186132 4.781291 0.618180
v 9.245058 3.342800 1.050261
v 9.245058 4.768980 0.580782
v 9.284431 3.324375 0.994290
v 9.284431 4.750555 0.524811
v 9.298256 3.302642 0.928268
v 9.298256 4.728821 0.458789
v 9.284431 3.280908 0.862246
v 9.284431 4.707088 0.392768
v 9.245058 3.262484 0.806275
v 9.245058 4.688663 0.336797
v 9.186132 3.250173 0.768877
v 9.186132 4.676352 0.299399
vt 0.332480 0.776626
vt 0.491838 0.776626
vt 0.491838 0.780281
vt 0.332480 0.780280
vt 0.491838 0.783935
vt 0.332480 0.783935
vt 0.491838 0.787590
vt 0.332480 0.787590
vt 0.491838 0.791244
vt 0.332480 0.791244
vt 0.491838 0.794899
vt 0.332480 0.794899
vt 0.491838 0.798553
vt 0.332480 0.798553
vt 0.491838 0.802207
vt 0.332480 0.802208
vt 0.491838 0.805862
vt 0.332480 0.805862
vt 0.491838 0.809516
vt 0.332480 0.809517
vt 0.491838 0.813171
vt 0.332480 0.813171
vt 0.491838 0.816825
vt 0.332480 0.816826
vt 0.491838 0.820480
vt 0.332480 0.820480
vt 0.491838 0.824134
vt 0.332480 0.824135
vt 0.491838 0.827789
vt 0.332480 0.827790
vt 0.707208 0.778369
vt 0.547850 0.778369
vt 0.547850 0.774714
vt 0.707208 0.774714
vt 0.332480 0.769317
vt 0.491838 0.769317
vt 0.491838 0.772972
vt 0.332480 0.772971
vt 0.707208 0.782024
vt 0.547850 0.782023
vt 0.547850 0.771060
vt 0.707208 0.771060
vt 0.547850 0.767406
vt 0.707208 0.767405
vt 0.547850 0.763751
vt 0.707208 0.763751
vt 0.547850 0.760097
vt 0.707208 0.760096
vt 0.547850 0.756442
vt 0.707208 0.756442
vt 0.547850 0.752788
vt 0.707208 0.752787
vt 0.547850 0.749133
vt 0.707208 0.749133
vt 0.547850 0.745479
vt 0.707208 0.745478
vt 0.547850 0.741824
vt 0.707208 0.741824
vt 0.547850 0.738170
vt 0.707207 0.738169
vt 0.547850 0.734515
vt 0.707207 0.734514
vt 0.547849 0.730861
vt 0.707207 0.730860
vt 0.707208 0.789333
vt 0.547850 0.789332
vt 0.547850 0.785678
vt 0.707208 0.785678
vt 0.783709 0.693804
vt 0.706284 0.693804
vt 0.706284 0.690150
vt 0.783709 0.690150
vt 0.706284 0.686495
vt 0.783709 0.686495
vt 0.706284 0.682841
vt 0.783709 0.682841
vt 0.706284 0.679186
vt 0.783709 0.679186
vt 0.706284 0.675532
vt 0.783709 0.675532
vt 0.706284 0.671877
vt 0.783709 0.671877
vt 0.706284 0.668223
vt 0.783709 0.668223
vt 0.706284 0.664568
vt 0.783709 0.664568
vt 0.706284 0.660914
vt 0.783709 0.660914
vt 0.706284 0.657260
vt 0.783709 0.657260
vt 0.706284 0.653605
vt 0.783709 0.653605
vt 0.706284 0.649951
vt 0.783709 0.649951
vt 0.706284 0.646296
vt 0.783709 0.646296
vt 0.706284 0.642642
vt 0.783709 0.642642
vt 0.783709 0.701113
vt 0.706284 0.701113
vt 0.706284 0.697459
vt 0.783709 0.697459
vt 0.332480 0.776626
vt 0.332480 0.780280
vt 0.491838 0.780281
vt 0.491838 0.776626
vt 0.332480 0.783935
vt 0.491838 0.783935
vt 0.332480 0.787590
vt 0.491838 0.787590
vt 0.332480 0.791244
vt 0.491838 0.791244
vt 0.332480 0.794899
vt 0.491838 0.794899
vt 0.332480 0.798553
vt 0.491838 0.798553
vt 0.332480 0.802208
vt 0.491838 0.802207
vt 0.332480 0.805862
vt 0.491838 0.805862
vt 0.332480 0.809517
vt 0.491838 0.809516
vt 0.332480 0.813171
vt 0.491838 0.813171
vt 0.332480 0.816826
vt 0.491838 0.816825
vt 0.332480 0.820480
vt 0.491838 0.820480
vt 0.332480 0.824135
vt 0.491838 0.824134
vt 0.332480 0.827790
vt 0.491838 0.827789
vt 0.707208 0.778369
vt 0.707208 0.774714
vt 0.547850 0.774714
vt 0.547850 0.778369
vt 0.332480 0.769317
vt 0.332480 0.772971
vt 0.491838 0.772972
vt 0.491838 0.769317
vt 0.707208 0.782024
vt 0.547850 0.782023
vt 0.707208 0.771060
vt 0.547850 0.771060
vt 0.707208 0.767405
vt 0.547850 0.767406
vt 0.707208 0.763751
vt 0.547850 0.763751
vt 0.707208 0.760096
vt 0.547850 0.760097
vt 0.707208 0.756442
vt 0.547850 0.756442
vt 0.707208 0.752787
vt 0.547850 0.752788
vt 0.707208 0.749133
vt 0.547850 0.749133
vt 0.707208 0.745478
vt 0.547850 0.745479
vt 0.707208 0.741824
vt 0.547850 0.741824
vt 0.707207 0.738169
vt 0.547850 0.738170
vt 0.707207 0.734514
vt 0.547850 0.734515
vt 0.707207 0.730860
vt 0.547849 0.730861
vt 0.707208 0.789333
vt 0.707208 0.785678
vt 0.547850 0.785678
vt 0.547850 0.789332
vt 0.783709 0.693804
vt 0.783709 0.690150
vt 0.706284 0.690150
vt 0.706284 0.693804
vt 0.783709 0.686495
vt 0.706284 0.686495
vt 0.783709 0.682841
vt 0.706284 0.682841
vt 0.783709 0.679186
vt 0.706284 0.679186
vt 0.783709 0.675532
vt 0.706284 0.675532
vt 0.783709 0.671877
vt 0.706284 0.671877
vt 0.783709 0.668223
vt 0.706284 0.668223
vt 0.783709 0.664568
vt 0.706284 0.664568
vt 0.783709 0.660914
vt 0.706284 0.660914
vt 0.783709 0.657260
vt 0.706284 0.657260
vt 0.783709 0.653605
vt 0.706284 0.653605
vt 0.783709 0.649951
vt 0.706284 0.649951
vt 0.783709 0.646296
vt 0.706284 0.646296
vt 0.783709 0.642642
vt 0.706284 0.642642
vt 0.783709 0.701113
vt 0.783709 0.697459
vt 0.706284 0.697459
vt 0.706284 0.701113
vn 0.0000 -0.3127 -0.9499
vn 0.3827 -0.2889 -0.8775
vn 0.7071 -0.2211 -0.6716
vn 0.9239 -0.1196 -0.3635
vn 1.0000 0.0000 0.0000
vn 0.9239 0.1196 0.3635
vn 0.7071 0.2211 0.6716
vn 0.3827 0.2889 0.8775
vn 0.0000 0.3127 0.9499
vn -0.3827 0.2889 0.8775
vn -0.7071 0.2211 0.6717
vn -0.9239 0.1196 0.3635
vn -1.0000 0.0000 0.0000
vn -0.9239 -0.1196 -0.3635
vn -0.7071 -0.2211 -0.6717
vn -0.3827 -0.2889 -0.8775
vn -0.7071 -0.2211 -0.6716
vn 0.7071 0.2211 0.6717
vn -0.7071 0.2211 0.6716
vn 0.7071 -0.2211 -0.6717
usemtl WoodToy3
s 1
f 5372/6041/3466 5373/6042/3466 5375/6043/3467 5374/6044/3467
f 5374/6044/3467 5375/6043/3467 5377/6045/3468 5376/6046/3468
f 5376/6046/3468 5377/6045/3468 5379/6047/3469 5378/6048/3469
f 5378/6048/3469 5379/6047/3469 5381/6049/3470 5380/6050/3470
f 5380/6050/3470 5381/6049/3470 5383/6051/3471 5382/6052/3471
f 5382/6052/3471 5383/6051/3471 5385/6053/3472 5384/6054/3472
f 5384/6054/3472 5385/6053/3472 5387/6055/3473 5386/6056/3473
f 5386/6056/3473 5387/6055/3473 5389/6057/3474 5388/6058/3474
f 5388/6058/3474 5389/6057/3474 5391/6059/3475 5390/6060/3475
f 5390/6060/3475 5391/6059/3475 5393/6061/3476 5392/6062/3476
f 5392/6062/3476 5393/6061/3476 5395/6063/3477 5394/6064/3477
f 5394/6064/3477 5395/6063/3477 5397/6065/3478 5396/6066/3478
f 5396/6066/3478 5397/6065/3478 5399/6067/3479 5398/6068/3479
f 5398/6068/3479 5399/6067/3479 5401/6069/3480 5400/6070/3480
f 5406/6071/3467 5407/6072/3467 5409/6073/3468 5408/6074/3468
f 5400/6075/3480 5401/6076/3480 5403/6077/3481 5402/6078/3481
f 5402/6078/3481 5403/6077/3481 5373/6042/3466 5372/6041/3466
f 5404/6079/3466 5405/6080/3466 5407/6072/3467 5406/6071/3467
f 5408/6074/3468 5409/6073/3468 5411/6081/3469 5410/6082/3469
f 5410/6082/3469 5411/6081/3469 5413/6083/3470 5412/6084/3470
f 5412/6084/3470 5413/6083/3470 5415/6085/3471 5414/6086/3471
f 5414/6086/3471 5415/6085/3471 5417/6087/3472 5416/6088/3472
f 5416/6088/3472 5417/6087/3472 5419/6089/3473 5418/6090/3473
f 5418/6090/3473 5419/6089/3473 5421/6091/3474 5420/6092/3474
f 5420/6092/3474 5421/6091/3474 5423/6093/3475 5422/6094/3475
f 5422/6094/3475 5423/6093/3475 5425/6095/3476 5424/6096/3476
f 5424/6096/3476 5425/6095/3476 5427/6097/3477 5426/6098/3477
f 5426/6098/3477 5427/6097/3477 5429/6099/3478 5428/6100/3478
f 5428/6100/3478 5429/6099/3478 5431/6101/3479 5430/6102/3479
f 5430/6102/3479 5431/6101/3479 5433/6103/3482 5432/6104/3482
f 5432/6105/3482 5433/6106/3482 5435/6107/3481 5434/6108/3481
f 5434/6108/3481 5435/6107/3481 5405/6080/3466 5404/6079/3466
f 5436/6109/3466 5437/6110/3466 5439/6111/3467 5438/6112/3467
f 5438/6112/3467 5439/6111/3467 5441/6113/3468 5440/6114/3468
f 5440/6114/3468 5441/6113/3468 5443/6115/3469 5442/6116/3469
f 5442/6116/3469 5443/6115/3469 5445/6117/3470 5444/6118/3470
f 5444/6118/3470 5445/6117/3470 5447/6119/3471 5446/6120/3471
f 5446/6120/3471 5447/6119/3471 5449/6121/3483 5448/6122/3483
f 5448/6122/3483 5449/6121/3483 5451/6123/3473 5450/6124/3473
f 5450/6124/3473 5451/6123/3473 5453/6125/3474 5452/6126/3474
f 5452/6126/3474 5453/6125/3474 5455/6127/3475 5454/6128/3475
f 5454/6128/3475 5455/6127/3475 5457/6129/3476 5456/6130/3476
f 5456/6130/3476 5457/6129/3476 5459/6131/3477 5458/6132/3477
f 5458/6132/3477 5459/6131/3477 5461/6133/3478 5460/6134/3478
f 5460/6134/3478 5461/6133/3478 5463/6135/3479 5462/6136/3479
f 5462/6136/3479 5463/6135/3479 5465/6137/3480 5464/6138/3480
f 5464/6139/3480 5465/6140/3480 5467/6141/3481 5466/6142/3481
f 5466/6142/3481 5467/6141/3481 5437/6110/3466 5436/6109/3466
f 5468/6143/3466 5470/6144/3481 5471/6145/3481 5469/6146/3466
f 5470/6144/3481 5472/6147/3482 5473/6148/3482 5471/6145/3481
f 5472/6147/3482 5474/6149/3479 5475/6150/3479 5473/6148/3482
f 5474/6149/3479 5476/6151/3478 5477/6152/3478 5475/6150/3479
f 5476/6151/3478 5478/6153/3477 5479/6154/3477 5477/6152/3478
f 5478/6153/3477 5480/6155/3484 5481/6156/3484 5479/6154/3477
f 5480/6155/3484 5482/6157/3475 5483/6158/3475 5481/6156/3484
f 5482/6157/3475 5484/6159/3474 5485/6160/3474 5483/6158/3475
f 5484/6159/3474 5486/6161/3473 5487/6162/3473 5485/6160/3474
f 5486/6161/3473 5488/6163/3483 5489/6164/3483 5487/6162/3473
f 5488/6163/3483 5490/6165/3471 5491/6166/3471 5489/6164/3483
f 5490/6165/3471 5492/6167/3470 5493/6168/3470 5491/6166/3471
f 5492/6167/3470 5494/6169/3469 5495/6170/3469 5493/6168/3470
f 5494/6169/3469 5496/6171/3485 5497/6172/3485 5495/6170/3469
f 5502/6173/3481 5504/6174/3482 5505/6175/3482 5503/6176/3481
f 5496/6177/3485 5498/6178/3467 5499/6179/3467 5497/6180/3485
f 5498/6178/3467 5468/6143/3466 5469/6146/3466 5499/6179/3467
f 5500/6181/3466 5502/6173/3481 5503/6176/3481 5501/6182/3466
f 5504/6174/3482 5506/6183/3479 5507/6184/3479 5505/6175/3482
f 5506/6183/3479 5508/6185/3478 5509/6186/3478 5507/6184/3479
f 5508/6185/3478 5510/6187/3477 5511/6188/3477 5509/6186/3478
f 5510/6187/3477 5512/6189/3484 5513/6190/3484 5511/6188/3477
f 5512/6189/3484 5514/6191/3475 5515/6192/3475 5513/6190/3484
f 5514/6191/3475 5516/6193/3474 5517/6194/3474 5515/6192/3475
f 5516/6193/3474 5518/6195/3473 5519/6196/3473 5517/6194/3474
f 5518/6195/3473 5520/6197/3483 5521/6198/3483 5519/6196/3473
f 5520/6197/3483 5522/6199/3471 5523/6200/3471 5521/6198/3483
f 5522/6199/3471 5524/6201/3470 5525/6202/3470 5523/6200/3471
f 5524/6201/3470 5526/6203/3469 5527/6204/3469 5525/6202/3470
f 5526/6203/3469 5528/6205/3468 5529/6206/3468 5527/6204/3469
f 5528/6207/3468 5530/6208/3467 5531/6209/3467 5529/6210/3468
f 5530/6208/3467 5500/6181/3466 5501/6182/3466 5531/6209/3467
f 5532/6211/3466 5534/6212/3481 5535/6213/3481 5533/6214/3466
f 5534/6212/3481 5536/6215/3482 5537/6216/3482 5535/6213/3481
f 5536/6215/3482 5538/6217/3479 5539/6218/3479 5537/6216/3482
f 5538/6217/3479 5540/6219/3478 5541/6220/3478 5539/6218/3479
f 5540/6219/3478 5542/6221/3477 5543/6222/3477 5541/6220/3478
f 5542/6221/3477 5544/6223/3476 5545/6224/3476 5543/6222/3477
f 5544/6223/3476 5546/6225/3475 5547/6226/3475 5545/6224/3476
f 5546/6225/3475 5548/6227/3474 5549/6228/3474 5547/6226/3475
f 5548/6227/3474 5550/6229/3473 5551/6230/3473 5549/6228/3474
f 5550/6229/3473 5552/6231/3483 5553/6232/3483 5551/6230/3473
f 5552/6231/3483 5554/6233/3471 5555/6234/3471 5553/6232/3483
f 5554/6233/3471 5556/6235/3470 5557/6236/3470 5555/6234/3471
f 5556/6235/3470 5558/6237/3469 5559/6238/3469 5557/6236/3470
f 5558/6237/3469 5560/6239/3485 5561/6240/3485 5559/6238/3469
f 5560/6241/3485 5562/6242/3467 5563/6243/3467 5561/6244/3485
f 5562/6242/3467 5532/6211/3466 5533/6214/3466 5563/6243/3467
o Cube.007_Cube.009
v 9.876193 1.101275 -6.152230
v 9.876193 0.228467 -7.523159
v 10.123807 1.101275 -6.152230
v 10.123807 0.228467 -7.523159
v 9.876193 1.737840 -6.557502
v 9.876193 1.987833 -7.679964
v 9.876193 1.928560 -6.726137
v 9.876193 2.057835 -6.945453
v 9.876193 2.113010 -7.193984
v 9.876193 2.088685 -7.447400
v 9.876193 0.865033 -7.928432
v 9.876193 1.819792 -7.869752
v 9.876193 1.600476 -7.999027
v 9.876193 1.351945 -8.054202
v 9.876193 1.098529 -8.029877
v 10.123807 1.987833 -7.679964
v 10.123807 1.737840 -6.557502
v 10.123807 2.088685 -7.447400
v 10.123807 2.113010 -7.193984
v 10.123807 2.057835 -6.945453
v 10.123807 1.928560 -6.726137
v 10.123807 0.865033 -7.928432
v 10.123807 1.098529 -8.029877
v 10.123807 1.351945 -8.054202
v 10.123807 1.600476 -7.999027
v 10.123807 1.819792 -7.869752
v 10.123807 1.987833 -7.679964
v 10.123807 1.819792 -7.869752
v 9.876193 1.600476 -7.999027
v 9.876193 1.819792 -7.869752
v 10.123807 1.600476 -7.999027
v 9.876193 1.351945 -8.054202
v 10.123807 1.351945 -8.054202
v 9.876193 1.098529 -8.029877
v 10.123807 1.098529 -8.029877
v 9.876193 0.865033 -7.928432
v 10.123807 0.865033 -7.928432
v 10.123807 2.088685 -7.447400
v 9.876193 1.987833 -7.679964
v 9.876193 2.088685 -7.447400
v 10.123807 2.113010 -7.193984
v 9.876193 2.113010 -7.193984
v 10.123807 2.057835 -6.945453
v 9.876193 2.057835 -6.945453
v 10.123807 1.928560 -6.726137
v 9.876193 1.928560 -6.726137
v 10.123807 1.737840 -6.557502
v 9.876193 1.737840 -6.557502
v 10.123807 1.101275 -6.152230
v 9.876193 1.101275 -6.152230
v 9.876193 0.228467 -7.523159
v 10.123807 0.228467 -7.523159
vt 0.799174 0.910757
vt 0.762398 0.910757
vt 0.750144 0.908817
vt 0.739090 0.903184
vt 0.730317 0.894411
vt 0.724685 0.883357
vt 0.722744 0.871157
vt 0.724685 0.858957
vt 0.730317 0.847903
vt 0.739090 0.839130
vt 0.750144 0.833497
vt 0.762398 0.831557
vt 0.799174 0.831557
vt 0.411681 0.843326
vt 0.411681 0.880102
vt 0.409740 0.892355
vt 0.404108 0.903410
vt 0.395335 0.912182
vt 0.384281 0.917815
vt 0.372081 0.919756
vt 0.359881 0.917815
vt 0.348826 0.912183
vt 0.340053 0.903410
vt 0.334421 0.892355
vt 0.332480 0.880102
vt 0.332480 0.843326
vt 0.968277 0.264739
vt 0.968277 0.301514
vt 0.956210 0.301514
vt 0.956210 0.264739
vt 0.968277 0.363494
vt 0.956210 0.363494
vt 0.956210 0.351140
vt 0.968277 0.351140
vt 0.956210 0.338734
vt 0.968277 0.338734
vt 0.956210 0.326327
vt 0.968277 0.326327
vt 0.956210 0.313921
vt 0.968277 0.313921
vt 0.968277 0.375847
vt 0.956210 0.375847
vt 0.968277 0.388254
vt 0.956210 0.388254
vt 0.968277 0.400660
vt 0.956210 0.400660
vt 0.968277 0.413067
vt 0.956210 0.413067
vt 0.968277 0.425473
vt 0.956210 0.425473
vt 0.956210 0.462249
vt 0.968277 0.462249
vn 1.0000 0.0000 0.0000
vn -1.0000 0.0000 0.0000
vn 0.0000 -0.5370 -0.8435
vn 0.0000 -0.4692 -0.8831
vn 0.0000 0.8435 -0.5370
vn 0.0000 0.6360 -0.7716
vn 0.0000 0.3668 -0.9303
vn 0.0000 0.0613 -0.9981
vn 0.0000 -0.2501 -0.9682
vn 0.0000 0.9683 -0.2497
vn 0.0000 0.9981 0.0613
vn 0.0000 0.9303 0.3668
vn 0.0000 0.7714 0.6363
vn 0.0000 0.6016 0.7988
vn 0.0000 0.5370 0.8435
usemtl WoodToy3
s 1
f 5567/6245/3486 5600/6246/3486 5598/6247/3486 5596/6248/3486 5594/6249/3486 5591/6250/3486 5590/6251/3486 5601/6252/3486 5604/6253/3486 5606/6254/3486 5608/6255/3486 5610/6256/3486 5612/6257/3486
f 5613/6258/3487 5611/6259/3487 5609/6260/3487 5607/6261/3487 5605/6262/3487 5603/6263/3487 5569/6264/3487 5575/6265/3487 5592/6266/3487 5595/6267/3487 5597/6268/3487 5599/6269/3487 5614/6270/3487
f 5565/6271/3488 5574/6272/3489 5585/6273/3489 5615/6274/3488
f 5602/6275/3490 5579/6276/3490 5589/6277/3491 5593/6278/3491
f 5593/6278/3491 5589/6277/3491 5588/6279/3492 5576/6280/3492
f 5576/6280/3492 5588/6279/3492 5587/6281/3493 5577/6282/3493
f 5577/6282/3493 5587/6281/3493 5586/6283/3494 5578/6284/3494
f 5578/6284/3494 5586/6283/3494 5585/6273/3489 5574/6272/3489
f 5579/6276/3490 5602/6275/3490 5573/6285/3495 5581/6286/3495
f 5581/6286/3495 5573/6285/3495 5572/6287/3496 5582/6288/3496
f 5582/6288/3496 5572/6287/3496 5571/6289/3497 5583/6290/3497
f 5583/6290/3497 5571/6289/3497 5570/6291/3498 5584/6292/3498
f 5584/6292/3498 5570/6291/3498 5568/6293/3499 5580/6294/3499
f 5566/6295/3500 5580/6294/3499 5568/6293/3499 5564/6296/3500
o Cube.008_Cube.010
v 10.409573 0.566526 -5.852923
v 10.409573 0.768200 -5.919312
v 10.054662 0.057688 -7.398670
v 10.054662 0.259361 -7.465058
v 11.830871 0.059411 -7.393436
v 11.787718 0.111273 -7.235888
v 11.834951 0.072164 -7.354694
v 11.828350 0.086698 -7.310542
v 11.811764 0.100432 -7.268823
v 11.787718 0.312947 -7.302276
v 11.830871 0.261084 -7.459824
v 11.811764 0.302105 -7.335211
v 11.828350 0.288372 -7.376930
v 11.834951 0.273838 -7.421082
v 11.707724 0.031504 -7.478209
v 11.747317 0.033179 -7.473124
v 11.784683 0.039140 -7.455014
v 11.814132 0.048481 -7.426638
v 11.707724 0.233178 -7.544597
v 11.814132 0.250155 -7.493026
v 11.784683 0.240813 -7.521402
v 11.747317 0.234852 -7.539512
v 11.814132 0.250155 -7.493026
v 11.830871 0.261084 -7.459824
v 11.784683 0.240813 -7.521402
v 11.814132 0.048481 -7.426638
v 11.784683 0.039140 -7.455014
v 11.747317 0.234852 -7.539512
v 11.747317 0.033179 -7.473124
v 11.707724 0.233178 -7.544597
v 11.707724 0.031504 -7.478209
v 11.811764 0.302105 -7.335211
v 11.787718 0.312947 -7.302276
v 11.787718 0.111273 -7.235888
v 11.811764 0.100432 -7.268823
v 11.828350 0.288372 -7.376930
v 11.828350 0.086698 -7.310542
v 11.834951 0.273838 -7.421082
v 11.834951 0.072164 -7.354694
v 11.830871 0.059411 -7.393436
v 10.054662 0.057688 -7.398670
v 10.409573 0.566526 -5.852923
v 10.409573 0.768200 -5.919312
v 10.054662 0.259361 -7.465058
v 9.590427 0.566526 -5.852923
v 9.590427 0.768200 -5.919312
v 9.945338 0.057688 -7.398669
v 9.945338 0.259361 -7.465057
v 8.169129 0.059411 -7.393436
v 8.212282 0.111273 -7.235887
v 8.165049 0.072164 -7.354694
v 8.171650 0.086698 -7.310542
v 8.188236 0.100432 -7.268823
v 8.212282 0.312947 -7.302276
v 8.169129 0.261084 -7.459824
v 8.188236 0.302105 -7.335211
v 8.171650 0.288372 -7.376930
v 8.165049 0.273838 -7.421082
v 8.292276 0.031504 -7.478209
v 8.252683 0.033179 -7.473124
v 8.215317 0.039140 -7.455014
v 8.185869 0.048481 -7.426638
v 8.292276 0.233178 -7.544597
v 8.185869 0.250155 -7.493026
v 8.215317 0.240814 -7.521402
v 8.252683 0.234852 -7.539512
v 8.185869 0.250155 -7.493026
v 8.169129 0.261084 -7.459824
v 8.215317 0.240814 -7.521402
v 8.185869 0.048481 -7.426638
v 8.215317 0.039140 -7.455014
v 8.252683 0.234852 -7.539512
v 8.252683 0.033179 -7.473124
v 8.292276 0.233178 -7.544597
v 8.292276 0.031504 -7.478209
v 8.188236 0.302105 -7.335211
v 8.212282 0.312947 -7.302276
v 8.212282 0.111273 -7.235887
v 8.188236 0.100432 -7.268823
v 8.171650 0.288372 -7.376930
v 8.171650 0.086698 -7.310542
v 8.165049 0.273838 -7.421082
v 8.165049 0.072164 -7.354694
v 8.169129 0.059411 -7.393436
v 9.945338 0.057688 -7.398669
v 9.590427 0.566526 -5.852923
v 9.590427 0.768200 -5.919312
v 9.945338 0.259361 -7.465057
vt 0.825247 0.926294
vt 0.825247 0.937150
vt 0.722744 0.937150
vt 0.722744 0.926294
vt 0.706284 0.561571
vt 0.706739 0.559643
vt 0.707884 0.557830
vt 0.709543 0.556470
vt 0.711463 0.555771
vt 0.794954 0.541945
vt 0.794954 0.627105
vt 0.710246 0.569387
vt 0.708667 0.567917
vt 0.707360 0.565903
vt 0.706524 0.563653
vt 0.927242 0.926294
vt 0.927242 0.937150
vt 0.842615 0.937150
vt 0.842615 0.926294
vt 0.834301 0.937150
vt 0.834301 0.926294
vt 0.836283 0.926294
vt 0.836283 0.937150
vt 0.838427 0.926294
vt 0.838427 0.937150
vt 0.840572 0.926294
vt 0.840572 0.937150
vt 0.827404 0.926294
vt 0.827404 0.937150
vt 0.829805 0.926294
vt 0.829805 0.937150
vt 0.832205 0.926294
vt 0.832205 0.937150
vt 0.811414 0.816020
vt 0.727924 0.802194
vt 0.726004 0.801495
vt 0.724345 0.800135
vt 0.723199 0.798322
vt 0.722744 0.796394
vt 0.722985 0.794312
vt 0.723821 0.792062
vt 0.725128 0.790048
vt 0.726707 0.788578
vt 0.811414 0.730860
vt 0.825247 0.926294
vt 0.722744 0.926294
vt 0.722744 0.937150
vt 0.825247 0.937150
vt 0.706284 0.561571
vt 0.706524 0.563653
vt 0.707360 0.565903
vt 0.708667 0.567917
vt 0.710246 0.569387
vt 0.794954 0.627105
vt 0.794954 0.541945
vt 0.711463 0.555771
vt 0.709543 0.556470
vt 0.707884 0.557830
vt 0.706739 0.559643
vt 0.927242 0.926294
vt 0.842615 0.926294
vt 0.842615 0.937150
vt 0.927242 0.937150
vt 0.834301 0.937150
vt 0.836283 0.937150
vt 0.836283 0.926294
vt 0.834301 0.926294
vt 0.838427 0.937150
vt 0.838427 0.926294
vt 0.840572 0.937150
vt 0.840572 0.926294
vt 0.827404 0.937150
vt 0.827404 0.926294
vt 0.829805 0.937150
vt 0.829805 0.926294
vt 0.832205 0.937150
vt 0.832205 0.926294
vt 0.811414 0.816020
vt 0.811414 0.730860
vt 0.726707 0.788578
vt 0.725128 0.790048
vt 0.723821 0.792062
vt 0.722985 0.794312
vt 0.722744 0.796394
vt 0.723199 0.798322
vt 0.724345 0.800135
vt 0.726004 0.801495
vt 0.727924 0.802194
vn 0.7762 0.1971 0.5988
vn 0.7262 0.2149 0.6529
vn 0.0000 0.9499 -0.3127
vn -0.0506 -0.3123 -0.9486
vn 0.0419 -0.3124 -0.9490
vn 0.9629 -0.0844 -0.2562
vn 0.8182 -0.1797 -0.5460
vn 0.5909 -0.2522 -0.7663
vn 0.2985 -0.2984 -0.9066
vn 0.8853 0.1454 0.4417
vn 0.9686 0.0777 0.2360
vn 0.9998 0.0064 0.0196
vn 0.0000 -0.9499 0.3127
vn -0.7762 0.1971 0.5988
vn -0.7262 0.2149 0.6529
vn 0.0506 -0.3123 -0.9486
vn -0.0419 -0.3124 -0.9490
vn -0.9629 -0.0844 -0.2562
vn -0.8182 -0.1797 -0.5460
vn -0.5909 -0.2522 -0.7663
vn -0.2985 -0.2984 -0.9066
vn -0.8853 0.1454 0.4417
vn -0.9686 0.0777 0.2360
vn -0.9998 0.0064 0.0196
usemtl WoodToy3
s 1
f 5649/6297/3501 5625/6298/3501 5658/6299/3502 5616/6300/3502
f 5639/6301/3503 5638/6302/3503 5640/6303/3503 5643/6304/3503 5645/6305/3503 5659/6306/3503 5617/6307/3503 5648/6308/3503 5647/6309/3503 5651/6310/3503 5653/6311/3503
f 5618/6312/3504 5619/6313/3504 5634/6314/3505 5646/6315/3505
f 5626/6316/3506 5655/6317/3506 5641/6318/3507 5635/6319/3507
f 5635/6319/3507 5641/6318/3507 5642/6320/3508 5636/6321/3508
f 5636/6321/3508 5642/6320/3508 5644/6322/3509 5637/6323/3509
f 5637/6323/3509 5644/6322/3509 5646/6315/3505 5634/6314/3505
f 5625/6298/3501 5649/6297/3501 5650/6324/3510 5627/6325/3510
f 5627/6325/3510 5650/6324/3510 5652/6326/3511 5628/6327/3511
f 5628/6327/3511 5652/6326/3511 5654/6328/3512 5629/6329/3512
f 5629/6329/3512 5654/6328/3512 5655/6317/3506 5626/6316/3506
f 5656/6330/3513 5630/6331/3513 5631/6332/3513 5632/6333/3513 5633/6334/3513 5620/6335/3513 5622/6336/3513 5623/6337/3513 5624/6338/3513 5621/6339/3513 5657/6340/3513
f 5693/6341/3514 5660/6342/3515 5702/6343/3515 5669/6344/3514
f 5683/6345/3503 5697/6346/3503 5695/6347/3503 5691/6348/3503 5692/6349/3503 5661/6350/3503 5703/6351/3503 5689/6352/3503 5687/6353/3503 5684/6354/3503 5682/6355/3503
f 5662/6356/3516 5690/6357/3517 5678/6358/3517 5663/6359/3516
f 5670/6360/3518 5679/6361/3519 5685/6362/3519 5699/6363/3518
f 5679/6361/3519 5680/6364/3520 5686/6365/3520 5685/6362/3519
f 5680/6364/3520 5681/6366/3521 5688/6367/3521 5686/6365/3520
f 5681/6366/3521 5678/6358/3517 5690/6357/3517 5688/6367/3521
f 5669/6344/3514 5671/6368/3522 5694/6369/3522 5693/6341/3514
f 5671/6368/3522 5672/6370/3523 5696/6371/3523 5694/6369/3522
f 5672/6370/3523 5673/6372/3524 5698/6373/3524 5696/6371/3523
f 5673/6372/3524 5670/6360/3518 5699/6363/3518 5698/6373/3524
f 5700/6374/3513 5701/6375/3513 5665/6376/3513 5668/6377/3513 5667/6378/3513 5666/6379/3513 5664/6380/3513 5677/6381/3513 5676/6382/3513 5675/6383/3513 5674/6384/3513
o Cube.009_Cube.011
v 10.000000 3.486183 3.137519
v 10.000000 3.797949 3.034890
v 10.000000 3.537979 3.294864
v 10.000000 3.849745 3.192235
v 11.792161 3.403877 3.339008
v 12.128028 3.693862 3.243549
v 11.920691 3.418619 3.334155
v 12.029655 3.479836 3.314003
v 12.102462 3.578209 3.281621
v 11.792161 3.983847 3.148090
v 12.102462 3.809515 3.205478
v 12.029655 3.907887 3.173095
v 11.920691 3.969104 3.152943
v 12.128028 3.642066 3.086204
v 11.792161 3.352081 3.181663
v 12.102462 3.526413 3.124276
v 12.029655 3.428041 3.156658
v 11.920691 3.366823 3.176810
v 11.792161 3.932051 2.990745
v 11.920691 3.917309 2.995598
v 12.029655 3.856091 3.015750
v 12.102462 3.757719 3.048133
v 8.207839 3.403877 3.339008
v 7.871972 3.693862 3.243549
v 8.079309 3.418619 3.334155
v 7.970345 3.479836 3.314003
v 7.897538 3.578209 3.281621
v 8.207839 3.983847 3.148090
v 7.897538 3.809515 3.205478
v 7.970345 3.907887 3.173095
v 8.079309 3.969104 3.152943
v 7.871972 3.642066 3.086204
v 8.207839 3.352081 3.181663
v 7.897538 3.526413 3.124276
v 7.970345 3.428041 3.156658
v 8.079309 3.366823 3.176810
v 8.207839 3.932051 2.990745
v 8.079309 3.917309 2.995598
v 7.970345 3.856091 3.015750
v 7.897538 3.757719 3.048133
v 12.102462 3.809515 3.205478
v 12.128028 3.693862 3.243549
v 11.920691 3.418619 3.334155
v 11.792161 3.403877 3.339008
v 11.792161 3.352081 3.181663
v 11.920691 3.366823 3.176810
v 12.029655 3.479836 3.314003
v 12.029655 3.428041 3.156658
v 12.102462 3.578209 3.281621
v 12.102462 3.526413 3.124276
v 12.128028 3.642066 3.086204
v 11.920691 3.917309 2.995598
v 11.792161 3.932051 2.990745
v 11.792161 3.983847 3.148090
v 11.920691 3.969104 3.152943
v 12.029655 3.856091 3.015750
v 12.029655 3.907887 3.173095
v 12.102462 3.757719 3.048133
v 10.000000 3.486183 3.137519
v 10.000000 3.537979 3.294864
v 10.000000 3.849745 3.192235
v 10.000000 3.797949 3.034890
v 7.897538 3.809515 3.205478
v 7.871972 3.693862 3.243549
v 8.079309 3.418619 3.334155
v 8.207839 3.403877 3.339008
v 8.207839 3.352081 3.181663
v 8.079309 3.366823 3.176810
v 7.970345 3.479836 3.314003
v 7.970345 3.428041 3.156658
v 7.897538 3.578209 3.281621
v 7.897538 3.526413 3.124276
v 7.871972 3.642066 3.086204
v 8.079309 3.917309 2.995598
v 8.207839 3.932051 2.990745
v 8.207839 3.983847 3.148090
v 8.079309 3.969104 3.152943
v 7.970345 3.856091 3.015750
v 7.970345 3.907887 3.173095
v 7.897538 3.757719 3.048133
vt 0.992232 0.743684
vt 0.990939 0.750099
vt 0.987259 0.755333
vt 0.981752 0.758591
vt 0.975515 0.759396
vt 0.969481 0.757625
vt 0.964551 0.753545
vt 0.961736 0.747798
vt 0.961464 0.741260
vt 0.975692 0.651512
vt 0.992232 0.652815
vt 0.970438 0.477785
vt 0.986978 0.479088
vt 0.986978 0.569957
vt 0.985685 0.576372
vt 0.982005 0.581607
vt 0.976497 0.584864
vt 0.970260 0.585669
vt 0.964226 0.583898
vt 0.959297 0.579818
vt 0.956482 0.574071
vt 0.956210 0.567533
vt 0.950033 0.098637
vt 0.950033 0.007768
vt 0.958406 0.007768
vt 0.958406 0.098637
vt 0.958406 0.149898
vt 0.950033 0.149898
vt 0.950033 0.143354
vt 0.958406 0.143354
vt 0.950033 0.136955
vt 0.958406 0.136955
vt 0.950033 0.130556
vt 0.958406 0.130556
vt 0.950033 0.124267
vt 0.958406 0.124267
vt 0.958406 0.105181
vt 0.950033 0.105181
vt 0.958406 0.111580
vt 0.950033 0.111580
vt 0.958406 0.117979
vt 0.950033 0.117979
vt 0.950033 0.240766
vt 0.958406 0.240766
vt 0.992232 0.743684
vt 0.961464 0.741260
vt 0.961736 0.747798
vt 0.964551 0.753545
vt 0.969481 0.757625
vt 0.975515 0.759396
vt 0.981752 0.758591
vt 0.987259 0.755333
vt 0.990939 0.750099
vt 0.956210 0.567533
vt 0.956482 0.574071
vt 0.959297 0.579818
vt 0.964226 0.583898
vt 0.970260 0.585669
vt 0.976497 0.584864
vt 0.982005 0.581607
vt 0.985685 0.576372
vt 0.986978 0.569957
vt 0.950033 0.098637
vt 0.958406 0.098637
vt 0.958406 0.149898
vt 0.958406 0.143354
vt 0.950033 0.143354
vt 0.950033 0.149898
vt 0.958406 0.136955
vt 0.950033 0.136955
vt 0.958406 0.130556
vt 0.950033 0.130556
vt 0.958406 0.124267
vt 0.950033 0.124267
vt 0.950033 0.105181
vt 0.958406 0.105181
vt 0.950033 0.111580
vt 0.958406 0.111580
vt 0.950033 0.117979
vt 0.958406 0.117979
vn 0.0000 0.3127 0.9499
vn 0.0000 -0.3127 -0.9499
vn 0.0208 0.9496 -0.3126
vn 0.0000 0.9498 -0.3127
vn 0.0208 -0.9496 0.3126
vn 0.3213 -0.8995 0.2961
vn 0.6788 -0.6975 0.2296
vn 0.9172 -0.3785 0.1246
vn 1.0000 0.0000 0.0000
vn 0.3213 0.8995 -0.2961
vn 0.6788 0.6975 -0.2296
vn 0.9172 0.3785 -0.1246
vn 0.0000 -0.9499 0.3127
vn -0.0208 0.9496 -0.3126
vn -0.0208 -0.9496 0.3126
vn -0.3213 -0.8995 0.2961
vn -0.6788 -0.6975 0.2296
vn -0.9172 -0.3785 0.1246
vn -1.0000 0.0000 0.0000
vn -0.3213 0.8995 -0.2961
vn -0.6788 0.6975 -0.2296
vn -0.9172 0.3785 -0.1246
usemtl WoodToy3
s 1
f 5747/6385/3525 5746/6386/3525 5750/6387/3525 5752/6388/3525 5745/6389/3525 5744/6390/3525 5760/6391/3525 5758/6392/3525 5713/6393/3525 5707/6394/3525 5706/6395/3525
f 5704/6396/3526 5705/6397/3526 5756/6398/3526 5755/6399/3526 5759/6400/3526 5761/6401/3526 5754/6402/3526 5753/6403/3526 5751/6404/3526 5749/6405/3526 5718/6406/3526
f 5722/6407/3527 5765/6408/3528 5764/6409/3528 5757/6410/3527
f 5708/6411/3529 5748/6412/3529 5721/6413/3530 5710/6414/3530
f 5710/6414/3530 5721/6413/3530 5720/6415/3531 5711/6416/3531
f 5711/6416/3531 5720/6415/3531 5719/6417/3532 5712/6418/3532
f 5712/6418/3532 5719/6417/3532 5717/6419/3533 5709/6420/3533
f 5722/6407/3527 5757/6410/3527 5716/6421/3534 5723/6422/3534
f 5723/6422/3534 5716/6421/3534 5715/6423/3535 5724/6424/3535
f 5724/6424/3535 5715/6423/3535 5714/6425/3536 5725/6426/3536
f 5725/6426/3536 5714/6425/3536 5709/6420/3533 5717/6419/3533
f 5762/6427/3537 5748/6412/3529 5708/6411/3529 5763/6428/3537
f 5769/6429/3525 5706/6395/3525 5707/6394/3525 5731/6430/3525 5780/6431/3525 5782/6432/3525 5766/6433/3525 5767/6434/3525 5774/6435/3525 5772/6436/3525 5768/6437/3525
f 5704/6396/3526 5736/6438/3526 5771/6439/3526 5773/6440/3526 5775/6441/3526 5776/6442/3526 5783/6443/3526 5781/6444/3526 5777/6445/3526 5778/6446/3526 5705/6397/3526
f 5740/6447/3538 5779/6448/3538 5764/6409/3528 5765/6408/3528
f 5726/6449/3539 5728/6450/3540 5739/6451/3540 5770/6452/3539
f 5728/6450/3540 5729/6453/3541 5738/6454/3541 5739/6451/3540
f 5729/6453/3541 5730/6455/3542 5737/6456/3542 5738/6454/3541
f 5730/6455/3542 5727/6457/3543 5735/6458/3543 5737/6456/3542
f 5740/6447/3538 5741/6459/3544 5734/6460/3544 5779/6448/3538
f 5741/6459/3544 5742/6461/3545 5733/6462/3545 5734/6460/3544
f 5742/6461/3545 5743/6463/3546 5732/6464/3546 5733/6462/3545
f 5743/6463/3546 5735/6458/3543 5727/6457/3543 5732/6464/3546
f 5762/6427/3537 5763/6428/3537 5726/6449/3539 5770/6452/3539
o Cylinder.013
v 11.547152 0.570146 0.987942
v 11.586105 0.557861 0.950622
v 12.009512 0.570146 0.987942
v 11.970558 0.557861 0.950622
v 11.547152 0.388854 1.075273
v 11.586105 0.367328 1.042404
v 12.009512 0.388854 1.075273
v 11.970558 0.367328 1.042404
v 11.547152 0.236342 1.206550
v 11.586105 0.207043 1.180372
v 12.009512 0.236342 1.206550
v 11.970558 0.207043 1.180372
v 11.547152 0.123004 1.372827
v 11.586105 0.087928 1.355125
v 12.009512 0.123004 1.372827
v 11.970558 0.087928 1.355125
v 11.547152 0.056564 1.562772
v 11.586105 0.018102 1.554751
v 12.009512 0.056564 1.562772
v 11.970558 0.018102 1.554751
v 11.547152 0.041549 1.763441
v 11.586105 0.002321 1.765648
v 12.009512 0.041549 1.763441
v 11.970558 0.002321 1.765648
v 11.547152 0.078983 1.961158
v 11.586105 0.041663 1.973443
v 12.009512 0.078983 1.961158
v 11.970558 0.041663 1.973443
v 11.547152 0.166314 2.142450
v 11.586105 0.133445 2.163976
v 12.009512 0.166314 2.142450
v 11.970558 0.133445 2.163976
v 11.547152 0.297591 2.294962
v 11.586105 0.271413 2.324261
v 12.009512 0.297591 2.294962
v 11.970558 0.271413 2.324261
v 11.547152 0.463868 2.408299
v 11.586105 0.446166 2.443376
v 12.009512 0.463868 2.408299
v 11.970558 0.446166 2.443376
v 11.547152 0.653813 2.474740
v 11.586105 0.645792 2.513202
v 12.009512 0.653813 2.474740
v 11.970558 0.645792 2.513202
v 11.547152 0.854482 2.489755
v 11.586105 0.856689 2.528983
v 12.009512 0.854482 2.489755
v 11.970558 0.856689 2.528983
v 11.547152 1.052199 2.452321
v 11.586105 1.064484 2.489641
v 12.009512 1.052199 2.452321
v 11.970558 1.064484 2.489641
v 11.547152 1.233491 2.364990
v 11.586105 1.255017 2.397859
v 12.009512 1.233491 2.364990
v 11.970558 1.255017 2.397859
v 11.547152 1.386003 2.233713
v 11.586105 1.415302 2.259891
v 12.009512 1.386003 2.233713
v 11.970558 1.415302 2.259891
v 11.547152 1.499340 2.067436
v 11.586105 1.534416 2.085139
v 12.009512 1.499340 2.067436
v 11.970558 1.534416 2.085139
v 11.547152 1.565781 1.877491
v 11.586105 1.604243 1.885512
v 12.009512 1.565781 1.877491
v 11.970558 1.604243 1.885512
v 11.547152 1.580796 1.676822
v 11.586105 1.620023 1.674615
v 12.009512 1.580796 1.676822
v 11.970558 1.620023 1.674615
v 11.547152 1.543362 1.479105
v 11.586105 1.580682 1.466820
v 12.009512 1.543362 1.479105
v 11.970558 1.580682 1.466820
v 11.547152 1.456031 1.297813
v 11.586105 1.488900 1.276287
v 12.009512 1.456031 1.297813
v 11.970558 1.488900 1.276287
v 11.547152 1.324754 1.145301
v 11.586105 1.350931 1.116002
v 12.009512 1.324754 1.145301
v 11.970558 1.350931 1.116002
v 11.547152 1.158477 1.031964
v 11.586105 1.176179 0.996888
v 12.009512 1.158477 1.031964
v 11.970558 1.176179 0.996888
v 11.547152 0.968532 0.965523
v 11.586105 0.976553 0.927061
v 12.009512 0.968532 0.965523
v 11.970558 0.976553 0.927061
v 11.547152 0.767863 0.950508
v 11.586105 0.765656 0.911280
v 12.009512 0.767863 0.950508
v 11.970558 0.765656 0.911280
v 11.586105 0.557861 0.950622
v 11.586105 0.367328 1.042404
v 11.547152 0.388854 1.075273
v 11.547152 0.570146 0.987942
v 11.970558 0.367328 1.042404
v 11.970558 0.557861 0.950622
v 12.009512 0.570146 0.987942
v 12.009512 0.388854 1.075273
v 11.586105 0.207043 1.180372
v 11.547152 0.236342 1.206550
v 11.970558 0.207043 1.180372
v 12.009512 0.236342 1.206550
v 11.586105 0.087928 1.355125
v 11.547152 0.123004 1.372827
v 11.970558 0.087928 1.355125
v 12.009512 0.123004 1.372827
v 11.586105 0.018102 1.554751
v 11.547152 0.056564 1.562772
v 11.970558 0.018102 1.554751
v 12.009512 0.056564 1.562772
v 11.586105 0.002321 1.765648
v 11.547152 0.041549 1.763441
v 11.970558 0.002321 1.765648
v 12.009512 0.041549 1.763441
v 11.586105 0.041663 1.973443
v 11.547152 0.078983 1.961158
v 11.970558 0.041663 1.973443
v 12.009512 0.078983 1.961158
v 11.586105 0.133445 2.163976
v 11.547152 0.166314 2.142450
v 11.970558 0.133445 2.163976
v 12.009512 0.166314 2.142450
v 11.586105 0.271413 2.324261
v 11.547152 0.297591 2.294962
v 11.970558 0.271413 2.324261
v 12.009512 0.297591 2.294962
v 11.586105 0.446166 2.443376
v 11.547152 0.463868 2.408299
v 11.970558 0.446166 2.443376
v 12.009512 0.463868 2.408299
v 11.586105 0.645792 2.513202
v 11.547152 0.653813 2.474740
v 11.970558 0.645792 2.513202
v 12.009512 0.653813 2.474740
v 11.586105 0.856689 2.528983
v 11.547152 0.854482 2.489755
v 11.970558 0.856689 2.528983
v 12.009512 0.854482 2.489755
v 11.586105 1.064484 2.489641
v 11.547152 1.052199 2.452321
v 11.970558 1.064484 2.489641
v 12.009512 1.052199 2.452321
v 11.586105 1.255017 2.397859
v 11.547152 1.233491 2.364990
v 11.970558 1.255017 2.397859
v 12.009512 1.233491 2.364990
v 11.586105 1.415302 2.259891
v 11.547152 1.386003 2.233713
v 11.970558 1.415302 2.259891
v 12.009512 1.386003 2.233713
v 11.586105 1.534416 2.085139
v 11.547152 1.499340 2.067436
v 11.970558 1.534416 2.085139
v 12.009512 1.499340 2.067436
v 11.586105 1.604243 1.885512
v 11.547152 1.565781 1.877491
v 11.970558 1.604243 1.885512
v 12.009512 1.565781 1.877491
v 11.586105 1.620023 1.674615
v 11.547152 1.580796 1.676822
v 11.970558 1.620023 1.674615
v 12.009512 1.580796 1.676822
v 11.586105 1.580682 1.466820
v 11.547152 1.543362 1.479105
v 11.970558 1.580682 1.466820
v 12.009512 1.543362 1.479105
v 11.586105 1.488900 1.276287
v 11.547152 1.456031 1.297813
v 11.970558 1.488900 1.276287
v 12.009512 1.456031 1.297813
v 11.586105 1.350931 1.116002
v 11.547152 1.324754 1.145301
v 11.970558 1.350931 1.116002
v 12.009512 1.324754 1.145301
v 11.586105 1.176179 0.996888
v 11.547152 1.158477 1.031964
v 11.970558 1.176179 0.996888
v 12.009512 1.158477 1.031964
v 11.586105 0.976553 0.927061
v 11.547152 0.968532 0.965523
v 11.970558 0.976553 0.927061
v 12.009512 0.968532 0.965523
v 11.586105 0.765656 0.911280
v 11.547152 0.767863 0.950508
v 11.970558 0.765656 0.911280
v 12.009512 0.767863 0.950508
v 8.452848 0.570146 0.987942
v 8.413895 0.557861 0.950622
v 7.990488 0.570146 0.987942
v 8.029442 0.557861 0.950622
v 8.452848 0.388854 1.075273
v 8.413895 0.367328 1.042404
v 7.990488 0.388854 1.075273
v 8.029442 0.367328 1.042404
v 8.452848 0.236342 1.206550
v 8.413895 0.207043 1.180372
v 7.990488 0.236342 1.206550
v 8.029442 0.207043 1.180372
v 8.452848 0.123005 1.372827
v 8.413895 0.087928 1.355125
v 7.990488 0.123004 1.372827
v 8.029442 0.087928 1.355125
v 8.452848 0.056564 1.562772
v 8.413895 0.018102 1.554751
v 7.990488 0.056564 1.562772
v 8.029442 0.018102 1.554751
v 8.452848 0.041549 1.763441
v 8.413895 0.002321 1.765648
v 7.990488 0.041549 1.763441
v 8.029442 0.002321 1.765648
v 8.452848 0.078983 1.961158
v 8.413895 0.041663 1.973443
v 7.990488 0.078983 1.961158
v 8.029442 0.041663 1.973443
v 8.452848 0.166314 2.142450
v 8.413895 0.133445 2.163976
v 7.990488 0.166314 2.142450
v 8.029442 0.133445 2.163976
v 8.452848 0.297591 2.294962
v 8.413895 0.271414 2.324261
v 7.990488 0.297591 2.294962
v 8.029442 0.271413 2.324261
v 8.452848 0.463868 2.408299
v 8.413895 0.446165 2.443376
v 7.990488 0.463868 2.408299
v 8.029442 0.446165 2.443376
v 8.452848 0.653813 2.474740
v 8.413895 0.645792 2.513202
v 7.990488 0.653813 2.474740
v 8.029442 0.645792 2.513202
v 8.452848 0.854482 2.489755
v 8.413895 0.856689 2.528983
v 7.990488 0.854482 2.489755
v 8.029442 0.856689 2.528983
v 8.452848 1.052199 2.452321
v 8.413895 1.064484 2.489641
v 7.990488 1.052199 2.452321
v 8.029442 1.064484 2.489641
v 8.452848 1.233491 2.364990
v 8.413895 1.255017 2.397859
v 7.990488 1.233491 2.364990
v 8.029442 1.255017 2.397859
v 8.452848 1.386003 2.233713
v 8.413895 1.415302 2.259891
v 7.990488 1.386003 2.233713
v 8.029442 1.415302 2.259891
v 8.452848 1.499340 2.067436
v 8.413895 1.534416 2.085138
v 7.990488 1.499340 2.067436
v 8.029442 1.534416 2.085138
v 8.452848 1.565781 1.877491
v 8.413895 1.604243 1.885512
v 7.990488 1.565781 1.877491
v 8.029442 1.604243 1.885512
v 8.452848 1.580796 1.676822
v 8.413895 1.620024 1.674615
v 7.990488 1.580796 1.676822
v 8.029442 1.620023 1.674615
v 8.452848 1.543362 1.479105
v 8.413895 1.580682 1.466820
v 7.990488 1.543362 1.479105
v 8.029442 1.580682 1.466820
v 8.452848 1.456031 1.297813
v 8.413895 1.488900 1.276287
v 7.990488 1.456031 1.297813
v 8.029442 1.488900 1.276287
v 8.452848 1.324754 1.145301
v 8.413895 1.350932 1.116002
v 7.990488 1.324754 1.145301
v 8.029442 1.350931 1.116002
v 8.452848 1.158477 1.031964
v 8.413895 1.176180 0.996888
v 7.990488 1.158477 1.031964
v 8.029442 1.176179 0.996888
v 8.452848 0.968532 0.965523
v 8.413895 0.976553 0.927061
v 7.990488 0.968532 0.965523
v 8.029442 0.976553 0.927061
v 8.452848 0.767863 0.950508
v 8.413895 0.765656 0.911280
v 7.990488 0.767863 0.950508
v 8.029442 0.765656 0.911280
v 8.413895 0.557861 0.950622
v 8.413895 0.367328 1.042404
v 8.452848 0.388854 1.075273
v 8.452848 0.570146 0.987942
v 8.029442 0.367328 1.042404
v 8.029442 0.557861 0.950622
v 7.990488 0.570146 0.987942
v 7.990488 0.388854 1.075273
v 8.413895 0.207043 1.180372
v 8.452848 0.236342 1.206550
v 8.029442 0.207043 1.180372
v 7.990488 0.236342 1.206550
v 8.413895 0.087928 1.355125
v 8.452848 0.123005 1.372827
v 8.029442 0.087928 1.355125
v 7.990488 0.123004 1.372827
v 8.413895 0.018102 1.554751
v 8.452848 0.056564 1.562772
v 8.029442 0.018102 1.554751
v 7.990488 0.056564 1.562772
v 8.413895 0.002321 1.765648
v 8.452848 0.041549 1.763441
v 8.029442 0.002321 1.765648
v 7.990488 0.041549 1.763441
v 8.413895 0.041663 1.973443
v 8.452848 0.078983 1.961158
v 8.029442 0.041663 1.973443
v 7.990488 0.078983 1.961158
v 8.413895 0.133445 2.163976
v 8.452848 0.166314 2.142450
v 8.029442 0.133445 2.163976
v 7.990488 0.166314 2.142450
v 8.413895 0.271414 2.324261
v 8.452848 0.297591 2.294962
v 8.029442 0.271413 2.324261
v 7.990488 0.297591 2.294962
v 8.413895 0.446165 2.443376
v 8.452848 0.463868 2.408299
v 8.029442 0.446165 2.443376
v 7.990488 0.463868 2.408299
v 8.413895 0.645792 2.513202
v 8.452848 0.653813 2.474740
v 8.029442 0.645792 2.513202
v 7.990488 0.653813 2.474740
v 8.413895 0.856689 2.528983
v 8.452848 0.854482 2.489755
v 8.029442 0.856689 2.528983
v 7.990488 0.854482 2.489755
v 8.413895 1.064484 2.489641
v 8.452848 1.052199 2.452321
v 8.029442 1.064484 2.489641
v 7.990488 1.052199 2.452321
v 8.413895 1.255017 2.397859
v 8.452848 1.233491 2.364990
v 8.029442 1.255017 2.397859
v 7.990488 1.233491 2.364990
v 8.413895 1.415302 2.259891
v 8.452848 1.386003 2.233713
v 8.029442 1.415302 2.259891
v 7.990488 1.386003 2.233713
v 8.413895 1.534416 2.085138
v 8.452848 1.499340 2.067436
v 8.029442 1.534416 2.085138
v 7.990488 1.499340 2.067436
v 8.413895 1.604243 1.885512
v 8.452848 1.565781 1.877491
v 8.029442 1.604243 1.885512
v 7.990488 1.565781 1.877491
v 8.413895 1.620024 1.674615
v 8.452848 1.580796 1.676822
v 8.029442 1.620023 1.674615
v 7.990488 1.580796 1.676822
v 8.413895 1.580682 1.466820
v 8.452848 1.543362 1.479105
v 8.029442 1.580682 1.466820
v 7.990488 1.543362 1.479105
v 8.413895 1.488900 1.276287
v 8.452848 1.456031 1.297813
v 8.029442 1.488900 1.276287
v 7.990488 1.456031 1.297813
v 8.413895 1.350932 1.116002
v 8.452848 1.324754 1.145301
v 8.029442 1.350931 1.116002
v 7.990488 1.324754 1.145301
v 8.413895 1.176180 0.996888
v 8.452848 1.158477 1.031964
v 8.029442 1.176179 0.996888
v 7.990488 1.158477 1.031964
v 8.413895 0.976553 0.927061
v 8.452848 0.968532 0.965523
v 8.029442 0.976553 0.927061
v 7.990488 0.968532 0.965523
v 8.413895 0.765656 0.911280
v 8.452848 0.767863 0.950508
v 8.029442 0.765656 0.911280
v 7.990488 0.767863 0.950508
vt 0.890171 0.835424
vt 0.872575 0.835424
vt 0.872575 0.825745
vt 0.890171 0.825745
vt 0.890171 0.806386
vt 0.872575 0.806386
vt 0.872575 0.796706
vt 0.890171 0.796706
vt 0.872575 0.787026
vt 0.890171 0.787026
vt 0.872575 0.777347
vt 0.890171 0.777347
vt 0.872575 0.767667
vt 0.890171 0.767667
vt 0.872575 0.757988
vt 0.890171 0.757988
vt 0.872575 0.748308
vt 0.890171 0.748308
vt 0.872575 0.738629
vt 0.890171 0.738629
vt 0.872575 0.728949
vt 0.890171 0.728949
vt 0.872575 0.719269
vt 0.890171 0.719269
vt 0.872575 0.709590
vt 0.890171 0.709590
vt 0.872575 0.699910
vt 0.890171 0.699910
vt 0.872575 0.690231
vt 0.890171 0.690231
vt 0.872575 0.680551
vt 0.890171 0.680551
vt 0.872575 0.670871
vt 0.890171 0.670871
vt 0.872575 0.661192
vt 0.890171 0.661192
vt 0.872575 0.651512
vt 0.890171 0.651512
vt 0.890171 0.883822
vt 0.872575 0.883822
vt 0.872575 0.874143
vt 0.890171 0.874143
vt 0.872575 0.864463
vt 0.890171 0.864463
vt 0.872575 0.854784
vt 0.890171 0.854784
vt 0.872575 0.845104
vt 0.890171 0.845104
vt 0.890171 0.816065
vt 0.872575 0.816065
vt 0.598742 0.873020
vt 0.606724 0.877571
vt 0.613242 0.884052
vt 0.617848 0.892018
vt 0.620251 0.900893
vt 0.620247 0.910086
vt 0.617845 0.918964
vt 0.613196 0.926918
vt 0.606733 0.933479
vt 0.598803 0.938118
vt 0.589939 0.940521
vt 0.580749 0.940519
vt 0.571868 0.938160
vt 0.563915 0.933558
vt 0.557432 0.927037
vt 0.552874 0.919032
vt 0.550436 0.910144
vt 0.550408 0.900936
vt 0.552741 0.892044
vt 0.557316 0.884079
vt 0.563795 0.877579
vt 0.571747 0.873002
vt 0.580627 0.870661
vt 0.589836 0.870714
vt 0.487748 0.910681
vt 0.479235 0.915668
vt 0.478228 0.913297
vt 0.486158 0.908656
vt 0.599701 0.870631
vt 0.608275 0.875514
vt 0.606724 0.877571
vt 0.598742 0.873020
vt 0.469709 0.918258
vt 0.469357 0.915705
vt 0.590160 0.868157
vt 0.589836 0.870714
vt 0.459834 0.918272
vt 0.460155 0.915714
vt 0.580292 0.868108
vt 0.580627 0.870661
vt 0.450289 0.915742
vt 0.451262 0.913356
vt 0.570759 0.870626
vt 0.571747 0.873002
vt 0.441736 0.910811
vt 0.443298 0.908762
vt 0.562220 0.875545
vt 0.563795 0.877579
vt 0.434769 0.903814
vt 0.436813 0.902245
vt 0.555265 0.882525
vt 0.557316 0.884079
vt 0.429872 0.895241
vt 0.432251 0.894244
vt 0.550355 0.891077
vt 0.552741 0.892044
vt 0.427256 0.885721
vt 0.429809 0.885361
vt 0.547849 0.900620
vt 0.550408 0.900936
vt 0.427217 0.875843
vt 0.429775 0.876156
vt 0.547882 0.910503
vt 0.550436 0.910144
vt 0.429716 0.866302
vt 0.432102 0.867267
vt 0.550493 0.920028
vt 0.552874 0.919032
vt 0.434620 0.857750
vt 0.436671 0.859303
vt 0.555387 0.928606
vt 0.557432 0.927037
vt 0.441571 0.850769
vt 0.443145 0.852802
vt 0.562351 0.935605
vt 0.563915 0.933558
vt 0.450106 0.845848
vt 0.451094 0.848223
vt 0.570894 0.940543
vt 0.571868 0.938160
vt 0.459637 0.843326
vt 0.459972 0.845879
vt 0.580426 0.943074
vt 0.580749 0.940519
vt 0.469509 0.843370
vt 0.469183 0.845930
vt 0.590289 0.943071
vt 0.589939 0.940521
vt 0.479066 0.845861
vt 0.478102 0.848253
vt 0.599808 0.940488
vt 0.598803 0.938118
vt 0.487647 0.850765
vt 0.486096 0.852825
vt 0.608322 0.935505
vt 0.606733 0.933479
vt 0.494668 0.857701
vt 0.492639 0.859287
vt 0.615250 0.928479
vt 0.613196 0.926918
vt 0.499633 0.866229
vt 0.497260 0.867231
vt 0.620227 0.919950
vt 0.617845 0.918964
vt 0.502209 0.875754
vt 0.499658 0.876103
vt 0.622803 0.910415
vt 0.620247 0.910086
vt 0.502209 0.885618
vt 0.499656 0.885288
vt 0.622803 0.900544
vt 0.620251 0.900893
vt 0.499631 0.895137
vt 0.497253 0.894153
vt 0.620223 0.891018
vt 0.617848 0.892018
vt 0.494657 0.903652
vt 0.492605 0.902094
vt 0.615277 0.882471
vt 0.613242 0.884052
vt 0.486158 0.908656
vt 0.478228 0.913297
vt 0.469357 0.915705
vt 0.460155 0.915714
vt 0.451262 0.913356
vt 0.443298 0.908762
vt 0.436813 0.902245
vt 0.432251 0.894244
vt 0.429809 0.885361
vt 0.429775 0.876156
vt 0.432102 0.867267
vt 0.436671 0.859303
vt 0.443145 0.852802
vt 0.451094 0.848223
vt 0.459972 0.845879
vt 0.469183 0.845930
vt 0.478102 0.848253
vt 0.486096 0.852825
vt 0.492639 0.859287
vt 0.497260 0.867231
vt 0.499658 0.876103
vt 0.499656 0.885288
vt 0.497253 0.894153
vt 0.492605 0.902094
vt 0.890171 0.835424
vt 0.890171 0.825745
vt 0.872575 0.825745
vt 0.872575 0.835424
vt 0.890171 0.806386
vt 0.890171 0.796706
vt 0.872575 0.796706
vt 0.872575 0.806386
vt 0.890171 0.787026
vt 0.872575 0.787026
vt 0.890171 0.777347
vt 0.872575 0.777347
vt 0.890171 0.767667
vt 0.872575 0.767667
vt 0.890171 0.757988
vt 0.872575 0.757988
vt 0.890171 0.748308
vt 0.872575 0.748308
vt 0.890171 0.738629
vt 0.872575 0.738629
vt 0.890171 0.728949
vt 0.872575 0.728949
vt 0.890171 0.719269
vt 0.872575 0.719269
vt 0.890171 0.709590
vt 0.872575 0.709590
vt 0.890171 0.699910
vt 0.872575 0.699910
vt 0.890171 0.690231
vt 0.872575 0.690231
vt 0.890171 0.680551
vt 0.872575 0.680551
vt 0.890171 0.670871
vt 0.872575 0.670871
vt 0.890171 0.661192
vt 0.872575 0.661192
vt 0.890171 0.651512
vt 0.872575 0.651512
vt 0.890171 0.883822
vt 0.890171 0.874143
vt 0.872575 0.874143
vt 0.872575 0.883822
vt 0.890171 0.864463
vt 0.872575 0.864463
vt 0.890171 0.854784
vt 0.872575 0.854784
vt 0.890171 0.845104
vt 0.872575 0.845104
vt 0.890171 0.816065
vt 0.872575 0.816065
vt 0.598742 0.873020
vt 0.589836 0.870714
vt 0.580627 0.870661
vt 0.571747 0.873002
vt 0.563795 0.877579
vt 0.557316 0.884079
vt 0.552741 0.892044
vt 0.550408 0.900936
vt 0.550436 0.910144
vt 0.552874 0.919032
vt 0.557432 0.927037
vt 0.563915 0.933558
vt 0.571868 0.938160
vt 0.580749 0.940519
vt 0.589939 0.940521
vt 0.598803 0.938118
vt 0.606733 0.933479
vt 0.613196 0.926918
vt 0.617845 0.918964
vt 0.620247 0.910086
vt 0.620251 0.900893
vt 0.617848 0.892018
vt 0.613242 0.884052
vt 0.606724 0.877571
vt 0.487748 0.910681
vt 0.486158 0.908656
vt 0.478228 0.913297
vt 0.479235 0.915668
vt 0.599701 0.870631
vt 0.598742 0.873020
vt 0.606724 0.877571
vt 0.608275 0.875514
vt 0.469357 0.915705
vt 0.469709 0.918258
vt 0.590160 0.868157
vt 0.589836 0.870714
vt 0.460155 0.915714
vt 0.459834 0.918272
vt 0.580292 0.868108
vt 0.580627 0.870661
vt 0.451262 0.913356
vt 0.450289 0.915742
vt 0.570759 0.870626
vt 0.571747 0.873002
vt 0.443298 0.908762
vt 0.441736 0.910811
vt 0.562220 0.875545
vt 0.563795 0.877579
vt 0.436813 0.902245
vt 0.434769 0.903814
vt 0.555265 0.882525
vt 0.557316 0.884079
vt 0.432251 0.894244
vt 0.429872 0.895241
vt 0.550355 0.891077
vt 0.552741 0.892044
vt 0.429809 0.885361
vt 0.427256 0.885721
vt 0.547849 0.900620
vt 0.550408 0.900936
vt 0.429775 0.876156
vt 0.427217 0.875843
vt 0.547882 0.910503
vt 0.550436 0.910144
vt 0.432102 0.867267
vt 0.429716 0.866302
vt 0.550493 0.920028
vt 0.552874 0.919032
vt 0.436671 0.859303
vt 0.434620 0.857750
vt 0.555387 0.928606
vt 0.557432 0.927037
vt 0.443145 0.852802
vt 0.441571 0.850769
vt 0.562351 0.935605
vt 0.563915 0.933558
vt 0.451094 0.848223
vt 0.450106 0.845848
vt 0.570894 0.940543
vt 0.571868 0.938160
vt 0.459972 0.845879
vt 0.459637 0.843326
vt 0.580426 0.943074
vt 0.580749 0.940519
vt 0.469183 0.845930
vt 0.469509 0.843370
vt 0.590289 0.943071
vt 0.589939 0.940521
vt 0.478102 0.848253
vt 0.479066 0.845861
vt 0.599808 0.940488
vt 0.598803 0.938118
vt 0.486096 0.852825
vt 0.487647 0.850765
vt 0.608322 0.935505
vt 0.606733 0.933479
vt 0.492639 0.859287
vt 0.494668 0.857701
vt 0.615250 0.928479
vt 0.613196 0.926918
vt 0.497260 0.867231
vt 0.499633 0.866229
vt 0.620227 0.919950
vt 0.617845 0.918964
vt 0.499658 0.876103
vt 0.502209 0.875754
vt 0.622803 0.910415
vt 0.620247 0.910086
vt 0.499656 0.885288
vt 0.502209 0.885618
vt 0.622803 0.900544
vt 0.620251 0.900893
vt 0.497253 0.894153
vt 0.499631 0.895137
vt 0.620223 0.891018
vt 0.617848 0.892018
vt 0.492605 0.902094
vt 0.494657 0.903652
vt 0.615277 0.882471
vt 0.613242 0.884052
vt 0.486158 0.908656
vt 0.492605 0.902094
vt 0.497253 0.894153
vt 0.499656 0.885288
vt 0.499658 0.876103
vt 0.497260 0.867231
vt 0.492639 0.859287
vt 0.486096 0.852825
vt 0.478102 0.848253
vt 0.469183 0.845930
vt 0.459972 0.845879
vt 0.451094 0.848223
vt 0.443145 0.852802
vt 0.436671 0.859303
vt 0.432102 0.867267
vt 0.429775 0.876156
vt 0.429809 0.885361
vt 0.432251 0.894244
vt 0.436813 0.902245
vt 0.443298 0.908762
vt 0.451262 0.913356
vt 0.460155 0.915714
vt 0.469357 0.915705
vt 0.478228 0.913297
vn 0.0000 -0.0562 -0.9984
vn 0.0000 -0.3127 -0.9499
vn 0.0000 -0.7457 -0.6662
vn 0.0000 -0.8927 -0.4505
vn 0.0000 -0.9789 -0.2041
vn 0.0000 -0.9984 0.0562
vn 0.0000 -0.9499 0.3127
vn 0.0000 -0.8365 0.5478
vn 0.0000 -0.6662 0.7457
vn 0.0000 -0.4505 0.8927
vn 0.0000 -0.2041 0.9789
vn 0.0000 0.0562 0.9984
vn 0.0000 0.3127 0.9499
vn 0.0000 0.5478 0.8365
vn 0.0000 0.7457 0.6662
vn 0.0000 0.8927 0.4505
vn 0.0000 0.9789 0.2041
vn 0.0000 0.9984 -0.0562
vn 0.0000 0.9499 -0.3127
vn 0.0000 0.8365 -0.5478
vn 0.0000 0.6662 -0.7457
vn 0.0000 0.4505 -0.8927
vn 0.0000 0.2041 -0.9789
vn 0.0000 -0.5478 -0.8365
vn 1.0000 0.0000 0.0000
vn -0.7101 -0.2201 -0.6688
vn -0.7101 -0.3857 -0.5890
vn 0.7101 -0.3857 -0.5890
vn 0.7101 -0.2201 -0.6688
vn -0.7101 -0.5250 -0.4691
vn 0.7101 -0.5250 -0.4691
vn -0.7101 -0.6285 -0.3172
vn 0.7101 -0.6285 -0.3172
vn -0.7101 -0.6892 -0.1437
vn 0.7101 -0.6892 -0.1437
vn -0.7101 -0.7029 0.0396
vn 0.7101 -0.7029 0.0396
vn -0.7101 -0.6688 0.2201
vn 0.7101 -0.6688 0.2201
vn -0.7101 -0.5890 0.3857
vn 0.7101 -0.5890 0.3857
vn -0.7101 -0.4691 0.5250
vn 0.7101 -0.4691 0.5250
vn -0.7101 -0.3172 0.6285
vn 0.7101 -0.3172 0.6285
vn -0.7101 -0.1437 0.6892
vn 0.7101 -0.1437 0.6892
vn -0.7101 0.0396 0.7029
vn 0.7101 0.0396 0.7029
vn -0.7101 0.2201 0.6688
vn 0.7101 0.2201 0.6688
vn -0.7101 0.3857 0.5890
vn 0.7101 0.3857 0.5890
vn -0.7101 0.5250 0.4691
vn 0.7101 0.5250 0.4691
vn -0.7101 0.6285 0.3172
vn 0.7101 0.6285 0.3172
vn -0.7101 0.6892 0.1437
vn 0.7101 0.6892 0.1437
vn -0.7101 0.7029 -0.0396
vn 0.7101 0.7029 -0.0396
vn -0.7101 0.6688 -0.2201
vn 0.7101 0.6688 -0.2201
vn -0.7101 0.5890 -0.3857
vn 0.7101 0.5890 -0.3857
vn -0.7101 0.4691 -0.5250
vn 0.7101 0.4691 -0.5250
vn -0.7101 0.3172 -0.6285
vn 0.7101 0.3172 -0.6285
vn -0.7101 0.1437 -0.6892
vn 0.7101 0.1437 -0.6892
vn -0.7101 -0.0396 -0.7029
vn 0.7101 -0.0396 -0.7029
vn -1.0000 0.0000 0.0000
usemtl WoodToy3
s 1
f 5972/6465/3547 5879/6466/3547 5885/6467/3548 5785/6468/3548
f 5888/6469/3549 5795/6470/3549 5799/6471/3550 5892/6472/3550
f 5892/6472/3550 5799/6471/3550 5803/6473/3551 5896/6474/3551
f 5896/6474/3551 5803/6473/3551 5807/6475/3552 5900/6476/3552
f 5900/6476/3552 5807/6475/3552 5811/6477/3553 5904/6478/3553
f 5904/6478/3553 5811/6477/3553 5815/6479/3554 5908/6480/3554
f 5908/6480/3554 5815/6479/3554 5819/6481/3555 5912/6482/3555
f 5912/6482/3555 5819/6481/3555 5823/6483/3556 5916/6484/3556
f 5916/6484/3556 5823/6483/3556 5827/6485/3557 5920/6486/3557
f 5920/6486/3557 5827/6485/3557 5831/6487/3558 5924/6488/3558
f 5924/6488/3558 5831/6487/3558 5835/6489/3559 5928/6490/3559
f 5928/6490/3559 5835/6489/3559 5839/6491/3560 5932/6492/3560
f 5932/6492/3560 5839/6491/3560 5843/6493/3561 5936/6494/3561
f 5936/6494/3561 5843/6493/3561 5847/6495/3562 5940/6496/3562
f 5940/6496/3562 5847/6495/3562 5851/6497/3563 5944/6498/3563
f 5944/6498/3563 5851/6497/3563 5855/6499/3564 5948/6500/3564
f 5948/6500/3564 5855/6499/3564 5859/6501/3565 5952/6502/3565
f 5952/6503/3565 5859/6504/3565 5863/6505/3566 5956/6506/3566
f 5956/6506/3566 5863/6505/3566 5867/6507/3567 5960/6508/3567
f 5960/6508/3567 5867/6507/3567 5871/6509/3568 5964/6510/3568
f 5964/6510/3568 5871/6509/3568 5875/6511/3569 5968/6512/3569
f 5968/6512/3569 5875/6511/3569 5879/6466/3547 5972/6465/3547
f 5881/6513/3570 5791/6514/3570 5795/6470/3549 5888/6469/3549
f 5790/6515/3571 5786/6516/3571 5878/6517/3571 5874/6518/3571 5870/6519/3571 5866/6520/3571 5862/6521/3571 5858/6522/3571 5854/6523/3571 5850/6524/3571 5846/6525/3571 5842/6526/3571 5838/6527/3571 5834/6528/3571 5830/6529/3571 5826/6530/3571 5822/6531/3571 5818/6532/3571 5814/6533/3571 5810/6534/3571 5806/6535/3571 5802/6536/3571 5798/6537/3571 5794/6538/3571
f 5785/6468/3548 5885/6467/3548 5791/6514/3570 5881/6513/3570
f 5880/6539/3572 5789/6540/3573 5882/6541/3573 5883/6542/3572
f 5884/6543/3574 5787/6544/3575 5886/6545/3575 5887/6546/3574
f 5789/6540/3573 5793/6547/3576 5889/6548/3576 5882/6541/3573
f 5890/6549/3577 5884/6543/3574 5887/6546/3574 5891/6550/3577
f 5793/6547/3576 5797/6551/3578 5893/6552/3578 5889/6548/3576
f 5894/6553/3579 5890/6549/3577 5891/6550/3577 5895/6554/3579
f 5797/6551/3578 5801/6555/3580 5897/6556/3580 5893/6552/3578
f 5898/6557/3581 5894/6553/3579 5895/6554/3579 5899/6558/3581
f 5801/6555/3580 5805/6559/3582 5901/6560/3582 5897/6556/3580
f 5902/6561/3583 5898/6557/3581 5899/6558/3581 5903/6562/3583
f 5805/6559/3582 5809/6563/3584 5905/6564/3584 5901/6560/3582
f 5906/6565/3585 5902/6561/3583 5903/6562/3583 5907/6566/3585
f 5809/6563/3584 5813/6567/3586 5909/6568/3586 5905/6564/3584
f 5910/6569/3587 5906/6565/3585 5907/6566/3585 5911/6570/3587
f 5813/6567/3586 5817/6571/3588 5913/6572/3588 5909/6568/3586
f 5914/6573/3589 5910/6569/3587 5911/6570/3587 5915/6574/3589
f 5817/6571/3588 5821/6575/3590 5917/6576/3590 5913/6572/3588
f 5918/6577/3591 5914/6573/3589 5915/6574/3589 5919/6578/3591
f 5821/6575/3590 5825/6579/3592 5921/6580/3592 5917/6576/3590
f 5922/6581/3593 5918/6577/3591 5919/6578/3591 5923/6582/3593
f 5825/6579/3592 5829/6583/3594 5925/6584/3594 5921/6580/3592
f 5926/6585/3595 5922/6581/3593 5923/6582/3593 5927/6586/3595
f 5829/6583/3594 5833/6587/3596 5929/6588/3596 5925/6584/3594
f 5930/6589/3597 5926/6585/3595 5927/6586/3595 5931/6590/3597
f 5833/6587/3596 5837/6591/3598 5933/6592/3598 5929/6588/3596
f 5934/6593/3599 5930/6589/3597 5931/6590/3597 5935/6594/3599
f 5837/6591/3598 5841/6595/3600 5937/6596/3600 5933/6592/3598
f 5938/6597/3601 5934/6593/3599 5935/6594/3599 5939/6598/3601
f 5841/6595/3600 5845/6599/3602 5941/6600/3602 5937/6596/3600
f 5942/6601/3603 5938/6597/3601 5939/6598/3601 5943/6602/3603
f 5845/6599/3602 5849/6603/3604 5945/6604/3604 5941/6600/3602
f 5946/6605/3605 5942/6601/3603 5943/6602/3603 5947/6606/3605
f 5849/6603/3604 5853/6607/3606 5949/6608/3606 5945/6604/3604
f 5950/6609/3607 5946/6605/3605 5947/6606/3605 5951/6610/3607
f 5853/6607/3606 5857/6611/3608 5953/6612/3608 5949/6608/3606
f 5954/6613/3609 5950/6609/3607 5951/6610/3607 5955/6614/3609
f 5857/6611/3608 5861/6615/3610 5957/6616/3610 5953/6612/3608
f 5958/6617/3611 5954/6613/3609 5955/6614/3609 5959/6618/3611
f 5861/6615/3610 5865/6619/3612 5961/6620/3612 5957/6616/3610
f 5962/6621/3613 5958/6617/3611 5959/6618/3611 5963/6622/3613
f 5865/6619/3612 5869/6623/3614 5965/6624/3614 5961/6620/3612
f 5966/6625/3615 5962/6621/3613 5963/6622/3613 5967/6626/3615
f 5869/6623/3614 5873/6627/3616 5969/6628/3616 5965/6624/3614
f 5970/6629/3617 5966/6625/3615 5967/6626/3615 5971/6630/3617
f 5873/6627/3616 5877/6631/3618 5973/6632/3618 5969/6628/3616
f 5974/6633/3619 5970/6629/3617 5971/6630/3617 5975/6634/3619
f 5877/6631/3618 5880/6539/3572 5883/6542/3572 5973/6632/3618
f 5787/6544/3575 5974/6633/3619 5975/6634/3619 5886/6545/3575
f 5784/6635/3620 5788/6636/3620 5792/6637/3620 5796/6638/3620 5800/6639/3620 5804/6640/3620 5808/6641/3620 5812/6642/3620 5816/6643/3620 5820/6644/3620 5824/6645/3620 5828/6646/3620 5832/6647/3620 5836/6648/3620 5840/6649/3620 5844/6650/3620 5848/6651/3620 5852/6652/3620 5856/6653/3620 5860/6654/3620 5864/6655/3620 5868/6656/3620 5872/6657/3620 5876/6658/3620
f 6164/6659/3547 5977/6660/3548 6077/6661/3548 6071/6662/3547
f 6080/6663/3549 6084/6664/3550 5991/6665/3550 5987/6666/3549
f 6084/6664/3550 6088/6667/3551 5995/6668/3551 5991/6665/3550
f 6088/6667/3551 6092/6669/3552 5999/6670/3552 5995/6668/3551
f 6092/6669/3552 6096/6671/3553 6003/6672/3553 5999/6670/3552
f 6096/6671/3553 6100/6673/3554 6007/6674/3554 6003/6672/3553
f 6100/6673/3554 6104/6675/3555 6011/6676/3555 6007/6674/3554
f 6104/6675/3555 6108/6677/3556 6015/6678/3556 6011/6676/3555
f 6108/6677/3556 6112/6679/3557 6019/6680/3557 6015/6678/3556
f 6112/6679/3557 6116/6681/3558 6023/6682/3558 6019/6680/3557
f 6116/6681/3558 6120/6683/3559 6027/6684/3559 6023/6682/3558
f 6120/6683/3559 6124/6685/3560 6031/6686/3560 6027/6684/3559
f 6124/6685/3560 6128/6687/3561 6035/6688/3561 6031/6686/3560
f 6128/6687/3561 6132/6689/3562 6039/6690/3562 6035/6688/3561
f 6132/6689/3562 6136/6691/3563 6043/6692/3563 6039/6690/3562
f 6136/6691/3563 6140/6693/3564 6047/6694/3564 6043/6692/3563
f 6140/6693/3564 6144/6695/3565 6051/6696/3565 6047/6694/3564
f 6144/6697/3565 6148/6698/3566 6055/6699/3566 6051/6700/3565
f 6148/6698/3566 6152/6701/3567 6059/6702/3567 6055/6699/3566
f 6152/6701/3567 6156/6703/3568 6063/6704/3568 6059/6702/3567
f 6156/6703/3568 6160/6705/3569 6067/6706/3569 6063/6704/3568
f 6160/6705/3569 6164/6659/3547 6071/6662/3547 6067/6706/3569
f 6073/6707/3570 6080/6663/3549 5987/6666/3549 5983/6708/3570
f 5982/6709/3620 5986/6710/3620 5990/6711/3620 5994/6712/3620 5998/6713/3620 6002/6714/3620 6006/6715/3620 6010/6716/3620 6014/6717/3620 6018/6718/3620 6022/6719/3620 6026/6720/3620 6030/6721/3620 6034/6722/3620 6038/6723/3620 6042/6724/3620 6046/6725/3620 6050/6726/3620 6054/6727/3620 6058/6728/3620 6062/6729/3620 6066/6730/3620 6070/6731/3620 5978/6732/3620
f 5977/6660/3548 6073/6707/3570 5983/6708/3570 6077/6661/3548
f 6072/6733/3575 6075/6734/3575 6074/6735/3574 5981/6736/3574
f 6076/6737/3573 6079/6738/3573 6078/6739/3572 5979/6740/3572
f 5981/6736/3574 6074/6735/3574 6081/6741/3577 5985/6742/3577
f 6082/6743/3576 6083/6744/3576 6079/6738/3573 6076/6737/3573
f 5985/6742/3577 6081/6741/3577 6085/6745/3579 5989/6746/3579
f 6086/6747/3578 6087/6748/3578 6083/6744/3576 6082/6743/3576
f 5989/6746/3579 6085/6745/3579 6089/6749/3581 5993/6750/3581
f 6090/6751/3580 6091/6752/3580 6087/6748/3578 6086/6747/3578
f 5993/6750/3581 6089/6749/3581 6093/6753/3583 5997/6754/3583
f 6094/6755/3582 6095/6756/3582 6091/6752/3580 6090/6751/3580
f 5997/6754/3583 6093/6753/3583 6097/6757/3585 6001/6758/3585
f 6098/6759/3584 6099/6760/3584 6095/6756/3582 6094/6755/3582
f 6001/6758/3585 6097/6757/3585 6101/6761/3587 6005/6762/3587
f 6102/6763/3586 6103/6764/3586 6099/6760/3584 6098/6759/3584
f 6005/6762/3587 6101/6761/3587 6105/6765/3589 6009/6766/3589
f 6106/6767/3588 6107/6768/3588 6103/6764/3586 6102/6763/3586
f 6009/6766/3589 6105/6765/3589 6109/6769/3591 6013/6770/3591
f 6110/6771/3590 6111/6772/3590 6107/6768/3588 6106/6767/3588
f 6013/6770/3591 6109/6769/3591 6113/6773/3593 6017/6774/3593
f 6114/6775/3592 6115/6776/3592 6111/6772/3590 6110/6771/3590
f 6017/6774/3593 6113/6773/3593 6117/6777/3595 6021/6778/3595
f 6118/6779/3594 6119/6780/3594 6115/6776/3592 6114/6775/3592
f 6021/6778/3595 6117/6777/3595 6121/6781/3597 6025/6782/3597
f 6122/6783/3596 6123/6784/3596 6119/6780/3594 6118/6779/3594
f 6025/6782/3597 6121/6781/3597 6125/6785/3599 6029/6786/3599
f 6126/6787/3598 6127/6788/3598 6123/6784/3596 6122/6783/3596
f 6029/6786/3599 6125/6785/3599 6129/6789/3601 6033/6790/3601
f 6130/6791/3600 6131/6792/3600 6127/6788/3598 6126/6787/3598
f 6033/6790/3601 6129/6789/3601 6133/6793/3603 6037/6794/3603
f 6134/6795/3602 6135/6796/3602 6131/6792/3600 6130/6791/3600
f 6037/6794/3603 6133/6793/3603 6137/6797/3605 6041/6798/3605
f 6138/6799/3604 6139/6800/3604 6135/6796/3602 6134/6795/3602
f 6041/6798/3605 6137/6797/3605 6141/6801/3607 6045/6802/3607
f 6142/6803/3606 6143/6804/3606 6139/6800/3604 6138/6799/3604
f 6045/6802/3607 6141/6801/3607 6145/6805/3609 6049/6806/3609
f 6146/6807/3608 6147/6808/3608 6143/6804/3606 6142/6803/3606
f 6049/6806/3609 6145/6805/3609 6149/6809/3611 6053/6810/3611
f 6150/6811/3610 6151/6812/3610 6147/6808/3608 6146/6807/3608
f 6053/6810/3611 6149/6809/3611 6153/6813/3613 6057/6814/3613
f 6154/6815/3612 6155/6816/3612 6151/6812/3610 6150/6811/3610
f 6057/6814/3613 6153/6813/3613 6157/6817/3615 6061/6818/3615
f 6158/6819/3614 6159/6820/3614 6155/6816/3612 6154/6815/3612
f 6061/6818/3615 6157/6817/3615 6161/6821/3617 6065/6822/3617
f 6162/6823/3616 6163/6824/3616 6159/6820/3614 6158/6819/3614
f 6065/6822/3617 6161/6821/3617 6165/6825/3619 6069/6826/3619
f 6166/6827/3618 6167/6828/3618 6163/6824/3616 6162/6823/3616
f 6069/6826/3619 6165/6825/3619 6075/6734/3575 6072/6733/3575
f 5979/6740/3572 6078/6739/3572 6167/6828/3618 6166/6827/3618
f 5976/6829/3571 6068/6830/3571 6064/6831/3571 6060/6832/3571 6056/6833/3571 6052/6834/3571 6048/6835/3571 6044/6836/3571 6040/6837/3571 6036/6838/3571 6032/6839/3571 6028/6840/3571 6024/6841/3571 6020/6842/3571 6016/6843/3571 6012/6844/3571 6008/6845/3571 6004/6846/3571 6000/6847/3571 5996/6848/3571 5992/6849/3571 5988/6850/3571 5984/6851/3571 5980/6852/3571
o Cube.010_Cube.012
v 8.456429 0.638523 2.200880
v 8.456429 1.710394 1.848035
v 8.456429 0.386716 1.435943
v 8.456429 1.458587 1.083098
v 11.543571 0.638523 2.200880
v 11.543571 1.710394 1.848035
v 11.543571 0.386716 1.435943
v 11.543571 1.458587 1.083098
v 11.157678 0.386716 1.435943
v 10.771786 0.723565 1.325057
v 10.385893 0.897772 1.267710
v 10.000000 0.951262 1.250102
v 9.614107 0.897772 1.267710
v 9.228214 0.723565 1.325057
v 8.842322 0.386716 1.435943
v 8.842322 1.458587 1.083098
v 9.228214 1.458587 1.083098
v 9.614107 1.458587 1.083098
v 10.000000 1.458587 1.083098
v 10.385893 1.458587 1.083098
v 10.771786 1.458587 1.083098
v 11.157678 1.458587 1.083098
v 8.842322 0.638523 2.200880
v 9.228214 0.975371 2.089994
v 9.614107 1.149578 2.032647
v 10.000000 1.203069 2.015039
v 10.385893 1.149578 2.032647
v 10.771786 0.975371 2.089994
v 11.157678 0.638523 2.200880
v 11.157678 1.710394 1.848035
v 10.771786 1.710394 1.848035
v 10.385893 1.710394 1.848035
v 10.000000 1.710394 1.848035
v 9.614107 1.710394 1.848035
v 9.228214 1.710394 1.848035
v 8.842322 1.710394 1.848035
v 8.456429 0.386716 1.435943
v 8.456429 0.386716 1.435943
v 8.456429 0.638523 2.200880
v 8.456429 0.638523 2.200880
v 8.456429 1.710394 1.848035
v 8.456429 1.458587 1.083098
v 8.842322 0.386716 1.435943
v 8.842322 0.386716 1.435943
v 11.543571 1.458587 1.083098
v 11.543571 0.386716 1.435943
v 11.543571 0.386716 1.435943
v 11.543571 0.638523 2.200880
v 11.543571 0.638523 2.200880
v 11.543571 1.710394 1.848035
v 11.157678 0.638523 2.200880
v 11.157678 0.638523 2.200880
v 11.157678 0.386716 1.435943
v 11.157678 0.386716 1.435943
v 10.771786 0.723565 1.325057
v 10.385893 0.897772 1.267710
v 10.000000 0.951262 1.250102
v 9.614107 0.897772 1.267710
v 9.228214 0.723565 1.325057
v 8.842322 0.638523 2.200880
v 8.842322 0.638523 2.200880
v 9.228214 0.975371 2.089994
v 9.614107 1.149578 2.032647
v 10.000000 1.203069 2.015039
v 10.385893 1.149578 2.032647
v 10.771786 0.975371 2.089994
vt 0.872575 0.055471
vt 0.872575 0.007768
vt 0.906618 0.007768
vt 0.906618 0.055471
vt 0.564162 0.804869
vt 0.564162 0.852572
vt 0.547849 0.852572
vt 0.547850 0.804869
vt 0.906618 0.201500
vt 0.906618 0.249202
vt 0.872575 0.249202
vt 0.872575 0.201500
vt 0.496653 0.630959
vt 0.448950 0.630959
vt 0.448950 0.614646
vt 0.496653 0.614646
vt 0.906618 0.185187
vt 0.906618 0.201500
vt 0.872575 0.201500
vt 0.872575 0.185187
vt 0.906618 0.055471
vt 0.906618 0.071784
vt 0.872575 0.071784
vt 0.872575 0.055471
vt 0.906618 0.071784
vt 0.906618 0.093938
vt 0.872575 0.093938
vt 0.872575 0.071784
vt 0.906618 0.112000
vt 0.872575 0.112000
vt 0.906618 0.128485
vt 0.872575 0.128485
vt 0.906618 0.144971
vt 0.872575 0.144971
vt 0.906618 0.163032
vt 0.872575 0.163032
vt 0.906618 0.185187
vt 0.872575 0.185187
vt 0.496653 0.745147
vt 0.448950 0.745147
vt 0.448950 0.728835
vt 0.496653 0.728835
vt 0.448950 0.712522
vt 0.481662 0.712522
vt 0.448950 0.696209
vt 0.473909 0.696209
vt 0.448950 0.679897
vt 0.471528 0.679897
vt 0.448950 0.663584
vt 0.473909 0.663584
vt 0.448950 0.647271
vt 0.481662 0.647271
vt 0.678351 0.804869
vt 0.678351 0.852572
vt 0.662038 0.852572
vt 0.662038 0.804869
vt 0.645726 0.852572
vt 0.645726 0.819860
vt 0.629413 0.852572
vt 0.629413 0.827613
vt 0.613100 0.852572
vt 0.613100 0.829994
vt 0.596788 0.852572
vt 0.596788 0.827613
vt 0.580475 0.852572
vt 0.580475 0.819860
vn -1.0000 0.0000 0.0000
vn 0.0000 -0.3127 -0.9499
vn 1.0000 0.0000 0.0000
vn 0.0000 0.3127 0.9499
vn 0.0000 -0.9499 0.3127
vn 0.6766 -0.6994 0.2302
vn 0.5592 -0.7874 0.2592
vn 0.2900 -0.9090 0.2992
vn -0.2900 -0.9090 0.2992
vn -0.5592 -0.7874 0.2592
vn -0.6766 -0.6994 0.2302
usemtl WoodToy3
s 1
f 6206/6853/3621 6208/6854/3621 6209/6855/3621 6204/6856/3621
f 6220/6857/3622 6189/6858/3622 6212/6859/3622 6213/6860/3622
f 6214/6861/3623 6175/6862/3623 6217/6863/3623 6215/6864/3623
f 6227/6865/3624 6203/6866/3624 6169/6867/3624 6207/6868/3624
f 6176/6869/3625 6174/6870/3625 6216/6871/3625 6218/6872/3625
f 6205/6873/3625 6210/6874/3625 6190/6875/3625 6168/6876/3625
f 6211/6877/3626 6226/6878/3627 6229/6879/3627 6228/6880/3626
f 6226/6878/3627 6225/6881/3628 6230/6882/3628 6229/6879/3627
f 6225/6881/3628 6224/6883/3625 6231/6884/3625 6230/6882/3628
f 6224/6883/3625 6223/6885/3629 6232/6886/3629 6231/6884/3625
f 6223/6885/3629 6222/6887/3630 6233/6888/3630 6232/6886/3629
f 6222/6887/3630 6221/6889/3631 6219/6890/3631 6233/6888/3630
f 6172/6891/3624 6173/6892/3624 6197/6893/3624 6196/6894/3624
f 6196/6894/3624 6197/6893/3624 6198/6895/3624 6195/6896/3624
f 6195/6896/3624 6198/6895/3624 6199/6897/3624 6194/6898/3624
f 6194/6898/3624 6199/6897/3624 6200/6899/3624 6193/6900/3624
f 6193/6900/3624 6200/6899/3624 6201/6901/3624 6192/6902/3624
f 6192/6902/3624 6201/6901/3624 6202/6903/3624 6191/6904/3624
f 6191/6904/3624 6202/6903/3624 6203/6866/3624 6227/6865/3624
f 6170/6905/3622 6171/6906/3622 6183/6907/3622 6182/6908/3622
f 6182/6908/3622 6183/6907/3622 6184/6909/3622 6181/6910/3622
f 6181/6910/3622 6184/6909/3622 6185/6911/3622 6180/6912/3622
f 6180/6912/3622 6185/6911/3622 6186/6913/3622 6179/6914/3622
f 6179/6914/3622 6186/6913/3622 6187/6915/3622 6178/6916/3622
f 6178/6916/3622 6187/6915/3622 6188/6917/3622 6177/6918/3622
f 6177/6918/3622 6188/6917/3622 6189/6858/3622 6220/6857/3622
